cohort,subject_id,timepoint_raw,scan,file_name,path_in_archive,archive,extracted_path,size_bytes,sha256,md5,image_shape,spacing_mm,data_type,label_values,error
africa,BraTS-SSA-00105,000,t1ce,BraTS-SSA-00105-000-t1c.nii.gz,external_brats_africa/PKG - BraTS-Africa/BraTS-Africa/51_OtherNeoplasms/BraTS-SSA-00105-000/BraTS-SSA-00105-000-t1c.nii.gz,external_brats_africa.tar,external_brats_africa/PKG - BraTS-Africa/BraTS-Africa/51_OtherNeoplasms/BraTS-SSA-00105-000/BraTS-SSA-00105-000-t1c.nii.gz,2925367,9568aebd88bdc9a2258e5d4fb9d506a732d85c937abf654af9ef1ae04d9fb7f5,9bfbd34328778a7502e2140f8d013582,240x240x155,1x1x1,float32,,
africa,BraTS-SSA-00105,000,seg,BraTS-SSA-00105-000-seg.nii.gz,external_brats_africa/PKG - BraTS-Africa/BraTS-Africa/51_OtherNeoplasms/BraTS-SSA-00105-000/BraTS-SSA-00105-000-seg.nii.gz,external_brats_africa.tar,external_brats_africa/PKG - BraTS-Africa/BraTS-Africa/51_OtherNeoplasms/BraTS-SSA-00105-000/BraTS-SSA-00105-000-seg.nii.gz,53147,c5af0af3e06b012f3c49fb7b8ece7b470cad224d961093a25ed1dd211c4e42bc,dff451a1623176a6fa3f6e2c7db0ee2a,240x240x155,1x1x1,float32,"0,1,2,3",
africa,BraTS-SSA-00105,000,t1,BraTS-SSA-00105-000-t1n.nii.gz,external_brats_africa/PKG - BraTS-Africa/BraTS-Africa/51_OtherNeoplasms/BraTS-SSA-00105-000/BraTS-SSA-00105-000-t1n.nii.gz,external_brats_africa.tar,external_brats_africa/PKG - BraTS-Africa/BraTS-Africa/51_OtherNeoplasms/BraTS-SSA-00105-000/BraTS-SSA-00105-000-t1n.nii.gz,2981812,b5cdd05aae85628665b736b063b381174874dfdbb6f27396e77071a58d94e7f7,00b2a05ce07b781e470ab637e25c9839,240x240x155,1x1x1,float32,,
africa,BraTS-SSA-00105,000,flair,BraTS-SSA-00105-000-t2f.nii.gz,external_brats_africa/PKG - BraTS-Africa/BraTS-Africa/51_OtherNeoplasms/BraTS-SSA-00105-000/BraTS-SSA-00105-000-t2f.nii.gz,external_brats_africa.tar,external_brats_africa/PKG - BraTS-Africa/BraTS-Africa/51_OtherNeoplasms/BraTS-SSA-00105-000/BraTS-SSA-00105-000-t2f.nii.gz,3074495,aed56d6d78c0e4db191eab08c25dfd8386cfa64643fad1d74be77b58dc34fee6,b9f75b68345f1c35cdf1d715595a834b,240x240x155,1x1x1,float32,,
africa,BraTS-SSA-00105,000,t2,BraTS-SSA-00105-000-t2w.nii.gz,external_brats_africa/PKG - BraTS-Africa/BraTS-Africa/51_OtherNeoplasms/BraTS-SSA-00105-000/BraTS-SSA-00105-000-t2w.nii.gz,external_brats_africa.tar,external_brats_africa/PKG - BraTS-Africa/BraTS-Africa/51_OtherNeoplasms/BraTS-SSA-00105-000/BraTS-SSA-00105-000-t2w.nii.gz,2983517,5ae64c369bc3723d29dbf791e93d0f56254909ac5b71f4bd09e2b67293955680,4a86456cf973b038e2a7aa4b99331ac2,240x240x155,1x1x1,float32,,
africa,BraTS-SSA-00045,000,flair,BraTS-SSA-00045-000-t2f.nii.gz,external_brats_africa/PKG - BraTS-Africa/BraTS-Africa/51_OtherNeoplasms/BraTS-SSA-00045-000/BraTS-SSA-00045-000-t2f.nii.gz,external_brats_africa.tar,external_brats_africa/PKG - BraTS-Africa/BraTS-Africa/51_OtherNeoplasms/BraTS-SSA-00045-000/BraTS-SSA-00045-000-t2f.nii.gz,2731207,3cd481c3141ee91416662a71439392145e9d2ab4e172300306d3fafd49b4795b,b15dea4cce2685f0c7086e5fcc9d58e9,240x240x155,1x1x1,float32,,
africa,BraTS-SSA-00045,000,t2,BraTS-SSA-00045-000-t2w.nii.gz,external_brats_africa/PKG - BraTS-Africa/BraTS-Africa/51_OtherNeoplasms/BraTS-SSA-00045-000/BraTS-SSA-00045-000-t2w.nii.gz,external_brats_africa.tar,external_brats_africa/PKG - BraTS-Africa/BraTS-Africa/51_OtherNeoplasms/BraTS-SSA-00045-000/BraTS-SSA-00045-000-t2w.nii.gz,2906830,f29e88dba520bee549b5192ae35a4abae9bb736d81acc4dd809ac9fe0f840813,7a0d923cff5307a840ad04b351eb7545,240x240x155,1x1x1,float32,,
africa,BraTS-SSA-00045,000,seg,BraTS-SSA-00045-000-seg.nii.gz,external_brats_africa/PKG - BraTS-Africa/BraTS-Africa/51_OtherNeoplasms/BraTS-SSA-00045-000/BraTS-SSA-00045-000-seg.nii.gz,external_brats_africa.tar,external_brats_africa/PKG - BraTS-Africa/BraTS-Africa/51_OtherNeoplasms/BraTS-SSA-00045-000/BraTS-SSA-00045-000-seg.nii.gz,56839,4bc78934e76db2a163aa6d5641d57fb88951cf6431d58e1ee965ba2739f8b6a9,48000fdf8570a63350d8e280081299ca,240x240x155,1x1x1,float32,"0,2,3",
africa,BraTS-SSA-00045,000,t1,BraTS-SSA-00045-000-t1n.nii.gz,external_brats_africa/PKG - BraTS-Africa/BraTS-Africa/51_OtherNeoplasms/BraTS-SSA-00045-000/BraTS-SSA-00045-000-t1n.nii.gz,external_brats_africa.tar,external_brats_africa/PKG - BraTS-Africa/BraTS-Africa/51_OtherNeoplasms/BraTS-SSA-00045-000/BraTS-SSA-00045-000-t1n.nii.gz,2573709,c4554d146e62fff7fc5fb1e120c69e093dc9dc7aa2088fe821496b6b8c502251,c707cb4a33b69e387a59dde26ea89d8f,240x240x155,1x1x1,float32,,
africa,BraTS-SSA-00045,000,t1ce,BraTS-SSA-00045-000-t1c.nii.gz,external_brats_africa/PKG - BraTS-Africa/BraTS-Africa/51_OtherNeoplasms/BraTS-SSA-00045-000/BraTS-SSA-00045-000-t1c.nii.gz,external_brats_africa.tar,external_brats_africa/PKG - BraTS-Africa/BraTS-Africa/51_OtherNeoplasms/BraTS-SSA-00045-000/BraTS-SSA-00045-000-t1c.nii.gz,2598641,7fdc9b16be436f7b03e5e6f2f5225c048ec68c45a84f0bfb4d173eeaf4034ff6,85127bd6a465ffc9c76b49e068c8a694,240x240x155,1x1x1,float32,,
africa,BraTS-SSA-00197,000,t1,BraTS-SSA-00197-000-t1n.nii.gz,external_brats_africa/PKG - BraTS-Africa/BraTS-Africa/51_OtherNeoplasms/BraTS-SSA-00197-000/BraTS-SSA-00197-000-t1n.nii.gz,external_brats_africa.tar,external_brats_africa/PKG - BraTS-Africa/BraTS-Africa/51_OtherNeoplasms/BraTS-SSA-00197-000/BraTS-SSA-00197-000-t1n.nii.gz,2892484,2ec48a1f6c1b7d08d3e7e42737b084a3ac8bb7c16f0753b56c464c7389fcad57,c9965220fc34ebef71bdbbd7f565883e,240x240x155,1x1x1,float32,,
africa,BraTS-SSA-00197,000,seg,BraTS-SSA-00197-000-seg.nii.gz,external_brats_africa/PKG - BraTS-Africa/BraTS-Africa/51_OtherNeoplasms/BraTS-SSA-00197-000/BraTS-SSA-00197-000-seg.nii.gz,external_brats_africa.tar,external_brats_africa/PKG - BraTS-Africa/BraTS-Africa/51_OtherNeoplasms/BraTS-SSA-00197-000/BraTS-SSA-00197-000-seg.nii.gz,53019,226494b45b2305a42592a970227997c90418a5fdc74eb26d8b59eaf040b7a621,18dc0ad618ded2c318f9bd7fab3ba685,240x240x155,1x1x1,float32,"0,1,2,3",
africa,BraTS-SSA-00197,000,flair,BraTS-SSA-00197-000-t2f.nii.gz,external_brats_africa/PKG - BraTS-Africa/BraTS-Africa/51_OtherNeoplasms/BraTS-SSA-00197-000/BraTS-SSA-00197-000-t2f.nii.gz,external_brats_africa.tar,external_brats_africa/PKG - BraTS-Africa/BraTS-Africa/51_OtherNeoplasms/BraTS-SSA-00197-000/BraTS-SSA-00197-000-t2f.nii.gz,3033049,b6f0c67b4d8b547427750cb12471c97d95260a0ea032bedefb60ed736d7da43a,cedb296a681f57cd1b35701bdcde8a20,240x240x155,1x1x1,float32,,
africa,BraTS-SSA-00197,000,t2,BraTS-SSA-00197-000-t2w.nii.gz,external_brats_africa/PKG - BraTS-Africa/BraTS-Africa/51_OtherNeoplasms/BraTS-SSA-00197-000/BraTS-SSA-00197-000-t2w.nii.gz,external_brats_africa.tar,external_brats_africa/PKG - BraTS-Africa/BraTS-Africa/51_OtherNeoplasms/BraTS-SSA-00197-000/BraTS-SSA-00197-000-t2w.nii.gz,3030444,4a23f3ee7c4a12d8b43f934d4ce5d5e62246d522307508793ebfccb6e9bff09f,99255671e18b2cc05a1710b5e445cf88,240x240x155,1x1x1,float32,,
africa,BraTS-SSA-00197,000,t1ce,BraTS-SSA-00197-000-t1c.nii.gz,external_brats_africa/PKG - BraTS-Africa/BraTS-Africa/51_OtherNeoplasms/BraTS-SSA-00197-000/BraTS-SSA-00197-000-t1c.nii.gz,external_brats_africa.tar,external_brats_africa/PKG - BraTS-Africa/BraTS-Africa/51_OtherNeoplasms/BraTS-SSA-00197-000/BraTS-SSA-00197-000-t1c.nii.gz,2899589,80cd3e2f48246814c15e3da3079b0feb81d683fa5ef278af5e54aa587d51889c,5e2bc2fa4bbcdf18c8e77bb21fb75451,240x240x155,1x1x1,float32,,
africa,BraTS-SSA-00196,000,t1,BraTS-SSA-00196-000-t1n.nii.gz,external_brats_africa/PKG - BraTS-Africa/BraTS-Africa/51_OtherNeoplasms/BraTS-SSA-00196-000/BraTS-SSA-00196-000-t1n.nii.gz,external_brats_africa.tar,external_brats_africa/PKG - BraTS-Africa/BraTS-Africa/51_OtherNeoplasms/BraTS-SSA-00196-000/BraTS-SSA-00196-000-t1n.nii.gz,2329305,a98ef868faf3d7165618e464b08c433b01d20366d5858d134438aa49b6a8b73c,0e02283ab905f186ce1612e901ec69c7,240x240x155,1x1x1,float32,,
africa,BraTS-SSA-00196,000,t2,BraTS-SSA-00196-000-t2w.nii.gz,external_brats_africa/PKG - BraTS-Africa/BraTS-Africa/51_OtherNeoplasms/BraTS-SSA-00196-000/BraTS-SSA-00196-000-t2w.nii.gz,external_brats_africa.tar,external_brats_africa/PKG - BraTS-Africa/BraTS-Africa/51_OtherNeoplasms/BraTS-SSA-00196-000/BraTS-SSA-00196-000-t2w.nii.gz,2407555,20e0912d4ccc1193b899e273a5627f0aa156ac4bef657e24b19b697f921547c4,5a47a72339501385e552c9abb6c3a6cb,240x240x155,1x1x1,float32,,
africa,BraTS-SSA-00196,000,seg,BraTS-SSA-00196-000-seg.nii.gz,external_brats_africa/PKG - BraTS-Africa/BraTS-Africa/51_OtherNeoplasms/BraTS-SSA-00196-000/BraTS-SSA-00196-000-seg.nii.gz,external_brats_africa.tar,external_brats_africa/PKG - BraTS-Africa/BraTS-Africa/51_OtherNeoplasms/BraTS-SSA-00196-000/BraTS-SSA-00196-000-seg.nii.gz,42936,7c9df63c0f22716f3211453479cbf15ac4b211237259bfadfb2299e1172f091c,c786cda05155501d0ea57ac56a66ccd2,240x240x155,1x1x1,float32,"0,1,2,3",
africa,BraTS-SSA-00196,000,t1ce,BraTS-SSA-00196-000-t1c.nii.gz,external_brats_africa/PKG - BraTS-Africa/BraTS-Africa/51_OtherNeoplasms/BraTS-SSA-00196-000/BraTS-SSA-00196-000-t1c.nii.gz,external_brats_africa.tar,external_brats_africa/PKG - BraTS-Africa/BraTS-Africa/51_OtherNeoplasms/BraTS-SSA-00196-000/BraTS-SSA-00196-000-t1c.nii.gz,2278653,2485d2b6ac379a20fbd598438a238cf5e8b59c891e9ec658671fc0f79e58fc78,13ccf0db406cf84d92eb844651c93a1b,240x240x155,1x1x1,float32,,
africa,BraTS-SSA-00196,000,flair,BraTS-SSA-00196-000-t2f.nii.gz,external_brats_africa/PKG - BraTS-Africa/BraTS-Africa/51_OtherNeoplasms/BraTS-SSA-00196-000/BraTS-SSA-00196-000-t2f.nii.gz,external_brats_africa.tar,external_brats_africa/PKG - BraTS-Africa/BraTS-Africa/51_OtherNeoplasms/BraTS-SSA-00196-000/BraTS-SSA-00196-000-t2f.nii.gz,2415627,b7bd49658b167f065aa9c464008369bb49d9b06fbe1cece5d35e7503ff9e1758,01a664af203db739ce2954300e3e7edb,240x240x155,1x1x1,float32,,
africa,BraTS-SSA-00187,000,flair,BraTS-SSA-00187-000-t2f.nii.gz,external_brats_africa/PKG - BraTS-Africa/BraTS-Africa/51_OtherNeoplasms/BraTS-SSA-00187-000/BraTS-SSA-00187-000-t2f.nii.gz,external_brats_africa.tar,external_brats_africa/PKG - BraTS-Africa/BraTS-Africa/51_OtherNeoplasms/BraTS-SSA-00187-000/BraTS-SSA-00187-000-t2f.nii.gz,2265224,a281757349a302dd44e68a719859cdbc8f8a7a1f3f2419f91cc5fa6179b5d165,580384c68153d7527a3731317decdbdb,240x240x155,1x1x1,float32,,
africa,BraTS-SSA-00187,000,seg,BraTS-SSA-00187-000-seg.nii.gz,external_brats_africa/PKG - BraTS-Africa/BraTS-Africa/51_OtherNeoplasms/BraTS-SSA-00187-000/BraTS-SSA-00187-000-seg.nii.gz,external_brats_africa.tar,external_brats_africa/PKG - BraTS-Africa/BraTS-Africa/51_OtherNeoplasms/BraTS-SSA-00187-000/BraTS-SSA-00187-000-seg.nii.gz,49630,fe577e0aa5b7f97282570f88e169dd73f98774fcf4426f1c175492f104fdc9f9,62e018c3fb8f1a1c590c3e3204ba93fd,240x240x155,1x1x1,float32,"0,1,2,3",
africa,BraTS-SSA-00187,000,t1ce,BraTS-SSA-00187-000-t1c.nii.gz,external_brats_africa/PKG - BraTS-Africa/BraTS-Africa/51_OtherNeoplasms/BraTS-SSA-00187-000/BraTS-SSA-00187-000-t1c.nii.gz,external_brats_africa.tar,external_brats_africa/PKG - BraTS-Africa/BraTS-Africa/51_OtherNeoplasms/BraTS-SSA-00187-000/BraTS-SSA-00187-000-t1c.nii.gz,2133193,beee0d52e66d5e4b4ade6a694372930e75f7386df65914b1f03b249a466c44ed,012f3e096a70f956fe27e066da68fbfa,240x240x155,1x1x1,float32,,
africa,BraTS-SSA-00187,000,t2,BraTS-SSA-00187-000-t2w.nii.gz,external_brats_africa/PKG - BraTS-Africa/BraTS-Africa/51_OtherNeoplasms/BraTS-SSA-00187-000/BraTS-SSA-00187-000-t2w.nii.gz,external_brats_africa.tar,external_brats_africa/PKG - BraTS-Africa/BraTS-Africa/51_OtherNeoplasms/BraTS-SSA-00187-000/BraTS-SSA-00187-000-t2w.nii.gz,2203794,4e52a62f189e790906b1a0254c7e12e2eb18717065a63368b6b8d1c2a085add7,9b7b5ca7b799eacf09d6ab6e3921e8c9,240x240x155,1x1x1,float32,,
africa,BraTS-SSA-00187,000,t1,BraTS-SSA-00187-000-t1n.nii.gz,external_brats_africa/PKG - BraTS-Africa/BraTS-Africa/51_OtherNeoplasms/BraTS-SSA-00187-000/BraTS-SSA-00187-000-t1n.nii.gz,external_brats_africa.tar,external_brats_africa/PKG - BraTS-Africa/BraTS-Africa/51_OtherNeoplasms/BraTS-SSA-00187-000/BraTS-SSA-00187-000-t1n.nii.gz,2122264,4b53622c44a0c7ad8578b1f2afa1b8733620e08fbc0ffafbe7e866b6257f0d43,03c1ac54a717f025a7c7a7fae54da8f0,240x240x155,1x1x1,float32,,
africa,BraTS-SSA-00151,000,t1,BraTS-SSA-00151-000-t1n.nii.gz,external_brats_africa/PKG - BraTS-Africa/BraTS-Africa/51_OtherNeoplasms/BraTS-SSA-00151-000/BraTS-SSA-00151-000-t1n.nii.gz,external_brats_africa.tar,external_brats_africa/PKG - BraTS-Africa/BraTS-Africa/51_OtherNeoplasms/BraTS-SSA-00151-000/BraTS-SSA-00151-000-t1n.nii.gz,2710635,c82b66118f2d3b6194cfc4a85da1e1a7a8714fbabde5e1af5c2844e7f83c57a6,189ae38c6534ade22156e3070df9087b,240x240x155,1x1x1,float32,,
africa,BraTS-SSA-00151,000,flair,BraTS-SSA-00151-000-t2f.nii.gz,external_brats_africa/PKG - BraTS-Africa/BraTS-Africa/51_OtherNeoplasms/BraTS-SSA-00151-000/BraTS-SSA-00151-000-t2f.nii.gz,external_brats_africa.tar,external_brats_africa/PKG - BraTS-Africa/BraTS-Africa/51_OtherNeoplasms/BraTS-SSA-00151-000/BraTS-SSA-00151-000-t2f.nii.gz,2994471,286e6bcecce05c4114db9fad1caf66eac8fc14530e3b078d7342541da54929be,7c193b293a44c3cea98aefdf95472dd9,240x240x155,1x1x1,float32,,
africa,BraTS-SSA-00151,000,t1ce,BraTS-SSA-00151-000-t1c.nii.gz,external_brats_africa/PKG - BraTS-Africa/BraTS-Africa/51_OtherNeoplasms/BraTS-SSA-00151-000/BraTS-SSA-00151-000-t1c.nii.gz,external_brats_africa.tar,external_brats_africa/PKG - BraTS-Africa/BraTS-Africa/51_OtherNeoplasms/BraTS-SSA-00151-000/BraTS-SSA-00151-000-t1c.nii.gz,2699174,f6308cf9d5d94ba8d7181cb4cd305381e0a97adae88f8b55ad6d086a92369075,f491ec2ea1e096c43319e704d9f11914,240x240x155,1x1x1,float32,,
africa,BraTS-SSA-00151,000,t2,BraTS-SSA-00151-000-t2w.nii.gz,external_brats_africa/PKG - BraTS-Africa/BraTS-Africa/51_OtherNeoplasms/BraTS-SSA-00151-000/BraTS-SSA-00151-000-t2w.nii.gz,external_brats_africa.tar,external_brats_africa/PKG - BraTS-Africa/BraTS-Africa/51_OtherNeoplasms/BraTS-SSA-00151-000/BraTS-SSA-00151-000-t2w.nii.gz,2897030,233a65e3c476faef8e78c72b47352b374b91829bc43219d880aa2497e06f9a84,41ac38f35ab4d8f4199fe6932619899a,240x240x155,1x1x1,float32,,
africa,BraTS-SSA-00151,000,seg,BraTS-SSA-00151-000-seg.nii.gz,external_brats_africa/PKG - BraTS-Africa/BraTS-Africa/51_OtherNeoplasms/BraTS-SSA-00151-000/BraTS-SSA-00151-000-seg.nii.gz,external_brats_africa.tar,external_brats_africa/PKG - BraTS-Africa/BraTS-Africa/51_OtherNeoplasms/BraTS-SSA-00151-000/BraTS-SSA-00151-000-seg.nii.gz,46562,1c895d192b77545b5e0db30ce4bf70a598295aff65251295de28f8cbc38a94fc,7acac394a1adbea145a2ff2f1fa7911e,240x240x155,1x1x1,float32,"0,1,2,3",
africa,BraTS-SSA-00224,000,seg,BraTS-SSA-00224-000-seg.nii.gz,external_brats_africa/PKG - BraTS-Africa/BraTS-Africa/51_OtherNeoplasms/BraTS-SSA-00224-000/BraTS-SSA-00224-000-seg.nii.gz,external_brats_africa.tar,external_brats_africa/PKG - BraTS-Africa/BraTS-Africa/51_OtherNeoplasms/BraTS-SSA-00224-000/BraTS-SSA-00224-000-seg.nii.gz,67538,f4f4e351b3a691985c944143b95b2a9035f02ba968b6bc0ece26517d4d3b38e5,3ac962a2970148255a7dfce8ba53a26e,240x240x155,1x1x1,float32,"0,1,2,3",
africa,BraTS-SSA-00224,000,t1,BraTS-SSA-00224-000-t1n.nii.gz,external_brats_africa/PKG - BraTS-Africa/BraTS-Africa/51_OtherNeoplasms/BraTS-SSA-00224-000/BraTS-SSA-00224-000-t1n.nii.gz,external_brats_africa.tar,external_brats_africa/PKG - BraTS-Africa/BraTS-Africa/51_OtherNeoplasms/BraTS-SSA-00224-000/BraTS-SSA-00224-000-t1n.nii.gz,2178086,324c31081838e76ba8db8e9627038ebd6117c74875241a60b5722705f59e11c6,9fd10b89dd038a495225c43b32409fe4,240x240x155,1x1x1,float32,,
africa,BraTS-SSA-00224,000,t1ce,BraTS-SSA-00224-000-t1c.nii.gz,external_brats_africa/PKG - BraTS-Africa/BraTS-Africa/51_OtherNeoplasms/BraTS-SSA-00224-000/BraTS-SSA-00224-000-t1c.nii.gz,external_brats_africa.tar,external_brats_africa/PKG - BraTS-Africa/BraTS-Africa/51_OtherNeoplasms/BraTS-SSA-00224-000/BraTS-SSA-00224-000-t1c.nii.gz,2625218,14f27067f32aef415b2e723487e43d9aa126a2ca69d6e55fd7b2bdb63527fdd3,8aa930a858c631a71aee8240d1a2f4ed,240x240x155,1x1x1,float32,,
africa,BraTS-SSA-00224,000,t2,BraTS-SSA-00224-000-t2w.nii.gz,external_brats_africa/PKG - BraTS-Africa/BraTS-Africa/51_OtherNeoplasms/BraTS-SSA-00224-000/BraTS-SSA-00224-000-t2w.nii.gz,external_brats_africa.tar,external_brats_africa/PKG - BraTS-Africa/BraTS-Africa/51_OtherNeoplasms/BraTS-SSA-00224-000/BraTS-SSA-00224-000-t2w.nii.gz,2267615,09474fe0380733c5eae30e2e257bfb91b4b26f7487bc620fd844e8ce71a6b22c,1ac46d1d69cb54d397d66a9a50e474be,240x240x155,1x1x1,float32,,
africa,BraTS-SSA-00224,000,flair,BraTS-SSA-00224-000-t2f.nii.gz,external_brats_africa/PKG - BraTS-Africa/BraTS-Africa/51_OtherNeoplasms/BraTS-SSA-00224-000/BraTS-SSA-00224-000-t2f.nii.gz,external_brats_africa.tar,external_brats_africa/PKG - BraTS-Africa/BraTS-Africa/51_OtherNeoplasms/BraTS-SSA-00224-000/BraTS-SSA-00224-000-t2f.nii.gz,2546156,63691fbaace49cccdd7dcc24c87800ef2863d212329fe0da35f6f25087e2a7c1,9925119b95dff06ca42b2af0de6631eb,240x240x155,1x1x1,float32,,
africa,BraTS-SSA-00165,000,seg,BraTS-SSA-00165-000-seg.nii.gz,external_brats_africa/PKG - BraTS-Africa/BraTS-Africa/51_OtherNeoplasms/BraTS-SSA-00165-000/BraTS-SSA-00165-000-seg.nii.gz,external_brats_africa.tar,external_brats_africa/PKG - BraTS-Africa/BraTS-Africa/51_OtherNeoplasms/BraTS-SSA-00165-000/BraTS-SSA-00165-000-seg.nii.gz,54215,f7da076359d806106ae29952adfa695114557060afdc585fcfdbd8dd8d3745d0,7706e13e06673b9c37a8c451f5855647,240x240x155,1x1x1,float32,"0,1,2,3",
africa,BraTS-SSA-00165,000,t1ce,BraTS-SSA-00165-000-t1c.nii.gz,external_brats_africa/PKG - BraTS-Africa/BraTS-Africa/51_OtherNeoplasms/BraTS-SSA-00165-000/BraTS-SSA-00165-000-t1c.nii.gz,external_brats_africa.tar,external_brats_africa/PKG - BraTS-Africa/BraTS-Africa/51_OtherNeoplasms/BraTS-SSA-00165-000/BraTS-SSA-00165-000-t1c.nii.gz,2491880,4ada2566597ff695896dca8814d187aa109bbe2c905c3247e01173bef5a04669,d85a2ee6189347f115b76000381fa8c8,240x240x155,1x1x1,float32,,
africa,BraTS-SSA-00165,000,t2,BraTS-SSA-00165-000-t2w.nii.gz,external_brats_africa/PKG - BraTS-Africa/BraTS-Africa/51_OtherNeoplasms/BraTS-SSA-00165-000/BraTS-SSA-00165-000-t2w.nii.gz,external_brats_africa.tar,external_brats_africa/PKG - BraTS-Africa/BraTS-Africa/51_OtherNeoplasms/BraTS-SSA-00165-000/BraTS-SSA-00165-000-t2w.nii.gz,2610587,a98f89581c2cd0b9090570913704dd936ab6086f2bb1b25d548e470aa1b2db21,d77b0a5a29c3e82817182c006823658a,240x240x155,1x1x1,float32,,
africa,BraTS-SSA-00165,000,flair,BraTS-SSA-00165-000-t2f.nii.gz,external_brats_africa/PKG - BraTS-Africa/BraTS-Africa/51_OtherNeoplasms/BraTS-SSA-00165-000/BraTS-SSA-00165-000-t2f.nii.gz,external_brats_africa.tar,external_brats_africa/PKG - BraTS-Africa/BraTS-Africa/51_OtherNeoplasms/BraTS-SSA-00165-000/BraTS-SSA-00165-000-t2f.nii.gz,2650840,140951b0eb8b240a86f16f6f27bb23f80d31a7538f7c4679c487dd5b349f426d,83f8bb8d337944720056fb53d72de7e0,240x240x155,1x1x1,float32,,
africa,BraTS-SSA-00165,000,t1,BraTS-SSA-00165-000-t1n.nii.gz,external_brats_africa/PKG - BraTS-Africa/BraTS-Africa/51_OtherNeoplasms/BraTS-SSA-00165-000/BraTS-SSA-00165-000-t1n.nii.gz,external_brats_africa.tar,external_brats_africa/PKG - BraTS-Africa/BraTS-Africa/51_OtherNeoplasms/BraTS-SSA-00165-000/BraTS-SSA-00165-000-t1n.nii.gz,2523326,2b13b82c8d256bd7f499434124cd05f02b1a9d72c9e4c41cab881c2de815d779,2337396a5b4e2d55ef68ea55996642b1,240x240x155,1x1x1,float32,,
africa,BraTS-SSA-00156,000,seg,BraTS-SSA-00156-000-seg.nii.gz,external_brats_africa/PKG - BraTS-Africa/BraTS-Africa/51_OtherNeoplasms/BraTS-SSA-00156-000/BraTS-SSA-00156-000-seg.nii.gz,external_brats_africa.tar,external_brats_africa/PKG - BraTS-Africa/BraTS-Africa/51_OtherNeoplasms/BraTS-SSA-00156-000/BraTS-SSA-00156-000-seg.nii.gz,69427,9032667e22b5bfcceece545cd321e7625b830e2f90a5badc75960d7bdc65dc42,d52986cb859acfbc2114245464c92217,240x240x155,1x1x1,float32,"0,1,2,3",
africa,BraTS-SSA-00156,000,t1,BraTS-SSA-00156-000-t1n.nii.gz,external_brats_africa/PKG - BraTS-Africa/BraTS-Africa/51_OtherNeoplasms/BraTS-SSA-00156-000/BraTS-SSA-00156-000-t1n.nii.gz,external_brats_africa.tar,external_brats_africa/PKG - BraTS-Africa/BraTS-Africa/51_OtherNeoplasms/BraTS-SSA-00156-000/BraTS-SSA-00156-000-t1n.nii.gz,2416075,9ce22d70b9b917d6fc0ea44569efaf0cf0b8c5d52e91d2279b7c2e1b8e8c26a6,c8081ffbe0e990f5ab1f85779cc9ec09,240x240x155,1x1x1,float32,,
africa,BraTS-SSA-00156,000,t1ce,BraTS-SSA-00156-000-t1c.nii.gz,external_brats_africa/PKG - BraTS-Africa/BraTS-Africa/51_OtherNeoplasms/BraTS-SSA-00156-000/BraTS-SSA-00156-000-t1c.nii.gz,external_brats_africa.tar,external_brats_africa/PKG - BraTS-Africa/BraTS-Africa/51_OtherNeoplasms/BraTS-SSA-00156-000/BraTS-SSA-00156-000-t1c.nii.gz,2395192,a4006cc51eb41249a903f6ec5a4e4a98c2e13d7cf2c6d3e8f8702367ee767da2,acba083718794cd91b8d6e57e6362368,240x240x155,1x1x1,float32,,
africa,BraTS-SSA-00156,000,t2,BraTS-SSA-00156-000-t2w.nii.gz,external_brats_africa/PKG - BraTS-Africa/BraTS-Africa/51_OtherNeoplasms/BraTS-SSA-00156-000/BraTS-SSA-00156-000-t2w.nii.gz,external_brats_africa.tar,external_brats_africa/PKG - BraTS-Africa/BraTS-Africa/51_OtherNeoplasms/BraTS-SSA-00156-000/BraTS-SSA-00156-000-t2w.nii.gz,2467645,4c2aa726ab0cc24a107f7c9ebe72f84147c6ff89e1450059be87bc35c94494a2,2a4fa769a6d9108cbe0336ba1e938a3c,240x240x155,1x1x1,float32,,
africa,BraTS-SSA-00156,000,flair,BraTS-SSA-00156-000-t2f.nii.gz,external_brats_africa/PKG - BraTS-Africa/BraTS-Africa/51_OtherNeoplasms/BraTS-SSA-00156-000/BraTS-SSA-00156-000-t2f.nii.gz,external_brats_africa.tar,external_brats_africa/PKG - BraTS-Africa/BraTS-Africa/51_OtherNeoplasms/BraTS-SSA-00156-000/BraTS-SSA-00156-000-t2f.nii.gz,2583624,cbde793a3cd590947c6aaa98de31c8cc873649954121359af5e1525c1889af85,5336e51f4b43bcacd907c8fd2c71c257,240x240x155,1x1x1,float32,,
africa,BraTS-SSA-00191,000,flair,BraTS-SSA-00191-000-t2f.nii.gz,external_brats_africa/PKG - BraTS-Africa/BraTS-Africa/51_OtherNeoplasms/BraTS-SSA-00191-000/BraTS-SSA-00191-000-t2f.nii.gz,external_brats_africa.tar,external_brats_africa/PKG - BraTS-Africa/BraTS-Africa/51_OtherNeoplasms/BraTS-SSA-00191-000/BraTS-SSA-00191-000-t2f.nii.gz,3008833,169bf91b87f89709b9d842a516186dc8a2dbbfc48fd59e43dbe762b3005b77b8,f2f198dfc8c026ce919a3e2f02cc8c0e,240x240x155,1x1x1,float32,,
africa,BraTS-SSA-00191,000,t1,BraTS-SSA-00191-000-t1n.nii.gz,external_brats_africa/PKG - BraTS-Africa/BraTS-Africa/51_OtherNeoplasms/BraTS-SSA-00191-000/BraTS-SSA-00191-000-t1n.nii.gz,external_brats_africa.tar,external_brats_africa/PKG - BraTS-Africa/BraTS-Africa/51_OtherNeoplasms/BraTS-SSA-00191-000/BraTS-SSA-00191-000-t1n.nii.gz,2922280,8b8fcc0146384ad2538309448b051f12e24c60b07c2ed726d25b1a5006348196,8801a7707aedfd69af15d09336fde22a,240x240x155,1x1x1,float32,,
africa,BraTS-SSA-00191,000,t2,BraTS-SSA-00191-000-t2w.nii.gz,external_brats_africa/PKG - BraTS-Africa/BraTS-Africa/51_OtherNeoplasms/BraTS-SSA-00191-000/BraTS-SSA-00191-000-t2w.nii.gz,external_brats_africa.tar,external_brats_africa/PKG - BraTS-Africa/BraTS-Africa/51_OtherNeoplasms/BraTS-SSA-00191-000/BraTS-SSA-00191-000-t2w.nii.gz,3018731,b418cf8dec367c3e70990302e02398127e8cdfef84a3e4e17e7879dc481efccf,f9a4af38d9d0d80b838a709ccfd57cc9,240x240x155,1x1x1,float32,,
africa,BraTS-SSA-00191,000,seg,BraTS-SSA-00191-000-seg.nii.gz,external_brats_africa/PKG - BraTS-Africa/BraTS-Africa/51_OtherNeoplasms/BraTS-SSA-00191-000/BraTS-SSA-00191-000-seg.nii.gz,external_brats_africa.tar,external_brats_africa/PKG - BraTS-Africa/BraTS-Africa/51_OtherNeoplasms/BraTS-SSA-00191-000/BraTS-SSA-00191-000-seg.nii.gz,49829,9ab2b74a1d02a17b5db6e95c10f845c5e0b181b6e838d6d96ff5dbe1e39c6fc9,0b2fe53597795124f8ee3a441ecb1050,240x240x155,1x1x1,float32,"0,1,2,3",
africa,BraTS-SSA-00191,000,t1ce,BraTS-SSA-00191-000-t1c.nii.gz,external_brats_africa/PKG - BraTS-Africa/BraTS-Africa/51_OtherNeoplasms/BraTS-SSA-00191-000/BraTS-SSA-00191-000-t1c.nii.gz,external_brats_africa.tar,external_brats_africa/PKG - BraTS-Africa/BraTS-Africa/51_OtherNeoplasms/BraTS-SSA-00191-000/BraTS-SSA-00191-000-t1c.nii.gz,2901147,453349dfba5effdb6f4802cc803ce59c07155f5459df71f6879b3baad6b95140,a12297b18848971271db5c2e62c2a270,240x240x155,1x1x1,float32,,
africa,BraTS-SSA-00147,000,t2,BraTS-SSA-00147-000-t2w.nii.gz,external_brats_africa/PKG - BraTS-Africa/BraTS-Africa/51_OtherNeoplasms/BraTS-SSA-00147-000/BraTS-SSA-00147-000-t2w.nii.gz,external_brats_africa.tar,external_brats_africa/PKG - BraTS-Africa/BraTS-Africa/51_OtherNeoplasms/BraTS-SSA-00147-000/BraTS-SSA-00147-000-t2w.nii.gz,2937013,452a27d1be18c40c2907f99b222bf3ce46a08bac94fa45c0f5143bda4e089aea,29972f8db36fbed7f3593b18347a3a21,240x240x155,1x1x1,float32,,
africa,BraTS-SSA-00147,000,t1ce,BraTS-SSA-00147-000-t1c.nii.gz,external_brats_africa/PKG - BraTS-Africa/BraTS-Africa/51_OtherNeoplasms/BraTS-SSA-00147-000/BraTS-SSA-00147-000-t1c.nii.gz,external_brats_africa.tar,external_brats_africa/PKG - BraTS-Africa/BraTS-Africa/51_OtherNeoplasms/BraTS-SSA-00147-000/BraTS-SSA-00147-000-t1c.nii.gz,2833482,8c798200d6908a5654a98bd78cdd9c1829b96c935001ad9bcd0d4672fd7c7f77,6598542497aa653d0cf7c754123d53ba,240x240x155,1x1x1,float32,,
africa,BraTS-SSA-00147,000,t1,BraTS-SSA-00147-000-t1n.nii.gz,external_brats_africa/PKG - BraTS-Africa/BraTS-Africa/51_OtherNeoplasms/BraTS-SSA-00147-000/BraTS-SSA-00147-000-t1n.nii.gz,external_brats_africa.tar,external_brats_africa/PKG - BraTS-Africa/BraTS-Africa/51_OtherNeoplasms/BraTS-SSA-00147-000/BraTS-SSA-00147-000-t1n.nii.gz,2809501,fc055d33c8476fb6e8adf58f388fc53488ac3ef426ea348e3e9aafb64d2e042f,113feaf599a989216b1b3d90ba67160b,240x240x155,1x1x1,float32,,
africa,BraTS-SSA-00147,000,seg,BraTS-SSA-00147-000-seg.nii.gz,external_brats_africa/PKG - BraTS-Africa/BraTS-Africa/51_OtherNeoplasms/BraTS-SSA-00147-000/BraTS-SSA-00147-000-seg.nii.gz,external_brats_africa.tar,external_brats_africa/PKG - BraTS-Africa/BraTS-Africa/51_OtherNeoplasms/BraTS-SSA-00147-000/BraTS-SSA-00147-000-seg.nii.gz,49624,4d96c970c9b5a4eb0db95e154b2c4e1bbc647164ddd1ada42e4879dbad59a9e0,2b25b3fd9fdfa018cab899cd8c711481,240x240x155,1x1x1,float32,"0,1,2,3",
africa,BraTS-SSA-00147,000,flair,BraTS-SSA-00147-000-t2f.nii.gz,external_brats_africa/PKG - BraTS-Africa/BraTS-Africa/51_OtherNeoplasms/BraTS-SSA-00147-000/BraTS-SSA-00147-000-t2f.nii.gz,external_brats_africa.tar,external_brats_africa/PKG - BraTS-Africa/BraTS-Africa/51_OtherNeoplasms/BraTS-SSA-00147-000/BraTS-SSA-00147-000-t2f.nii.gz,2954652,c58a16b6f6c93eb09249de09741c349a06ff22c3cc1d4db3644313407a822ed4,c00f6b0d40e8adab0f6b3aa819462f03,240x240x155,1x1x1,float32,,
africa,BraTS-SSA-00089,000,flair,BraTS-SSA-00089-000-t2f.nii.gz,external_brats_africa/PKG - BraTS-Africa/BraTS-Africa/51_OtherNeoplasms/BraTS-SSA-00089-000/BraTS-SSA-00089-000-t2f.nii.gz,external_brats_africa.tar,external_brats_africa/PKG - BraTS-Africa/BraTS-Africa/51_OtherNeoplasms/BraTS-SSA-00089-000/BraTS-SSA-00089-000-t2f.nii.gz,5023083,85fc5b07c421ae55a50301852a5e3125df452eab952252ab3f52600bae0127c5,0ae963b455a0d69e9ef548a42fcd1dd9,240x240x155,1x1x1,float32,,
africa,BraTS-SSA-00089,000,t1ce,BraTS-SSA-00089-000-t1c.nii.gz,external_brats_africa/PKG - BraTS-Africa/BraTS-Africa/51_OtherNeoplasms/BraTS-SSA-00089-000/BraTS-SSA-00089-000-t1c.nii.gz,external_brats_africa.tar,external_brats_africa/PKG - BraTS-Africa/BraTS-Africa/51_OtherNeoplasms/BraTS-SSA-00089-000/BraTS-SSA-00089-000-t1c.nii.gz,5069478,705e2a430ac91677cd66784d8d66cd3adb6421a124f5a4b1f2eb21055af17fbf,3a8b60d1784a1a5af6efccea4059f848,240x240x155,1x1x1,float32,,
africa,BraTS-SSA-00089,000,t2,BraTS-SSA-00089-000-t2w.nii.gz,external_brats_africa/PKG - BraTS-Africa/BraTS-Africa/51_OtherNeoplasms/BraTS-SSA-00089-000/BraTS-SSA-00089-000-t2w.nii.gz,external_brats_africa.tar,external_brats_africa/PKG - BraTS-Africa/BraTS-Africa/51_OtherNeoplasms/BraTS-SSA-00089-000/BraTS-SSA-00089-000-t2w.nii.gz,5081718,d78aa2e20b2c9855ff3edeaab239b1ed52fa72fc4b8516d64765419d34aa2ca9,6ae1dfd7ddfb0f462e39f9998d42cee7,240x240x155,1x1x1,float32,,
africa,BraTS-SSA-00089,000,seg,BraTS-SSA-00089-000-seg.nii.gz,external_brats_africa/PKG - BraTS-Africa/BraTS-Africa/51_OtherNeoplasms/BraTS-SSA-00089-000/BraTS-SSA-00089-000-seg.nii.gz,external_brats_africa.tar,external_brats_africa/PKG - BraTS-Africa/BraTS-Africa/51_OtherNeoplasms/BraTS-SSA-00089-000/BraTS-SSA-00089-000-seg.nii.gz,67606,05eb4210f8ea3bdfceb5324d52d8c98445b69f58d083280f17f5af1bb205d8af,44c2351210cfa60057d99f24a65b64e2,240x240x155,1x1x1,float32,"0,1,2,3",
africa,BraTS-SSA-00089,000,t1,BraTS-SSA-00089-000-t1n.nii.gz,external_brats_africa/PKG - BraTS-Africa/BraTS-Africa/51_OtherNeoplasms/BraTS-SSA-00089-000/BraTS-SSA-00089-000-t1n.nii.gz,external_brats_africa.tar,external_brats_africa/PKG - BraTS-Africa/BraTS-Africa/51_OtherNeoplasms/BraTS-SSA-00089-000/BraTS-SSA-00089-000-t1n.nii.gz,5070613,1f4a306b0393d0e19f3d7f91a3f5771f653a4748f88a38990a94fee60366a75b,30103476e84ef8c85d01869a556cb645,240x240x155,1x1x1,float32,,
africa,BraTS-SSA-00203,000,flair,BraTS-SSA-00203-000-t2f.nii.gz,external_brats_africa/PKG - BraTS-Africa/BraTS-Africa/51_OtherNeoplasms/BraTS-SSA-00203-000/BraTS-SSA-00203-000-t2f.nii.gz,external_brats_africa.tar,external_brats_africa/PKG - BraTS-Africa/BraTS-Africa/51_OtherNeoplasms/BraTS-SSA-00203-000/BraTS-SSA-00203-000-t2f.nii.gz,2911663,a28e0fee5d84ff5ac7ace319adaea42cd9729e16029ddd337c0c091f4f488065,26264b2c47976a8dbb35cb3d03591529,240x240x155,1x1x1,float32,,
africa,BraTS-SSA-00203,000,t1ce,BraTS-SSA-00203-000-t1c.nii.gz,external_brats_africa/PKG - BraTS-Africa/BraTS-Africa/51_OtherNeoplasms/BraTS-SSA-00203-000/BraTS-SSA-00203-000-t1c.nii.gz,external_brats_africa.tar,external_brats_africa/PKG - BraTS-Africa/BraTS-Africa/51_OtherNeoplasms/BraTS-SSA-00203-000/BraTS-SSA-00203-000-t1c.nii.gz,2878047,4b52589e5f415a5bdc291008043fa18b17e197478e68e9ca5232ae04b59d9822,2f9fd5b03affde403cf077dcbcedef7c,240x240x155,1x1x1,float32,,
africa,BraTS-SSA-00203,000,t1,BraTS-SSA-00203-000-t1n.nii.gz,external_brats_africa/PKG - BraTS-Africa/BraTS-Africa/51_OtherNeoplasms/BraTS-SSA-00203-000/BraTS-SSA-00203-000-t1n.nii.gz,external_brats_africa.tar,external_brats_africa/PKG - BraTS-Africa/BraTS-Africa/51_OtherNeoplasms/BraTS-SSA-00203-000/BraTS-SSA-00203-000-t1n.nii.gz,2901661,31ff57714ea366fea2692e02bf41ceb1b6ea741364beaab8bc3145da0be5b614,acbd07f75c875f4dc6a51f91796f9e47,240x240x155,1x1x1,float32,,
africa,BraTS-SSA-00203,000,seg,BraTS-SSA-00203-000-seg.nii.gz,external_brats_africa/PKG - BraTS-Africa/BraTS-Africa/51_OtherNeoplasms/BraTS-SSA-00203-000/BraTS-SSA-00203-000-seg.nii.gz,external_brats_africa.tar,external_brats_africa/PKG - BraTS-Africa/BraTS-Africa/51_OtherNeoplasms/BraTS-SSA-00203-000/BraTS-SSA-00203-000-seg.nii.gz,73720,2b7e33eac7edf5585592125b25cb0145c7d6a4bf1553f6a287d177e0bba86060,a91f51663f3ce4182798aa9cbe052450,240x240x155,1x1x1,float32,"0,1,2,3",
africa,BraTS-SSA-00203,000,t2,BraTS-SSA-00203-000-t2w.nii.gz,external_brats_africa/PKG - BraTS-Africa/BraTS-Africa/51_OtherNeoplasms/BraTS-SSA-00203-000/BraTS-SSA-00203-000-t2w.nii.gz,external_brats_africa.tar,external_brats_africa/PKG - BraTS-Africa/BraTS-Africa/51_OtherNeoplasms/BraTS-SSA-00203-000/BraTS-SSA-00203-000-t2w.nii.gz,3068341,a3d6da1a243a46178dcf4b8d45bfff6a2573c7fc214d1f1cbaf1501cf9260dca,219ce0767c03766f24a17e27bafff6f1,240x240x155,1x1x1,float32,,
africa,BraTS-SSA-00193,000,t1ce,BraTS-SSA-00193-000-t1c.nii.gz,external_brats_africa/PKG - BraTS-Africa/BraTS-Africa/51_OtherNeoplasms/BraTS-SSA-00193-000/BraTS-SSA-00193-000-t1c.nii.gz,external_brats_africa.tar,external_brats_africa/PKG - BraTS-Africa/BraTS-Africa/51_OtherNeoplasms/BraTS-SSA-00193-000/BraTS-SSA-00193-000-t1c.nii.gz,2674960,2e440d53ce9b1827641bc9d1cc05e5e287a7b789ed059b7207a6008c4d9de5a8,edc96ff17e788cfea8885f439e3284d9,240x240x155,1x1x1,float32,,
africa,BraTS-SSA-00193,000,seg,BraTS-SSA-00193-000-seg.nii.gz,external_brats_africa/PKG - BraTS-Africa/BraTS-Africa/51_OtherNeoplasms/BraTS-SSA-00193-000/BraTS-SSA-00193-000-seg.nii.gz,external_brats_africa.tar,external_brats_africa/PKG - BraTS-Africa/BraTS-Africa/51_OtherNeoplasms/BraTS-SSA-00193-000/BraTS-SSA-00193-000-seg.nii.gz,45427,f38d327578c0d37a356008497f6786854530e1c30609593dbf2b0477e7ebbf6a,ad4d813bcedc5868c8727e23c1061927,240x240x155,1x1x1,float32,"0,1,2,3",
africa,BraTS-SSA-00193,000,t2,BraTS-SSA-00193-000-t2w.nii.gz,external_brats_africa/PKG - BraTS-Africa/BraTS-Africa/51_OtherNeoplasms/BraTS-SSA-00193-000/BraTS-SSA-00193-000-t2w.nii.gz,external_brats_africa.tar,external_brats_africa/PKG - BraTS-Africa/BraTS-Africa/51_OtherNeoplasms/BraTS-SSA-00193-000/BraTS-SSA-00193-000-t2w.nii.gz,2797161,4713261fe1e7217342c0d5f38412c5c90402c6fe8a19577d46f78f7899efb269,089c941aef7620a5886446d73dcd2589,240x240x155,1x1x1,float32,,
africa,BraTS-SSA-00193,000,flair,BraTS-SSA-00193-000-t2f.nii.gz,external_brats_africa/PKG - BraTS-Africa/BraTS-Africa/51_OtherNeoplasms/BraTS-SSA-00193-000/BraTS-SSA-00193-000-t2f.nii.gz,external_brats_africa.tar,external_brats_africa/PKG - BraTS-Africa/BraTS-Africa/51_OtherNeoplasms/BraTS-SSA-00193-000/BraTS-SSA-00193-000-t2f.nii.gz,2798054,02caf3026e7772103bd0d138db19a87b4f341ebce884d26ab78ed53cc4f52a41,97bfa6d01c026eccac8d826d145024e4,240x240x155,1x1x1,float32,,
africa,BraTS-SSA-00193,000,t1,BraTS-SSA-00193-000-t1n.nii.gz,external_brats_africa/PKG - BraTS-Africa/BraTS-Africa/51_OtherNeoplasms/BraTS-SSA-00193-000/BraTS-SSA-00193-000-t1n.nii.gz,external_brats_africa.tar,external_brats_africa/PKG - BraTS-Africa/BraTS-Africa/51_OtherNeoplasms/BraTS-SSA-00193-000/BraTS-SSA-00193-000-t1n.nii.gz,2680897,8371fc3023e56bce509cf412ffa36bf681768f4837494871495ebc8917ea2256,a93894f144ada33e85d2e0e47e8a14af,240x240x155,1x1x1,float32,,
africa,BraTS-SSA-00186,000,t2,BraTS-SSA-00186-000-t2w.nii.gz,external_brats_africa/PKG - BraTS-Africa/BraTS-Africa/51_OtherNeoplasms/BraTS-SSA-00186-000/BraTS-SSA-00186-000-t2w.nii.gz,external_brats_africa.tar,external_brats_africa/PKG - BraTS-Africa/BraTS-Africa/51_OtherNeoplasms/BraTS-SSA-00186-000/BraTS-SSA-00186-000-t2w.nii.gz,2690038,c93a028d4ff791e7ae57cb4b8b1b1527a852a5760c7245c53f8d648ce819a58c,3d41723ca5a5110ef8a6834c945f553d,240x240x155,1x1x1,float32,,
africa,BraTS-SSA-00186,000,t1,BraTS-SSA-00186-000-t1n.nii.gz,external_brats_africa/PKG - BraTS-Africa/BraTS-Africa/51_OtherNeoplasms/BraTS-SSA-00186-000/BraTS-SSA-00186-000-t1n.nii.gz,external_brats_africa.tar,external_brats_africa/PKG - BraTS-Africa/BraTS-Africa/51_OtherNeoplasms/BraTS-SSA-00186-000/BraTS-SSA-00186-000-t1n.nii.gz,2598933,0f58ada7b14121198fd4f09715a7fbb8e68c5c475c443f3b2f88c069c07ed573,237d7e52968c48bda8428e8389849603,240x240x155,1x1x1,float32,,
africa,BraTS-SSA-00186,000,t1ce,BraTS-SSA-00186-000-t1c.nii.gz,external_brats_africa/PKG - BraTS-Africa/BraTS-Africa/51_OtherNeoplasms/BraTS-SSA-00186-000/BraTS-SSA-00186-000-t1c.nii.gz,external_brats_africa.tar,external_brats_africa/PKG - BraTS-Africa/BraTS-Africa/51_OtherNeoplasms/BraTS-SSA-00186-000/BraTS-SSA-00186-000-t1c.nii.gz,2638082,de42d1f8ff0c8537d1ee6719efae4f5f8587f0bbba3e684b345fa65b481d765e,44061ec9707d9ca338f89c2125780391,240x240x155,1x1x1,float32,,
africa,BraTS-SSA-00186,000,seg,BraTS-SSA-00186-000-seg.nii.gz,external_brats_africa/PKG - BraTS-Africa/BraTS-Africa/51_OtherNeoplasms/BraTS-SSA-00186-000/BraTS-SSA-00186-000-seg.nii.gz,external_brats_africa.tar,external_brats_africa/PKG - BraTS-Africa/BraTS-Africa/51_OtherNeoplasms/BraTS-SSA-00186-000/BraTS-SSA-00186-000-seg.nii.gz,51511,06a3d6e5ba6e9733fe844a9bc4a2fe9d1a6e3341297ba138bf3540e6b03e5acf,c2ee24e5dd0904ac6108e62948fbfa06,240x240x155,1x1x1,float32,"0,1,2,3",
africa,BraTS-SSA-00186,000,flair,BraTS-SSA-00186-000-t2f.nii.gz,external_brats_africa/PKG - BraTS-Africa/BraTS-Africa/51_OtherNeoplasms/BraTS-SSA-00186-000/BraTS-SSA-00186-000-t2f.nii.gz,external_brats_africa.tar,external_brats_africa/PKG - BraTS-Africa/BraTS-Africa/51_OtherNeoplasms/BraTS-SSA-00186-000/BraTS-SSA-00186-000-t2f.nii.gz,2812298,f202adf6e29784ac144489beaaf33eeb0b963cdc13be316d1505f22b7f286317,8f61259a665f6962551094a49a453857,240x240x155,1x1x1,float32,,
africa,BraTS-SSA-00073,000,seg,BraTS-SSA-00073-000-seg.nii.gz,external_brats_africa/PKG - BraTS-Africa/BraTS-Africa/51_OtherNeoplasms/BraTS-SSA-00073-000/BraTS-SSA-00073-000-seg.nii.gz,external_brats_africa.tar,external_brats_africa/PKG - BraTS-Africa/BraTS-Africa/51_OtherNeoplasms/BraTS-SSA-00073-000/BraTS-SSA-00073-000-seg.nii.gz,43007,caff1e7c594c8775df9bcbbaeca9288b8866278985b18102453e06c0eb695926,9456fcabef3a86cbb74b71f3db48950f,240x240x155,1x1x1,float32,"0,1,2",
africa,BraTS-SSA-00073,000,t1ce,BraTS-SSA-00073-000-t1c.nii.gz,external_brats_africa/PKG - BraTS-Africa/BraTS-Africa/51_OtherNeoplasms/BraTS-SSA-00073-000/BraTS-SSA-00073-000-t1c.nii.gz,external_brats_africa.tar,external_brats_africa/PKG - BraTS-Africa/BraTS-Africa/51_OtherNeoplasms/BraTS-SSA-00073-000/BraTS-SSA-00073-000-t1c.nii.gz,2762127,ed67dc305e3ebeb3d4542d9db4103a8530587b6588f56a98f0ae877f3d9343e3,df4c91551c7e32288d83921db59f7a81,240x240x155,1x1x1,float32,,
africa,BraTS-SSA-00073,000,t2,BraTS-SSA-00073-000-t2w.nii.gz,external_brats_africa/PKG - BraTS-Africa/BraTS-Africa/51_OtherNeoplasms/BraTS-SSA-00073-000/BraTS-SSA-00073-000-t2w.nii.gz,external_brats_africa.tar,external_brats_africa/PKG - BraTS-Africa/BraTS-Africa/51_OtherNeoplasms/BraTS-SSA-00073-000/BraTS-SSA-00073-000-t2w.nii.gz,3133800,1929ebf34ae789617f1cc9c92b218cb82a4a7db56117b58b766010011d93a91b,8a427684322204a6fc48d7d876f3fd38,240x240x155,1x1x1,float32,,
africa,BraTS-SSA-00073,000,t1,BraTS-SSA-00073-000-t1n.nii.gz,external_brats_africa/PKG - BraTS-Africa/BraTS-Africa/51_OtherNeoplasms/BraTS-SSA-00073-000/BraTS-SSA-00073-000-t1n.nii.gz,external_brats_africa.tar,external_brats_africa/PKG - BraTS-Africa/BraTS-Africa/51_OtherNeoplasms/BraTS-SSA-00073-000/BraTS-SSA-00073-000-t1n.nii.gz,2795718,5c4a0ce68c406d49cd0f4e3131354aa935efaa053d2b72a86bd325cc499facb3,4faab4213bbc01913574984dda44a5bd,240x240x155,1x1x1,float32,,
africa,BraTS-SSA-00073,000,flair,BraTS-SSA-00073-000-t2f.nii.gz,external_brats_africa/PKG - BraTS-Africa/BraTS-Africa/51_OtherNeoplasms/BraTS-SSA-00073-000/BraTS-SSA-00073-000-t2f.nii.gz,external_brats_africa.tar,external_brats_africa/PKG - BraTS-Africa/BraTS-Africa/51_OtherNeoplasms/BraTS-SSA-00073-000/BraTS-SSA-00073-000-t2f.nii.gz,2879943,0118d661c097ec31cfc4b78a109d59bb50c4cc8eb8a9d8cd8cef05637271a317,6703aa2ae3ec2679f681243f4b5b1d11,240x240x155,1x1x1,float32,,
africa,BraTS-SSA-00229,000,seg,BraTS-SSA-00229-000-seg.nii.gz,external_brats_africa/PKG - BraTS-Africa/BraTS-Africa/51_OtherNeoplasms/BraTS-SSA-00229-000/BraTS-SSA-00229-000-seg.nii.gz,external_brats_africa.tar,external_brats_africa/PKG - BraTS-Africa/BraTS-Africa/51_OtherNeoplasms/BraTS-SSA-00229-000/BraTS-SSA-00229-000-seg.nii.gz,39385,b5c09c4a36e25102086feaf51e98f7876a5033744e839113e0a072b0737b9783,07cf7a50884575905b60e562f96de05a,240x240x155,1x1x1,float32,"0,2",
africa,BraTS-SSA-00229,000,t2,BraTS-SSA-00229-000-t2w.nii.gz,external_brats_africa/PKG - BraTS-Africa/BraTS-Africa/51_OtherNeoplasms/BraTS-SSA-00229-000/BraTS-SSA-00229-000-t2w.nii.gz,external_brats_africa.tar,external_brats_africa/PKG - BraTS-Africa/BraTS-Africa/51_OtherNeoplasms/BraTS-SSA-00229-000/BraTS-SSA-00229-000-t2w.nii.gz,2221730,c23052b43e1da5bb40fd0e6565edeab6b4a8e8d3026fba24d89bed93d72a9185,00e0f020587c2d87d6f1b67def6453f3,240x240x155,1x1x1,float32,,
africa,BraTS-SSA-00229,000,flair,BraTS-SSA-00229-000-t2f.nii.gz,external_brats_africa/PKG - BraTS-Africa/BraTS-Africa/51_OtherNeoplasms/BraTS-SSA-00229-000/BraTS-SSA-00229-000-t2f.nii.gz,external_brats_africa.tar,external_brats_africa/PKG - BraTS-Africa/BraTS-Africa/51_OtherNeoplasms/BraTS-SSA-00229-000/BraTS-SSA-00229-000-t2f.nii.gz,1955053,b3ac2102bc9ca13d4136b8543c1d2919a8d3e7ee7bb2f90334dd861560b12ee2,3959c40a74f2236711847aba30421f54,240x240x155,1x1x1,float32,,
africa,BraTS-SSA-00229,000,t1,BraTS-SSA-00229-000-t1n.nii.gz,external_brats_africa/PKG - BraTS-Africa/BraTS-Africa/51_OtherNeoplasms/BraTS-SSA-00229-000/BraTS-SSA-00229-000-t1n.nii.gz,external_brats_africa.tar,external_brats_africa/PKG - BraTS-Africa/BraTS-Africa/51_OtherNeoplasms/BraTS-SSA-00229-000/BraTS-SSA-00229-000-t1n.nii.gz,2008727,140239f3f5d71b14e17fc653ef707790451e8414c2a45838a23b3583fa43e69d,765c6f126832e8dd32c66eb77ba53c56,240x240x155,1x1x1,float32,,
africa,BraTS-SSA-00229,000,t1ce,BraTS-SSA-00229-000-t1c.nii.gz,external_brats_africa/PKG - BraTS-Africa/BraTS-Africa/51_OtherNeoplasms/BraTS-SSA-00229-000/BraTS-SSA-00229-000-t1c.nii.gz,external_brats_africa.tar,external_brats_africa/PKG - BraTS-Africa/BraTS-Africa/51_OtherNeoplasms/BraTS-SSA-00229-000/BraTS-SSA-00229-000-t1c.nii.gz,1947572,e05b9313166ffc48da8ff525579c456fe45574bbad391420c6c819b9dc1cf663,e479d1ebe84bdf0d892fe8d3e8331d1d,240x240x155,1x1x1,float32,,
africa,BraTS-SSA-00211,000,t1,BraTS-SSA-00211-000-t1n.nii.gz,external_brats_africa/PKG - BraTS-Africa/BraTS-Africa/51_OtherNeoplasms/BraTS-SSA-00211-000/BraTS-SSA-00211-000-t1n.nii.gz,external_brats_africa.tar,external_brats_africa/PKG - BraTS-Africa/BraTS-Africa/51_OtherNeoplasms/BraTS-SSA-00211-000/BraTS-SSA-00211-000-t1n.nii.gz,2997664,90735914618afc38aa6fe4f5dd381714218c22c1dc447725aba502df23a06ff5,87a70a44b7fd558f3c2f1110b42d0082,240x240x155,1x1x1,float32,,
africa,BraTS-SSA-00211,000,seg,BraTS-SSA-00211-000-seg.nii.gz,external_brats_africa/PKG - BraTS-Africa/BraTS-Africa/51_OtherNeoplasms/BraTS-SSA-00211-000/BraTS-SSA-00211-000-seg.nii.gz,external_brats_africa.tar,external_brats_africa/PKG - BraTS-Africa/BraTS-Africa/51_OtherNeoplasms/BraTS-SSA-00211-000/BraTS-SSA-00211-000-seg.nii.gz,49669,1b11de6d0083600334ea86d1fc1c9c4e44a48eb85c2d234333234bc7176082d4,bfcc23ee1997afea272855591badf836,240x240x155,1x1x1,float32,"0,1,2,3",
africa,BraTS-SSA-00211,000,t2,BraTS-SSA-00211-000-t2w.nii.gz,external_brats_africa/PKG - BraTS-Africa/BraTS-Africa/51_OtherNeoplasms/BraTS-SSA-00211-000/BraTS-SSA-00211-000-t2w.nii.gz,external_brats_africa.tar,external_brats_africa/PKG - BraTS-Africa/BraTS-Africa/51_OtherNeoplasms/BraTS-SSA-00211-000/BraTS-SSA-00211-000-t2w.nii.gz,3170322,6cdd52914cfee19fad39ea010b489b1e8f78e19279f3f7cae5a834f9af9c0874,c7e95128961b65d61e8c9e27c8ba9c29,240x240x155,1x1x1,float32,,
africa,BraTS-SSA-00211,000,t1ce,BraTS-SSA-00211-000-t1c.nii.gz,external_brats_africa/PKG - BraTS-Africa/BraTS-Africa/51_OtherNeoplasms/BraTS-SSA-00211-000/BraTS-SSA-00211-000-t1c.nii.gz,external_brats_africa.tar,external_brats_africa/PKG - BraTS-Africa/BraTS-Africa/51_OtherNeoplasms/BraTS-SSA-00211-000/BraTS-SSA-00211-000-t1c.nii.gz,3028499,63bdff62707eda181596aa82fce559d7d494b0018cdf6b91f4146fef42af1dfc,ce0652966fe8c5b0a63974126920ab8f,240x240x155,1x1x1,float32,,
africa,BraTS-SSA-00211,000,flair,BraTS-SSA-00211-000-t2f.nii.gz,external_brats_africa/PKG - BraTS-Africa/BraTS-Africa/51_OtherNeoplasms/BraTS-SSA-00211-000/BraTS-SSA-00211-000-t2f.nii.gz,external_brats_africa.tar,external_brats_africa/PKG - BraTS-Africa/BraTS-Africa/51_OtherNeoplasms/BraTS-SSA-00211-000/BraTS-SSA-00211-000-t2f.nii.gz,3043853,db75d199e16966beed1c185056a18100946ea06393e76db59652fd22ebd3a865,38b35db2409f86f0fd76912148b1209f,240x240x155,1x1x1,float32,,
africa,BraTS-SSA-00204,000,t1ce,BraTS-SSA-00204-000-t1c.nii.gz,external_brats_africa/PKG - BraTS-Africa/BraTS-Africa/51_OtherNeoplasms/BraTS-SSA-00204-000/BraTS-SSA-00204-000-t1c.nii.gz,external_brats_africa.tar,external_brats_africa/PKG - BraTS-Africa/BraTS-Africa/51_OtherNeoplasms/BraTS-SSA-00204-000/BraTS-SSA-00204-000-t1c.nii.gz,2527218,536803aea5a8326def10f65bd77aae66e7821ad9f6a1bd559f5bf5f83c5f0f24,cd9e2c68ce3e8237e078b30586763f7e,240x240x155,1x1x1,float32,,
africa,BraTS-SSA-00204,000,seg,BraTS-SSA-00204-000-seg.nii.gz,external_brats_africa/PKG - BraTS-Africa/BraTS-Africa/51_OtherNeoplasms/BraTS-SSA-00204-000/BraTS-SSA-00204-000-seg.nii.gz,external_brats_africa.tar,external_brats_africa/PKG - BraTS-Africa/BraTS-Africa/51_OtherNeoplasms/BraTS-SSA-00204-000/BraTS-SSA-00204-000-seg.nii.gz,51115,8ad1c9cca187d0ba166fa7f2ef98c9377f3238174276e3a8a524319a56ad2083,772633953cf31042295d67b6e7d85ee7,240x240x155,1x1x1,float32,"0,1,2,3",
africa,BraTS-SSA-00204,000,flair,BraTS-SSA-00204-000-t2f.nii.gz,external_brats_africa/PKG - BraTS-Africa/BraTS-Africa/51_OtherNeoplasms/BraTS-SSA-00204-000/BraTS-SSA-00204-000-t2f.nii.gz,external_brats_africa.tar,external_brats_africa/PKG - BraTS-Africa/BraTS-Africa/51_OtherNeoplasms/BraTS-SSA-00204-000/BraTS-SSA-00204-000-t2f.nii.gz,2602304,500bba5380e3784e398df9ac01e781c2113e37de45c68b2a38b84b9830f7ee8e,63d261c8c3089ad18cbb7e028f1d12df,240x240x155,1x1x1,float32,,
africa,BraTS-SSA-00204,000,t2,BraTS-SSA-00204-000-t2w.nii.gz,external_brats_africa/PKG - BraTS-Africa/BraTS-Africa/51_OtherNeoplasms/BraTS-SSA-00204-000/BraTS-SSA-00204-000-t2w.nii.gz,external_brats_africa.tar,external_brats_africa/PKG - BraTS-Africa/BraTS-Africa/51_OtherNeoplasms/BraTS-SSA-00204-000/BraTS-SSA-00204-000-t2w.nii.gz,2582101,8a79cd86e587c6a62a4f69cae965a6ff4a476697ee92abecfc257d9a0a487a91,3446c33b2c6568fddd28cbcc394fa8ae,240x240x155,1x1x1,float32,,
africa,BraTS-SSA-00204,000,t1,BraTS-SSA-00204-000-t1n.nii.gz,external_brats_africa/PKG - BraTS-Africa/BraTS-Africa/51_OtherNeoplasms/BraTS-SSA-00204-000/BraTS-SSA-00204-000-t1n.nii.gz,external_brats_africa.tar,external_brats_africa/PKG - BraTS-Africa/BraTS-Africa/51_OtherNeoplasms/BraTS-SSA-00204-000/BraTS-SSA-00204-000-t1n.nii.gz,2520724,ce380d47f3d8be4dff5bf18624a6af3d6968c8320b2be0aa7c2b8c99e8c508f0,f77a5369434aa996e0c38f2aed7b3dfb,240x240x155,1x1x1,float32,,
africa,BraTS-SSA-00209,000,flair,BraTS-SSA-00209-000-t2f.nii.gz,external_brats_africa/PKG - BraTS-Africa/BraTS-Africa/51_OtherNeoplasms/BraTS-SSA-00209-000/BraTS-SSA-00209-000-t2f.nii.gz,external_brats_africa.tar,external_brats_africa/PKG - BraTS-Africa/BraTS-Africa/51_OtherNeoplasms/BraTS-SSA-00209-000/BraTS-SSA-00209-000-t2f.nii.gz,2443033,acc65b0507c32e03c8224049d4d9ebe4d8c6587ace4f297d43d7e6eab5c4a687,670068e665daf289701a058318052b58,240x240x155,1x1x1,float32,,
africa,BraTS-SSA-00209,000,t1,BraTS-SSA-00209-000-t1n.nii.gz,external_brats_africa/PKG - BraTS-Africa/BraTS-Africa/51_OtherNeoplasms/BraTS-SSA-00209-000/BraTS-SSA-00209-000-t1n.nii.gz,external_brats_africa.tar,external_brats_africa/PKG - BraTS-Africa/BraTS-Africa/51_OtherNeoplasms/BraTS-SSA-00209-000/BraTS-SSA-00209-000-t1n.nii.gz,2439378,077a81d508754756df8c653c2c130c38c2a5ab3de43a959ce6937225ac4a548f,c262d2ae1a151b4e34030024e564ea29,240x240x155,1x1x1,float32,,
africa,BraTS-SSA-00209,000,t1ce,BraTS-SSA-00209-000-t1c.nii.gz,external_brats_africa/PKG - BraTS-Africa/BraTS-Africa/51_OtherNeoplasms/BraTS-SSA-00209-000/BraTS-SSA-00209-000-t1c.nii.gz,external_brats_africa.tar,external_brats_africa/PKG - BraTS-Africa/BraTS-Africa/51_OtherNeoplasms/BraTS-SSA-00209-000/BraTS-SSA-00209-000-t1c.nii.gz,2384311,d5a09f27476e0133431b6c8b76fc2bffbce09dfffba60e5d8c86d1ec7805df19,cf2e6aa4f0337a2df3ddb0ad05d2909f,240x240x155,1x1x1,float32,,
africa,BraTS-SSA-00209,000,t2,BraTS-SSA-00209-000-t2w.nii.gz,external_brats_africa/PKG - BraTS-Africa/BraTS-Africa/51_OtherNeoplasms/BraTS-SSA-00209-000/BraTS-SSA-00209-000-t2w.nii.gz,external_brats_africa.tar,external_brats_africa/PKG - BraTS-Africa/BraTS-Africa/51_OtherNeoplasms/BraTS-SSA-00209-000/BraTS-SSA-00209-000-t2w.nii.gz,2477531,6809b038f0bf155b0f3a53ef8b58a2e5da8930e3ab9e72310b913e2a2950ac48,d58ed56b23e3da0de7665d777851ef84,240x240x155,1x1x1,float32,,
africa,BraTS-SSA-00209,000,seg,BraTS-SSA-00209-000-seg.nii.gz,external_brats_africa/PKG - BraTS-Africa/BraTS-Africa/51_OtherNeoplasms/BraTS-SSA-00209-000/BraTS-SSA-00209-000-seg.nii.gz,external_brats_africa.tar,external_brats_africa/PKG - BraTS-Africa/BraTS-Africa/51_OtherNeoplasms/BraTS-SSA-00209-000/BraTS-SSA-00209-000-seg.nii.gz,50482,f99cec07c9b9220516b780d7024b2c70bbda82c434652a7c1975d55c4ffa8ef5,036faca8ab976c77fa09b35316d6d3bf,240x240x155,1x1x1,float32,"0,1,2,3",
africa,BraTS-SSA-00201,000,flair,BraTS-SSA-00201-000-t2f.nii.gz,external_brats_africa/PKG - BraTS-Africa/BraTS-Africa/51_OtherNeoplasms/BraTS-SSA-00201-000/BraTS-SSA-00201-000-t2f.nii.gz,external_brats_africa.tar,external_brats_africa/PKG - BraTS-Africa/BraTS-Africa/51_OtherNeoplasms/BraTS-SSA-00201-000/BraTS-SSA-00201-000-t2f.nii.gz,2635910,4d50191878bfe9e50b8eee6138a69f9a9e221ecf2d94cae0fc76e5b6e0eda2e0,9c200f6f434c876e249fd247f0cb102a,240x240x155,1x1x1,float32,,
africa,BraTS-SSA-00201,000,t1,BraTS-SSA-00201-000-t1n.nii.gz,external_brats_africa/PKG - BraTS-Africa/BraTS-Africa/51_OtherNeoplasms/BraTS-SSA-00201-000/BraTS-SSA-00201-000-t1n.nii.gz,external_brats_africa.tar,external_brats_africa/PKG - BraTS-Africa/BraTS-Africa/51_OtherNeoplasms/BraTS-SSA-00201-000/BraTS-SSA-00201-000-t1n.nii.gz,2674217,ae08c999cd7a411dff1fd3ad94e4df3ab8006fd30317c679e3745078fc978e45,edf46f7814c3c11e0faf703e1b00f501,240x240x155,1x1x1,float32,,
africa,BraTS-SSA-00201,000,t1ce,BraTS-SSA-00201-000-t1c.nii.gz,external_brats_africa/PKG - BraTS-Africa/BraTS-Africa/51_OtherNeoplasms/BraTS-SSA-00201-000/BraTS-SSA-00201-000-t1c.nii.gz,external_brats_africa.tar,external_brats_africa/PKG - BraTS-Africa/BraTS-Africa/51_OtherNeoplasms/BraTS-SSA-00201-000/BraTS-SSA-00201-000-t1c.nii.gz,2656935,b7c6574ab96e213b4888c727def61a58d4353e306fbef954d9a31d9bc7ea7d8e,6c83edfc287916e69fb7ccb423199561,240x240x155,1x1x1,float32,,
africa,BraTS-SSA-00201,000,t2,BraTS-SSA-00201-000-t2w.nii.gz,external_brats_africa/PKG - BraTS-Africa/BraTS-Africa/51_OtherNeoplasms/BraTS-SSA-00201-000/BraTS-SSA-00201-000-t2w.nii.gz,external_brats_africa.tar,external_brats_africa/PKG - BraTS-Africa/BraTS-Africa/51_OtherNeoplasms/BraTS-SSA-00201-000/BraTS-SSA-00201-000-t2w.nii.gz,2812133,f159941c39c26d2f26761f6f2b11f4a68365a6f902bae703e595eb6030c53362,4ab384fdb32a0fe3235b6c88749bc839,240x240x155,1x1x1,float32,,
africa,BraTS-SSA-00201,000,seg,BraTS-SSA-00201-000-seg.nii.gz,external_brats_africa/PKG - BraTS-Africa/BraTS-Africa/51_OtherNeoplasms/BraTS-SSA-00201-000/BraTS-SSA-00201-000-seg.nii.gz,external_brats_africa.tar,external_brats_africa/PKG - BraTS-Africa/BraTS-Africa/51_OtherNeoplasms/BraTS-SSA-00201-000/BraTS-SSA-00201-000-seg.nii.gz,50517,e678c4da8015c4316942b9e69391d252cf8a3446ed0e0540abb8577386992620,709227038614cdaca7434c7d2ffbbce3,240x240x155,1x1x1,float32,"0,1,2,3",
africa,BraTS-SSA-00177,000,t1,BraTS-SSA-00177-000-t1n.nii.gz,external_brats_africa/PKG - BraTS-Africa/BraTS-Africa/51_OtherNeoplasms/BraTS-SSA-00177-000/BraTS-SSA-00177-000-t1n.nii.gz,external_brats_africa.tar,external_brats_africa/PKG - BraTS-Africa/BraTS-Africa/51_OtherNeoplasms/BraTS-SSA-00177-000/BraTS-SSA-00177-000-t1n.nii.gz,2600336,f8c15bb31145b349914ea7ef7d963a5947dcf6045581240e1485fe90c711d043,ab6c257f3f5773f6e3757491a4e98ffc,240x240x155,1x1x1,float32,,
africa,BraTS-SSA-00177,000,seg,BraTS-SSA-00177-000-seg.nii.gz,external_brats_africa/PKG - BraTS-Africa/BraTS-Africa/51_OtherNeoplasms/BraTS-SSA-00177-000/BraTS-SSA-00177-000-seg.nii.gz,external_brats_africa.tar,external_brats_africa/PKG - BraTS-Africa/BraTS-Africa/51_OtherNeoplasms/BraTS-SSA-00177-000/BraTS-SSA-00177-000-seg.nii.gz,49418,6af3128a54f5997156d7bc7806770900f88ddbbb4fe4e15252d12f2d57cf08d2,b138f487c3d966297e0ab966b44e20a9,240x240x155,1x1x1,float32,"0,1,2,3",
africa,BraTS-SSA-00177,000,flair,BraTS-SSA-00177-000-t2f.nii.gz,external_brats_africa/PKG - BraTS-Africa/BraTS-Africa/51_OtherNeoplasms/BraTS-SSA-00177-000/BraTS-SSA-00177-000-t2f.nii.gz,external_brats_africa.tar,external_brats_africa/PKG - BraTS-Africa/BraTS-Africa/51_OtherNeoplasms/BraTS-SSA-00177-000/BraTS-SSA-00177-000-t2f.nii.gz,2727411,e8dfa935f4097bdc5008200343b2c58d351898c4c22d1508070ef45711bae90e,fe421f46f789df2fd1173ea95b68562f,240x240x155,1x1x1,float32,,
africa,BraTS-SSA-00177,000,t2,BraTS-SSA-00177-000-t2w.nii.gz,external_brats_africa/PKG - BraTS-Africa/BraTS-Africa/51_OtherNeoplasms/BraTS-SSA-00177-000/BraTS-SSA-00177-000-t2w.nii.gz,external_brats_africa.tar,external_brats_africa/PKG - BraTS-Africa/BraTS-Africa/51_OtherNeoplasms/BraTS-SSA-00177-000/BraTS-SSA-00177-000-t2w.nii.gz,2643073,c28a7387d687dbd68efeae5eca2ee96d03ccd0f1302e62c5ae4ce6f9bf23a906,3e418e6dd80acb6af2806ef2fcd3f45d,240x240x155,1x1x1,float32,,
africa,BraTS-SSA-00177,000,t1ce,BraTS-SSA-00177-000-t1c.nii.gz,external_brats_africa/PKG - BraTS-Africa/BraTS-Africa/51_OtherNeoplasms/BraTS-SSA-00177-000/BraTS-SSA-00177-000-t1c.nii.gz,external_brats_africa.tar,external_brats_africa/PKG - BraTS-Africa/BraTS-Africa/51_OtherNeoplasms/BraTS-SSA-00177-000/BraTS-SSA-00177-000-t1c.nii.gz,2586907,cabe351c9110f8269e43db81a746a7ef8ba924a5d4f6f2703b5e88bcf185c425,29a0ebb8d0872273cccc08691f287d80,240x240x155,1x1x1,float32,,
africa,BraTS-SSA-00231,000,t1ce,BraTS-SSA-00231-000-t1c.nii.gz,external_brats_africa/PKG - BraTS-Africa/BraTS-Africa/51_OtherNeoplasms/BraTS-SSA-00231-000/BraTS-SSA-00231-000-t1c.nii.gz,external_brats_africa.tar,external_brats_africa/PKG - BraTS-Africa/BraTS-Africa/51_OtherNeoplasms/BraTS-SSA-00231-000/BraTS-SSA-00231-000-t1c.nii.gz,2834241,c92544b2dcbf75906237368bfb3c9e4bf066b61b297e039636353948335662ba,c240e87b6d3229cac950ba2b55289c80,240x240x155,1x1x1,float32,,
africa,BraTS-SSA-00231,000,flair,BraTS-SSA-00231-000-t2f.nii.gz,external_brats_africa/PKG - BraTS-Africa/BraTS-Africa/51_OtherNeoplasms/BraTS-SSA-00231-000/BraTS-SSA-00231-000-t2f.nii.gz,external_brats_africa.tar,external_brats_africa/PKG - BraTS-Africa/BraTS-Africa/51_OtherNeoplasms/BraTS-SSA-00231-000/BraTS-SSA-00231-000-t2f.nii.gz,2773314,c6a9612f760d0de9def21597ccfb2ef86dc7471297bc023e13f36052861bb61e,3137ecc4000752d794f2497b70104aca,240x240x155,1x1x1,float32,,
africa,BraTS-SSA-00231,000,seg,BraTS-SSA-00231-000-seg.nii.gz,external_brats_africa/PKG - BraTS-Africa/BraTS-Africa/51_OtherNeoplasms/BraTS-SSA-00231-000/BraTS-SSA-00231-000-seg.nii.gz,external_brats_africa.tar,external_brats_africa/PKG - BraTS-Africa/BraTS-Africa/51_OtherNeoplasms/BraTS-SSA-00231-000/BraTS-SSA-00231-000-seg.nii.gz,40913,c2a5d226b2ed52bcb51b7238b43f933b8ba80306e63b6481bb1c65553460d81e,5da8d618c0d5e65d11fa26e8e5e52634,240x240x155,1x1x1,float32,"0,1,2,3",
africa,BraTS-SSA-00231,000,t2,BraTS-SSA-00231-000-t2w.nii.gz,external_brats_africa/PKG - BraTS-Africa/BraTS-Africa/51_OtherNeoplasms/BraTS-SSA-00231-000/BraTS-SSA-00231-000-t2w.nii.gz,external_brats_africa.tar,external_brats_africa/PKG - BraTS-Africa/BraTS-Africa/51_OtherNeoplasms/BraTS-SSA-00231-000/BraTS-SSA-00231-000-t2w.nii.gz,3238728,93222b8b2e263b93e68c877ac48628a4774b736fbc8c1956b277efeb8dbc366a,62937d8ee3475ff57d9ec62c6683ae6f,240x240x155,1x1x1,float32,,
africa,BraTS-SSA-00231,000,t1,BraTS-SSA-00231-000-t1n.nii.gz,external_brats_africa/PKG - BraTS-Africa/BraTS-Africa/51_OtherNeoplasms/BraTS-SSA-00231-000/BraTS-SSA-00231-000-t1n.nii.gz,external_brats_africa.tar,external_brats_africa/PKG - BraTS-Africa/BraTS-Africa/51_OtherNeoplasms/BraTS-SSA-00231-000/BraTS-SSA-00231-000-t1n.nii.gz,2846422,d77bbcd4b74e3586db01338efd950a9f08da512f89ddf6b4ad75a2d7f8f99111,a93054f0f2b14e5ae318eba41a785778,240x240x155,1x1x1,float32,,
africa,BraTS-SSA-00200,000,t2,BraTS-SSA-00200-000-t2w.nii.gz,external_brats_africa/PKG - BraTS-Africa/BraTS-Africa/51_OtherNeoplasms/BraTS-SSA-00200-000/BraTS-SSA-00200-000-t2w.nii.gz,external_brats_africa.tar,external_brats_africa/PKG - BraTS-Africa/BraTS-Africa/51_OtherNeoplasms/BraTS-SSA-00200-000/BraTS-SSA-00200-000-t2w.nii.gz,2609913,88ed1f3369cf66698a2235be482b494b27bc182c792e6c47362eebc42db7acf7,793209cd094e288d38d75337aaf01500,240x240x155,1x1x1,float32,,
africa,BraTS-SSA-00200,000,seg,BraTS-SSA-00200-000-seg.nii.gz,external_brats_africa/PKG - BraTS-Africa/BraTS-Africa/51_OtherNeoplasms/BraTS-SSA-00200-000/BraTS-SSA-00200-000-seg.nii.gz,external_brats_africa.tar,external_brats_africa/PKG - BraTS-Africa/BraTS-Africa/51_OtherNeoplasms/BraTS-SSA-00200-000/BraTS-SSA-00200-000-seg.nii.gz,61693,083f258dcddd7ffc334898af3092f895127295143e9fc00296c2febe76f7ade6,65456ba5f30136228395e6c4b2661b00,240x240x155,1x1x1,float32,"0,1,2,3",
africa,BraTS-SSA-00200,000,t1,BraTS-SSA-00200-000-t1n.nii.gz,external_brats_africa/PKG - BraTS-Africa/BraTS-Africa/51_OtherNeoplasms/BraTS-SSA-00200-000/BraTS-SSA-00200-000-t1n.nii.gz,external_brats_africa.tar,external_brats_africa/PKG - BraTS-Africa/BraTS-Africa/51_OtherNeoplasms/BraTS-SSA-00200-000/BraTS-SSA-00200-000-t1n.nii.gz,2555715,62a46ea6acbefe1492872216e8dd5601e76b3914ac1d70592eb6a9e3ccb92646,c74a07a1f9d6da8b34758765ab127528,240x240x155,1x1x1,float32,,
africa,BraTS-SSA-00200,000,flair,BraTS-SSA-00200-000-t2f.nii.gz,external_brats_africa/PKG - BraTS-Africa/BraTS-Africa/51_OtherNeoplasms/BraTS-SSA-00200-000/BraTS-SSA-00200-000-t2f.nii.gz,external_brats_africa.tar,external_brats_africa/PKG - BraTS-Africa/BraTS-Africa/51_OtherNeoplasms/BraTS-SSA-00200-000/BraTS-SSA-00200-000-t2f.nii.gz,2533634,dbb3d68704ef3ac4b100aed2eca6f85fda1809c1409e10c877e1428abbc3c344,c5e3043cf7d2124168f9175c5ea4e990,240x240x155,1x1x1,float32,,
africa,BraTS-SSA-00200,000,t1ce,BraTS-SSA-00200-000-t1c.nii.gz,external_brats_africa/PKG - BraTS-Africa/BraTS-Africa/51_OtherNeoplasms/BraTS-SSA-00200-000/BraTS-SSA-00200-000-t1c.nii.gz,external_brats_africa.tar,external_brats_africa/PKG - BraTS-Africa/BraTS-Africa/51_OtherNeoplasms/BraTS-SSA-00200-000/BraTS-SSA-00200-000-t1c.nii.gz,2557002,b92e84ac4db15aa7e50676c3fa440ab88ffd66741594c21989ac65dee698962a,496329a6e4c32f498ac21ec51cef7102,240x240x155,1x1x1,float32,,
africa,BraTS-SSA-00106,000,t1,BraTS-SSA-00106-000-t1n.nii.gz,external_brats_africa/PKG - BraTS-Africa/BraTS-Africa/51_OtherNeoplasms/BraTS-SSA-00106-000/BraTS-SSA-00106-000-t1n.nii.gz,external_brats_africa.tar,external_brats_africa/PKG - BraTS-Africa/BraTS-Africa/51_OtherNeoplasms/BraTS-SSA-00106-000/BraTS-SSA-00106-000-t1n.nii.gz,5268259,2fe0bfe1992525fff07acabf0d3792d8226842fd0231d692f1aba32cc8069cfc,f5ae8ab128b9c5ffefd81c20b2aadd53,240x240x155,1x1x1,float32,,
africa,BraTS-SSA-00106,000,t2,BraTS-SSA-00106-000-t2w.nii.gz,external_brats_africa/PKG - BraTS-Africa/BraTS-Africa/51_OtherNeoplasms/BraTS-SSA-00106-000/BraTS-SSA-00106-000-t2w.nii.gz,external_brats_africa.tar,external_brats_africa/PKG - BraTS-Africa/BraTS-Africa/51_OtherNeoplasms/BraTS-SSA-00106-000/BraTS-SSA-00106-000-t2w.nii.gz,5269189,ae1aab3c7525c0e54af4cab8c1c52c27c14e426b14889f23ec1d99689dd13cf7,31761b61b937d9ff8daae0ad9baaa7fc,240x240x155,1x1x1,float32,,
africa,BraTS-SSA-00106,000,t1ce,BraTS-SSA-00106-000-t1c.nii.gz,external_brats_africa/PKG - BraTS-Africa/BraTS-Africa/51_OtherNeoplasms/BraTS-SSA-00106-000/BraTS-SSA-00106-000-t1c.nii.gz,external_brats_africa.tar,external_brats_africa/PKG - BraTS-Africa/BraTS-Africa/51_OtherNeoplasms/BraTS-SSA-00106-000/BraTS-SSA-00106-000-t1c.nii.gz,5221214,4a181f8cde76478937fa03c384419542f3718fdd4271382b0df7d36b0deb0fc7,55d6641a7ec21e31d1c90edacfa3db7e,240x240x155,1x1x1,float32,,
africa,BraTS-SSA-00106,000,flair,BraTS-SSA-00106-000-t2f.nii.gz,external_brats_africa/PKG - BraTS-Africa/BraTS-Africa/51_OtherNeoplasms/BraTS-SSA-00106-000/BraTS-SSA-00106-000-t2f.nii.gz,external_brats_africa.tar,external_brats_africa/PKG - BraTS-Africa/BraTS-Africa/51_OtherNeoplasms/BraTS-SSA-00106-000/BraTS-SSA-00106-000-t2f.nii.gz,5281569,a6bc1b001d67414679db1921bd75d58912664a0c0aebf536d939e817fca16393,f4efd8991d1ef824bb72cec472744d34,240x240x155,1x1x1,float32,,
africa,BraTS-SSA-00106,000,seg,BraTS-SSA-00106-000-seg.nii.gz,external_brats_africa/PKG - BraTS-Africa/BraTS-Africa/51_OtherNeoplasms/BraTS-SSA-00106-000/BraTS-SSA-00106-000-seg.nii.gz,external_brats_africa.tar,external_brats_africa/PKG - BraTS-Africa/BraTS-Africa/51_OtherNeoplasms/BraTS-SSA-00106-000/BraTS-SSA-00106-000-seg.nii.gz,72701,be5ac54cf8bcf87c959a9ee67d5153817899e3cb190ac97ac8d43fe564c025a6,c364a606de65d88d21ddbdd90d891d05,240x240x155,1x1x1,float32,"0,1,2,3",
africa,BraTS-SSA-00153,000,t2,BraTS-SSA-00153-000-t2w.nii.gz,external_brats_africa/PKG - BraTS-Africa/BraTS-Africa/51_OtherNeoplasms/BraTS-SSA-00153-000/BraTS-SSA-00153-000-t2w.nii.gz,external_brats_africa.tar,external_brats_africa/PKG - BraTS-Africa/BraTS-Africa/51_OtherNeoplasms/BraTS-SSA-00153-000/BraTS-SSA-00153-000-t2w.nii.gz,2986893,c191961d39b38766f75066d9016e986a6bd85ea5db9eb2379345df41debbe25d,d6981e6c95347244f43c9f4fdd0ae7ee,240x240x155,1x1x1,float32,,
africa,BraTS-SSA-00153,000,t1,BraTS-SSA-00153-000-t1n.nii.gz,external_brats_africa/PKG - BraTS-Africa/BraTS-Africa/51_OtherNeoplasms/BraTS-SSA-00153-000/BraTS-SSA-00153-000-t1n.nii.gz,external_brats_africa.tar,external_brats_africa/PKG - BraTS-Africa/BraTS-Africa/51_OtherNeoplasms/BraTS-SSA-00153-000/BraTS-SSA-00153-000-t1n.nii.gz,2841632,17e7c5af4f0a98e1bdc32e278ac7b80ffe38fab0d1d5edb2fc739d061762aa42,52dfa2572cdcfac3d3a2d70738b9593d,240x240x155,1x1x1,float32,,
africa,BraTS-SSA-00153,000,seg,BraTS-SSA-00153-000-seg.nii.gz,external_brats_africa/PKG - BraTS-Africa/BraTS-Africa/51_OtherNeoplasms/BraTS-SSA-00153-000/BraTS-SSA-00153-000-seg.nii.gz,external_brats_africa.tar,external_brats_africa/PKG - BraTS-Africa/BraTS-Africa/51_OtherNeoplasms/BraTS-SSA-00153-000/BraTS-SSA-00153-000-seg.nii.gz,83395,3dc944554de29b3e364a72a75cbf393071451e914ca0bac15989496bebd02490,d73a074d8de8462ab1ba26e416b98e85,240x240x155,1x1x1,float32,"0,1,2,3",
africa,BraTS-SSA-00153,000,flair,BraTS-SSA-00153-000-t2f.nii.gz,external_brats_africa/PKG - BraTS-Africa/BraTS-Africa/51_OtherNeoplasms/BraTS-SSA-00153-000/BraTS-SSA-00153-000-t2f.nii.gz,external_brats_africa.tar,external_brats_africa/PKG - BraTS-Africa/BraTS-Africa/51_OtherNeoplasms/BraTS-SSA-00153-000/BraTS-SSA-00153-000-t2f.nii.gz,3191933,e715d4d25a3befe32b590d47da31af7352c48a56ad14e2e6c7f64b1bcec15e13,23ecb55dfd2dce2f0dc0d5b41dfc8a50,240x240x155,1x1x1,float32,,
africa,BraTS-SSA-00153,000,t1ce,BraTS-SSA-00153-000-t1c.nii.gz,external_brats_africa/PKG - BraTS-Africa/BraTS-Africa/51_OtherNeoplasms/BraTS-SSA-00153-000/BraTS-SSA-00153-000-t1c.nii.gz,external_brats_africa.tar,external_brats_africa/PKG - BraTS-Africa/BraTS-Africa/51_OtherNeoplasms/BraTS-SSA-00153-000/BraTS-SSA-00153-000-t1c.nii.gz,3026422,081c849e0129c2cd0192bb21ce033afa671b078041446e97a18a2d9a73f22f1c,e5cb301144691f6325db75c700333408,240x240x155,1x1x1,float32,,
africa,BraTS-SSA-00183,000,t1ce,BraTS-SSA-00183-000-t1c.nii.gz,external_brats_africa/PKG - BraTS-Africa/BraTS-Africa/51_OtherNeoplasms/BraTS-SSA-00183-000/BraTS-SSA-00183-000-t1c.nii.gz,external_brats_africa.tar,external_brats_africa/PKG - BraTS-Africa/BraTS-Africa/51_OtherNeoplasms/BraTS-SSA-00183-000/BraTS-SSA-00183-000-t1c.nii.gz,2752548,5c00e8c2144fef019421af55c169ff5a0f0a64c53eb040f125fb99d5072677e4,db8480d18b9300ed9f39792bae1b8079,240x240x155,1x1x1,float32,,
africa,BraTS-SSA-00183,000,t1,BraTS-SSA-00183-000-t1n.nii.gz,external_brats_africa/PKG - BraTS-Africa/BraTS-Africa/51_OtherNeoplasms/BraTS-SSA-00183-000/BraTS-SSA-00183-000-t1n.nii.gz,external_brats_africa.tar,external_brats_africa/PKG - BraTS-Africa/BraTS-Africa/51_OtherNeoplasms/BraTS-SSA-00183-000/BraTS-SSA-00183-000-t1n.nii.gz,2749905,c51f123685e4c7acb1911f365526fc34248fcf82b98a1d2d573ff4591ae51748,9e9ec876b7e33b119926b6f62fb80154,240x240x155,1x1x1,float32,,
africa,BraTS-SSA-00183,000,flair,BraTS-SSA-00183-000-t2f.nii.gz,external_brats_africa/PKG - BraTS-Africa/BraTS-Africa/51_OtherNeoplasms/BraTS-SSA-00183-000/BraTS-SSA-00183-000-t2f.nii.gz,external_brats_africa.tar,external_brats_africa/PKG - BraTS-Africa/BraTS-Africa/51_OtherNeoplasms/BraTS-SSA-00183-000/BraTS-SSA-00183-000-t2f.nii.gz,3032119,eef687e9c1a379cfd2f7a0f952bbd4ded2d7a614994683549a3c60ea87a8b94e,1a6ace004bbd7117b332014000e4bc01,240x240x155,1x1x1,float32,,
africa,BraTS-SSA-00183,000,t2,BraTS-SSA-00183-000-t2w.nii.gz,external_brats_africa/PKG - BraTS-Africa/BraTS-Africa/51_OtherNeoplasms/BraTS-SSA-00183-000/BraTS-SSA-00183-000-t2w.nii.gz,external_brats_africa.tar,external_brats_africa/PKG - BraTS-Africa/BraTS-Africa/51_OtherNeoplasms/BraTS-SSA-00183-000/BraTS-SSA-00183-000-t2w.nii.gz,2894449,87d4ba42327c6126222798aac4b6be91e6fe9f3ba4f4694a24684bc11bdcc2a1,573e7218f502d9e715e402e40366612a,240x240x155,1x1x1,float32,,
africa,BraTS-SSA-00183,000,seg,BraTS-SSA-00183-000-seg.nii.gz,external_brats_africa/PKG - BraTS-Africa/BraTS-Africa/51_OtherNeoplasms/BraTS-SSA-00183-000/BraTS-SSA-00183-000-seg.nii.gz,external_brats_africa.tar,external_brats_africa/PKG - BraTS-Africa/BraTS-Africa/51_OtherNeoplasms/BraTS-SSA-00183-000/BraTS-SSA-00183-000-seg.nii.gz,83798,4e72bc6d05485b59d29a32a123dfe4f2e1ce5da4759da2b128ee140061b8cc1d,9e0abcf20d22dd2bad924479e259b56d,240x240x155,1x1x1,float32,"0,1,2,3",
africa,BraTS-SSA-00091,000,t2,BraTS-SSA-00091-000-t2w.nii.gz,external_brats_africa/PKG - BraTS-Africa/BraTS-Africa/51_OtherNeoplasms/BraTS-SSA-00091-000/BraTS-SSA-00091-000-t2w.nii.gz,external_brats_africa.tar,external_brats_africa/PKG - BraTS-Africa/BraTS-Africa/51_OtherNeoplasms/BraTS-SSA-00091-000/BraTS-SSA-00091-000-t2w.nii.gz,5278111,e4a1da920b711d16c3fe58266d674b7cfe7ad3209851689b1dea51df4c6f6564,2fbcf41f8184812122caadae60e5dba9,240x240x155,1x1x1,float32,,
africa,BraTS-SSA-00091,000,seg,BraTS-SSA-00091-000-seg.nii.gz,external_brats_africa/PKG - BraTS-Africa/BraTS-Africa/51_OtherNeoplasms/BraTS-SSA-00091-000/BraTS-SSA-00091-000-seg.nii.gz,external_brats_africa.tar,external_brats_africa/PKG - BraTS-Africa/BraTS-Africa/51_OtherNeoplasms/BraTS-SSA-00091-000/BraTS-SSA-00091-000-seg.nii.gz,47006,c2913bcc8c34d6678947600198ca3563766cc2d9832e8aa92edf2edcf40f2c48,49a8c684d97b9bd691f2bd825ff1ac25,240x240x155,1x1x1,float32,"0,1,2,3",
africa,BraTS-SSA-00091,000,t1ce,BraTS-SSA-00091-000-t1c.nii.gz,external_brats_africa/PKG - BraTS-Africa/BraTS-Africa/51_OtherNeoplasms/BraTS-SSA-00091-000/BraTS-SSA-00091-000-t1c.nii.gz,external_brats_africa.tar,external_brats_africa/PKG - BraTS-Africa/BraTS-Africa/51_OtherNeoplasms/BraTS-SSA-00091-000/BraTS-SSA-00091-000-t1c.nii.gz,5227125,201f39bdcf146e06c44862741edbb6569170006ba69097bc14ab87012fcef1d4,9e52834d4277ff2026e470e51abc5581,240x240x155,1x1x1,float32,,
africa,BraTS-SSA-00091,000,flair,BraTS-SSA-00091-000-t2f.nii.gz,external_brats_africa/PKG - BraTS-Africa/BraTS-Africa/51_OtherNeoplasms/BraTS-SSA-00091-000/BraTS-SSA-00091-000-t2f.nii.gz,external_brats_africa.tar,external_brats_africa/PKG - BraTS-Africa/BraTS-Africa/51_OtherNeoplasms/BraTS-SSA-00091-000/BraTS-SSA-00091-000-t2f.nii.gz,5232973,83a883cd5d89b31dade9cac0548bf034a7044f71ef1e7da0f7c042cafb502032,3944dcd18dc374ae31a7c8c73b087243,240x240x155,1x1x1,float32,,
africa,BraTS-SSA-00091,000,t1,BraTS-SSA-00091-000-t1n.nii.gz,external_brats_africa/PKG - BraTS-Africa/BraTS-Africa/51_OtherNeoplasms/BraTS-SSA-00091-000/BraTS-SSA-00091-000-t1n.nii.gz,external_brats_africa.tar,external_brats_africa/PKG - BraTS-Africa/BraTS-Africa/51_OtherNeoplasms/BraTS-SSA-00091-000/BraTS-SSA-00091-000-t1n.nii.gz,5224408,d0929ea6d9546f9cefa0b6b56dbadcb2bd5f9277ca7953e6f915658ba2db57f3,24d30ecc292be057e987cc0ac322e701,240x240x155,1x1x1,float32,,
africa,BraTS-SSA-00123,000,seg,BraTS-SSA-00123-000-seg.nii.gz,external_brats_africa/PKG - BraTS-Africa/BraTS-Africa/51_OtherNeoplasms/BraTS-SSA-00123-000/BraTS-SSA-00123-000-seg.nii.gz,external_brats_africa.tar,external_brats_africa/PKG - BraTS-Africa/BraTS-Africa/51_OtherNeoplasms/BraTS-SSA-00123-000/BraTS-SSA-00123-000-seg.nii.gz,69342,cb5686089740903c9899e84221297f09d0045402c2f1ea91fa3b648153c2a8f3,f84e9ad853600451494ece544ba33fff,240x240x155,1x1x1,float32,"0,1,2,3",
africa,BraTS-SSA-00123,000,t1,BraTS-SSA-00123-000-t1n.nii.gz,external_brats_africa/PKG - BraTS-Africa/BraTS-Africa/51_OtherNeoplasms/BraTS-SSA-00123-000/BraTS-SSA-00123-000-t1n.nii.gz,external_brats_africa.tar,external_brats_africa/PKG - BraTS-Africa/BraTS-Africa/51_OtherNeoplasms/BraTS-SSA-00123-000/BraTS-SSA-00123-000-t1n.nii.gz,2816274,b055c2718372c392bbc77a4c59a6e9b5dc7ab418016ea02d72106c3a3d4176cb,0870404737bcb5bd65a6c13281b2df20,240x240x155,1x1x1,float32,,
africa,BraTS-SSA-00123,000,t1ce,BraTS-SSA-00123-000-t1c.nii.gz,external_brats_africa/PKG - BraTS-Africa/BraTS-Africa/51_OtherNeoplasms/BraTS-SSA-00123-000/BraTS-SSA-00123-000-t1c.nii.gz,external_brats_africa.tar,external_brats_africa/PKG - BraTS-Africa/BraTS-Africa/51_OtherNeoplasms/BraTS-SSA-00123-000/BraTS-SSA-00123-000-t1c.nii.gz,2793361,5975f8f4f86f8ed7ed3f9dde480b27559ef144ee8864611a25ef32b2b21c372a,d8a9815e966cbbc3642ebff38f269a8a,240x240x155,1x1x1,float32,,
africa,BraTS-SSA-00123,000,flair,BraTS-SSA-00123-000-t2f.nii.gz,external_brats_africa/PKG - BraTS-Africa/BraTS-Africa/51_OtherNeoplasms/BraTS-SSA-00123-000/BraTS-SSA-00123-000-t2f.nii.gz,external_brats_africa.tar,external_brats_africa/PKG - BraTS-Africa/BraTS-Africa/51_OtherNeoplasms/BraTS-SSA-00123-000/BraTS-SSA-00123-000-t2f.nii.gz,2946539,0e9878dbd3a46650dd6b36be57549dfcb9591a4c0042329d7a675d9916b1a2e9,81469e1714c295c81dc2d0e673219de8,240x240x155,1x1x1,float32,,
africa,BraTS-SSA-00123,000,t2,BraTS-SSA-00123-000-t2w.nii.gz,external_brats_africa/PKG - BraTS-Africa/BraTS-Africa/51_OtherNeoplasms/BraTS-SSA-00123-000/BraTS-SSA-00123-000-t2w.nii.gz,external_brats_africa.tar,external_brats_africa/PKG - BraTS-Africa/BraTS-Africa/51_OtherNeoplasms/BraTS-SSA-00123-000/BraTS-SSA-00123-000-t2w.nii.gz,2843561,e1cf3c8d400d8a231b47649642da003e2c26d3299fadf69217eb249520e5aa2f,d61374b40680be485d76a38a94c05424,240x240x155,1x1x1,float32,,
africa,BraTS-SSA-00166,000,t1,BraTS-SSA-00166-000-t1n.nii.gz,external_brats_africa/PKG - BraTS-Africa/BraTS-Africa/51_OtherNeoplasms/BraTS-SSA-00166-000/BraTS-SSA-00166-000-t1n.nii.gz,external_brats_africa.tar,external_brats_africa/PKG - BraTS-Africa/BraTS-Africa/51_OtherNeoplasms/BraTS-SSA-00166-000/BraTS-SSA-00166-000-t1n.nii.gz,2628087,1e6bddbfde43ff22049f8eb1c716838ef2ac0aceec1e0f762166c25bb92cd4f2,3f932ad734a5a8cfd21af7e0b661777f,240x240x155,1x1x1,float32,,
africa,BraTS-SSA-00166,000,flair,BraTS-SSA-00166-000-t2f.nii.gz,external_brats_africa/PKG - BraTS-Africa/BraTS-Africa/51_OtherNeoplasms/BraTS-SSA-00166-000/BraTS-SSA-00166-000-t2f.nii.gz,external_brats_africa.tar,external_brats_africa/PKG - BraTS-Africa/BraTS-Africa/51_OtherNeoplasms/BraTS-SSA-00166-000/BraTS-SSA-00166-000-t2f.nii.gz,2748754,79cbe03989ebddd1942f371b8c9c3942d93f92720f53add92abb33cc4cb9c965,8dd317833b5d6a5c29e9a80e345450e6,240x240x155,1x1x1,float32,,
africa,BraTS-SSA-00166,000,t1ce,BraTS-SSA-00166-000-t1c.nii.gz,external_brats_africa/PKG - BraTS-Africa/BraTS-Africa/51_OtherNeoplasms/BraTS-SSA-00166-000/BraTS-SSA-00166-000-t1c.nii.gz,external_brats_africa.tar,external_brats_africa/PKG - BraTS-Africa/BraTS-Africa/51_OtherNeoplasms/BraTS-SSA-00166-000/BraTS-SSA-00166-000-t1c.nii.gz,2703010,cde600c60e42e038372df84852fd6ca285b8feb068defe23bac5df8f04f8193c,7d58b9ceabbe582d26f2ff77131089de,240x240x155,1x1x1,float32,,
africa,BraTS-SSA-00166,000,seg,BraTS-SSA-00166-000-seg.nii.gz,external_brats_africa/PKG - BraTS-Africa/BraTS-Africa/51_OtherNeoplasms/BraTS-SSA-00166-000/BraTS-SSA-00166-000-seg.nii.gz,external_brats_africa.tar,external_brats_africa/PKG - BraTS-Africa/BraTS-Africa/51_OtherNeoplasms/BraTS-SSA-00166-000/BraTS-SSA-00166-000-seg.nii.gz,38860,7d4efc23f361d52887d0d5c568f480a86bcc9599accbd2747905f77f334f0d74,f9d1972d6d7187f4948d1a33807ebe77,240x240x155,1x1x1,float32,"0,1,2,3",
africa,BraTS-SSA-00166,000,t2,BraTS-SSA-00166-000-t2w.nii.gz,external_brats_africa/PKG - BraTS-Africa/BraTS-Africa/51_OtherNeoplasms/BraTS-SSA-00166-000/BraTS-SSA-00166-000-t2w.nii.gz,external_brats_africa.tar,external_brats_africa/PKG - BraTS-Africa/BraTS-Africa/51_OtherNeoplasms/BraTS-SSA-00166-000/BraTS-SSA-00166-000-t2w.nii.gz,2816164,42ba91f7a26124d01b8e7531928e65475640ccf5a7b190680b42bd7aeaab98cd,e31ffe17b78e8579f30b0a28a2b4b9e6,240x240x155,1x1x1,float32,,
africa,BraTS-SSA-00128,000,t1,BraTS-SSA-00128-000-t1n.nii.gz,external_brats_africa/PKG - BraTS-Africa/BraTS-Africa/51_OtherNeoplasms/BraTS-SSA-00128-000/BraTS-SSA-00128-000-t1n.nii.gz,external_brats_africa.tar,external_brats_africa/PKG - BraTS-Africa/BraTS-Africa/51_OtherNeoplasms/BraTS-SSA-00128-000/BraTS-SSA-00128-000-t1n.nii.gz,2486105,95b3808af170e114d8332b64f9f19b9de64457cfac349751409e0920c65f8e14,0f0ded72abf7659c47320afa418fa2e4,240x240x155,1x1x1,float32,,
africa,BraTS-SSA-00128,000,seg,BraTS-SSA-00128-000-seg.nii.gz,external_brats_africa/PKG - BraTS-Africa/BraTS-Africa/51_OtherNeoplasms/BraTS-SSA-00128-000/BraTS-SSA-00128-000-seg.nii.gz,external_brats_africa.tar,external_brats_africa/PKG - BraTS-Africa/BraTS-Africa/51_OtherNeoplasms/BraTS-SSA-00128-000/BraTS-SSA-00128-000-seg.nii.gz,40635,70811b2f7f63dd5a0f6481a166a34c09702f49110054411b293eec013482a922,2a9a1b783daa60ec800938c7ecb4fdcb,240x240x155,1x1x1,float32,"0,2,3",
africa,BraTS-SSA-00128,000,t1ce,BraTS-SSA-00128-000-t1c.nii.gz,external_brats_africa/PKG - BraTS-Africa/BraTS-Africa/51_OtherNeoplasms/BraTS-SSA-00128-000/BraTS-SSA-00128-000-t1c.nii.gz,external_brats_africa.tar,external_brats_africa/PKG - BraTS-Africa/BraTS-Africa/51_OtherNeoplasms/BraTS-SSA-00128-000/BraTS-SSA-00128-000-t1c.nii.gz,2470293,96764999503fdb9955b726f512427639aa9b9c370784516cba7c95b09eeecac8,432ebc2f57ed83625d06083556b5423f,240x240x155,1x1x1,float32,,
africa,BraTS-SSA-00128,000,flair,BraTS-SSA-00128-000-t2f.nii.gz,external_brats_africa/PKG - BraTS-Africa/BraTS-Africa/51_OtherNeoplasms/BraTS-SSA-00128-000/BraTS-SSA-00128-000-t2f.nii.gz,external_brats_africa.tar,external_brats_africa/PKG - BraTS-Africa/BraTS-Africa/51_OtherNeoplasms/BraTS-SSA-00128-000/BraTS-SSA-00128-000-t2f.nii.gz,2627810,79952b0da1b0da067448674010ef221e3cd642a3359fdf16fcd8e379d0c3f588,8c65ec7690f515b4df295dc7ad93a8df,240x240x155,1x1x1,float32,,
africa,BraTS-SSA-00128,000,t2,BraTS-SSA-00128-000-t2w.nii.gz,external_brats_africa/PKG - BraTS-Africa/BraTS-Africa/51_OtherNeoplasms/BraTS-SSA-00128-000/BraTS-SSA-00128-000-t2w.nii.gz,external_brats_africa.tar,external_brats_africa/PKG - BraTS-Africa/BraTS-Africa/51_OtherNeoplasms/BraTS-SSA-00128-000/BraTS-SSA-00128-000-t2w.nii.gz,2489962,274cc4f161b52604ab036c8ba637ad0e02b6581fc861a99505193feaac384790,24db46a66ef820103415496bd0c1aca2,240x240x155,1x1x1,float32,,
africa,BraTS-SSA-00111,000,flair,BraTS-SSA-00111-000-t2f.nii.gz,external_brats_africa/PKG - BraTS-Africa/BraTS-Africa/51_OtherNeoplasms/BraTS-SSA-00111-000/BraTS-SSA-00111-000-t2f.nii.gz,external_brats_africa.tar,external_brats_africa/PKG - BraTS-Africa/BraTS-Africa/51_OtherNeoplasms/BraTS-SSA-00111-000/BraTS-SSA-00111-000-t2f.nii.gz,2275057,78358434096443e726857a6f85c990af3fc1f5443e26d509969df5d781b653a9,9a85d6b803bb0ee559d2a1f00ef02999,240x240x155,1x1x1,float32,,
africa,BraTS-SSA-00111,000,t1ce,BraTS-SSA-00111-000-t1c.nii.gz,external_brats_africa/PKG - BraTS-Africa/BraTS-Africa/51_OtherNeoplasms/BraTS-SSA-00111-000/BraTS-SSA-00111-000-t1c.nii.gz,external_brats_africa.tar,external_brats_africa/PKG - BraTS-Africa/BraTS-Africa/51_OtherNeoplasms/BraTS-SSA-00111-000/BraTS-SSA-00111-000-t1c.nii.gz,2353388,221acae641c9c9f5f04cb75fee72d2fd722a42d2367b301b0d0c145795cd0ca2,bf1849effe60cd760bc7115d400a12b2,240x240x155,1x1x1,float32,,
africa,BraTS-SSA-00111,000,t2,BraTS-SSA-00111-000-t2w.nii.gz,external_brats_africa/PKG - BraTS-Africa/BraTS-Africa/51_OtherNeoplasms/BraTS-SSA-00111-000/BraTS-SSA-00111-000-t2w.nii.gz,external_brats_africa.tar,external_brats_africa/PKG - BraTS-Africa/BraTS-Africa/51_OtherNeoplasms/BraTS-SSA-00111-000/BraTS-SSA-00111-000-t2w.nii.gz,2581470,de40d15bae75aa4b94c335ba8d23fd422ffc764f2a299dc1d0375e9e469a447c,767c867ad76363fc04ec92052dc3de85,240x240x155,1x1x1,float32,,
africa,BraTS-SSA-00111,000,t1,BraTS-SSA-00111-000-t1n.nii.gz,external_brats_africa/PKG - BraTS-Africa/BraTS-Africa/51_OtherNeoplasms/BraTS-SSA-00111-000/BraTS-SSA-00111-000-t1n.nii.gz,external_brats_africa.tar,external_brats_africa/PKG - BraTS-Africa/BraTS-Africa/51_OtherNeoplasms/BraTS-SSA-00111-000/BraTS-SSA-00111-000-t1n.nii.gz,2381746,ee455320dfc4abc726238e789d2df3a3249f1dedd4a01333b1f45214566149e5,f0712a2e4c7136ae79ef0a75b0c84cae,240x240x155,1x1x1,float32,,
africa,BraTS-SSA-00111,000,seg,BraTS-SSA-00111-000-seg.nii.gz,external_brats_africa/PKG - BraTS-Africa/BraTS-Africa/51_OtherNeoplasms/BraTS-SSA-00111-000/BraTS-SSA-00111-000-seg.nii.gz,external_brats_africa.tar,external_brats_africa/PKG - BraTS-Africa/BraTS-Africa/51_OtherNeoplasms/BraTS-SSA-00111-000/BraTS-SSA-00111-000-seg.nii.gz,41386,6a5986a3232a1d7ca24ea3fc6beb4ce2c16235d81b495b509ca38a153c500da3,931d5387b31067a27c60b1bf18740e4a,240x240x155,1x1x1,float32,"0,1,2,3",
africa,BraTS-SSA-00185,000,t1,BraTS-SSA-00185-000-t1n.nii.gz,external_brats_africa/PKG - BraTS-Africa/BraTS-Africa/51_OtherNeoplasms/BraTS-SSA-00185-000/BraTS-SSA-00185-000-t1n.nii.gz,external_brats_africa.tar,external_brats_africa/PKG - BraTS-Africa/BraTS-Africa/51_OtherNeoplasms/BraTS-SSA-00185-000/BraTS-SSA-00185-000-t1n.nii.gz,3078071,04a4b7899755df6c18f3ec8107b50e0149258fc8444a112390649899d4974c68,f29c83a079a7fcc908a15d72ef68af23,240x240x155,1x1x1,float32,,
africa,BraTS-SSA-00185,000,seg,BraTS-SSA-00185-000-seg.nii.gz,external_brats_africa/PKG - BraTS-Africa/BraTS-Africa/51_OtherNeoplasms/BraTS-SSA-00185-000/BraTS-SSA-00185-000-seg.nii.gz,external_brats_africa.tar,external_brats_africa/PKG - BraTS-Africa/BraTS-Africa/51_OtherNeoplasms/BraTS-SSA-00185-000/BraTS-SSA-00185-000-seg.nii.gz,63098,ec678df216019c546d956afe48612b43837b1f978e64e8771150de6c3f612669,0be866327b7dc1603ca107dbab8931e3,240x240x155,1x1x1,float32,"0,1,2,3",
africa,BraTS-SSA-00185,000,t2,BraTS-SSA-00185-000-t2w.nii.gz,external_brats_africa/PKG - BraTS-Africa/BraTS-Africa/51_OtherNeoplasms/BraTS-SSA-00185-000/BraTS-SSA-00185-000-t2w.nii.gz,external_brats_africa.tar,external_brats_africa/PKG - BraTS-Africa/BraTS-Africa/51_OtherNeoplasms/BraTS-SSA-00185-000/BraTS-SSA-00185-000-t2w.nii.gz,3206870,2eeca56244cec9355bf24b64750fd4720fa053c859cef9f895aa7fc98d9df0f4,4c0860f6d4b574f0c1b4707d8cf9e111,240x240x155,1x1x1,float32,,
africa,BraTS-SSA-00185,000,t1ce,BraTS-SSA-00185-000-t1c.nii.gz,external_brats_africa/PKG - BraTS-Africa/BraTS-Africa/51_OtherNeoplasms/BraTS-SSA-00185-000/BraTS-SSA-00185-000-t1c.nii.gz,external_brats_africa.tar,external_brats_africa/PKG - BraTS-Africa/BraTS-Africa/51_OtherNeoplasms/BraTS-SSA-00185-000/BraTS-SSA-00185-000-t1c.nii.gz,3082147,2fea2b133c251c29b141cf175f4825fd16feca3d53895950369390e6279faaa0,af5f81333355eac98cda3043aa6cb13c,240x240x155,1x1x1,float32,,
africa,BraTS-SSA-00185,000,flair,BraTS-SSA-00185-000-t2f.nii.gz,external_brats_africa/PKG - BraTS-Africa/BraTS-Africa/51_OtherNeoplasms/BraTS-SSA-00185-000/BraTS-SSA-00185-000-t2f.nii.gz,external_brats_africa.tar,external_brats_africa/PKG - BraTS-Africa/BraTS-Africa/51_OtherNeoplasms/BraTS-SSA-00185-000/BraTS-SSA-00185-000-t2f.nii.gz,3145032,a892f032687f25888cc2d8e2f61fb6211ab08f2bd9c9c5765d53e85adbcf2ecb,9553ecc249e66428260c871916024eba,240x240x155,1x1x1,float32,,
africa,BraTS-SSA-00222,000,t2,BraTS-SSA-00222-000-t2w.nii.gz,external_brats_africa/PKG - BraTS-Africa/BraTS-Africa/51_OtherNeoplasms/BraTS-SSA-00222-000/BraTS-SSA-00222-000-t2w.nii.gz,external_brats_africa.tar,external_brats_africa/PKG - BraTS-Africa/BraTS-Africa/51_OtherNeoplasms/BraTS-SSA-00222-000/BraTS-SSA-00222-000-t2w.nii.gz,2962459,fb2618dc55e01037a0bcf6296cfe640f0275a5bcb4e0ab0b98a8945a12f3fa19,2ba0590a53ebb052b38176c80f93bac9,240x240x155,1x1x1,float32,,
africa,BraTS-SSA-00222,000,seg,BraTS-SSA-00222-000-seg.nii.gz,external_brats_africa/PKG - BraTS-Africa/BraTS-Africa/51_OtherNeoplasms/BraTS-SSA-00222-000/BraTS-SSA-00222-000-seg.nii.gz,external_brats_africa.tar,external_brats_africa/PKG - BraTS-Africa/BraTS-Africa/51_OtherNeoplasms/BraTS-SSA-00222-000/BraTS-SSA-00222-000-seg.nii.gz,67490,0a35c74e096f9c78a9a22d82bc2c7ffa491865e211671c7e3abec8254ff38327,b7d23744abe504716dcc1935230d25c8,240x240x155,1x1x1,float32,"0,1,2,3",
africa,BraTS-SSA-00222,000,flair,BraTS-SSA-00222-000-t2f.nii.gz,external_brats_africa/PKG - BraTS-Africa/BraTS-Africa/51_OtherNeoplasms/BraTS-SSA-00222-000/BraTS-SSA-00222-000-t2f.nii.gz,external_brats_africa.tar,external_brats_africa/PKG - BraTS-Africa/BraTS-Africa/51_OtherNeoplasms/BraTS-SSA-00222-000/BraTS-SSA-00222-000-t2f.nii.gz,2842561,0a0925c15ca229c877718affcbb2b881ec997809f68919a4bead7385a232a1cb,a81cce33c511abfa3fa349fd5f66afe2,240x240x155,1x1x1,float32,,
africa,BraTS-SSA-00222,000,t1ce,BraTS-SSA-00222-000-t1c.nii.gz,external_brats_africa/PKG - BraTS-Africa/BraTS-Africa/51_OtherNeoplasms/BraTS-SSA-00222-000/BraTS-SSA-00222-000-t1c.nii.gz,external_brats_africa.tar,external_brats_africa/PKG - BraTS-Africa/BraTS-Africa/51_OtherNeoplasms/BraTS-SSA-00222-000/BraTS-SSA-00222-000-t1c.nii.gz,2807082,d481e58ec807fe07c7f4777b42aeed3c6958f6debcb2d04e52771dcee415357c,8face9e576fd4d17eb5d0cb23da47ce1,240x240x155,1x1x1,float32,,
africa,BraTS-SSA-00222,000,t1,BraTS-SSA-00222-000-t1n.nii.gz,external_brats_africa/PKG - BraTS-Africa/BraTS-Africa/51_OtherNeoplasms/BraTS-SSA-00222-000/BraTS-SSA-00222-000-t1n.nii.gz,external_brats_africa.tar,external_brats_africa/PKG - BraTS-Africa/BraTS-Africa/51_OtherNeoplasms/BraTS-SSA-00222-000/BraTS-SSA-00222-000-t1n.nii.gz,2820129,0b7f0b3cf6535e7c716cbfcfc4e370454b4fbf0d5ca8ada471e5eccc7d94d62a,372e306dfd482e02b7d3389e0a949949,240x240x155,1x1x1,float32,,
africa,BraTS-SSA-00124,000,seg,BraTS-SSA-00124-000-seg.nii.gz,external_brats_africa/PKG - BraTS-Africa/BraTS-Africa/51_OtherNeoplasms/BraTS-SSA-00124-000/BraTS-SSA-00124-000-seg.nii.gz,external_brats_africa.tar,external_brats_africa/PKG - BraTS-Africa/BraTS-Africa/51_OtherNeoplasms/BraTS-SSA-00124-000/BraTS-SSA-00124-000-seg.nii.gz,62376,5a1bfaacd876e6885a968e93e413c0e6ec02c595ac72fcea337b2c181dcffbfd,22aa6ca36cdf1602cbeed1fcc6133f14,240x240x155,1x1x1,float32,"0,1,2,3",
africa,BraTS-SSA-00124,000,t1,BraTS-SSA-00124-000-t1n.nii.gz,external_brats_africa/PKG - BraTS-Africa/BraTS-Africa/51_OtherNeoplasms/BraTS-SSA-00124-000/BraTS-SSA-00124-000-t1n.nii.gz,external_brats_africa.tar,external_brats_africa/PKG - BraTS-Africa/BraTS-Africa/51_OtherNeoplasms/BraTS-SSA-00124-000/BraTS-SSA-00124-000-t1n.nii.gz,3226967,3aed6d43aa811e371016c4f160967a9c6a3838fce99bd78d0b1031a4fa87b331,8f1b7c029d994d5e7761abdaa0cc473a,240x240x155,1x1x1,float32,,
africa,BraTS-SSA-00124,000,flair,BraTS-SSA-00124-000-t2f.nii.gz,external_brats_africa/PKG - BraTS-Africa/BraTS-Africa/51_OtherNeoplasms/BraTS-SSA-00124-000/BraTS-SSA-00124-000-t2f.nii.gz,external_brats_africa.tar,external_brats_africa/PKG - BraTS-Africa/BraTS-Africa/51_OtherNeoplasms/BraTS-SSA-00124-000/BraTS-SSA-00124-000-t2f.nii.gz,3443100,5ba73ac4884b8dedc1404f178defb53ac5a55ddf8cd68f4995ac913312c3f24f,06d204adf03653292e473d6b24535997,240x240x155,1x1x1,float32,,
africa,BraTS-SSA-00124,000,t1ce,BraTS-SSA-00124-000-t1c.nii.gz,external_brats_africa/PKG - BraTS-Africa/BraTS-Africa/51_OtherNeoplasms/BraTS-SSA-00124-000/BraTS-SSA-00124-000-t1c.nii.gz,external_brats_africa.tar,external_brats_africa/PKG - BraTS-Africa/BraTS-Africa/51_OtherNeoplasms/BraTS-SSA-00124-000/BraTS-SSA-00124-000-t1c.nii.gz,3250768,c2876196b6088389e66544d1bf913067c054b68805a82cb8fd4199dc5d606f94,b0a0e034507e2242e251254479c45163,240x240x155,1x1x1,float32,,
africa,BraTS-SSA-00124,000,t2,BraTS-SSA-00124-000-t2w.nii.gz,external_brats_africa/PKG - BraTS-Africa/BraTS-Africa/51_OtherNeoplasms/BraTS-SSA-00124-000/BraTS-SSA-00124-000-t2w.nii.gz,external_brats_africa.tar,external_brats_africa/PKG - BraTS-Africa/BraTS-Africa/51_OtherNeoplasms/BraTS-SSA-00124-000/BraTS-SSA-00124-000-t2w.nii.gz,3354673,a888663ddcd796788d8b9d686a91fe8ef92b46593303b45970ec19a12d3001bb,84b1f8e64c7ae33a7691ca08b4cffb20,240x240x155,1x1x1,float32,,
africa,BraTS-SSA-00168,000,t2,BraTS-SSA-00168-000-t2w.nii.gz,external_brats_africa/PKG - BraTS-Africa/BraTS-Africa/51_OtherNeoplasms/BraTS-SSA-00168-000/BraTS-SSA-00168-000-t2w.nii.gz,external_brats_africa.tar,external_brats_africa/PKG - BraTS-Africa/BraTS-Africa/51_OtherNeoplasms/BraTS-SSA-00168-000/BraTS-SSA-00168-000-t2w.nii.gz,2961384,cf8a192e2b5263aa49d82547bd65d243774ae3517f23697b641e675b14ed6a9f,401d991ecc20293bd07be8689c821c47,240x240x155,1x1x1,float32,,
africa,BraTS-SSA-00168,000,t1,BraTS-SSA-00168-000-t1n.nii.gz,external_brats_africa/PKG - BraTS-Africa/BraTS-Africa/51_OtherNeoplasms/BraTS-SSA-00168-000/BraTS-SSA-00168-000-t1n.nii.gz,external_brats_africa.tar,external_brats_africa/PKG - BraTS-Africa/BraTS-Africa/51_OtherNeoplasms/BraTS-SSA-00168-000/BraTS-SSA-00168-000-t1n.nii.gz,2894773,c0857c704f52d7880e73c59c6daa51851e5a9c0f512d31fc421552405b5ce3c3,0b22a05e36b1418b80161686aab4fd04,240x240x155,1x1x1,float32,,
africa,BraTS-SSA-00168,000,t1ce,BraTS-SSA-00168-000-t1c.nii.gz,external_brats_africa/PKG - BraTS-Africa/BraTS-Africa/51_OtherNeoplasms/BraTS-SSA-00168-000/BraTS-SSA-00168-000-t1c.nii.gz,external_brats_africa.tar,external_brats_africa/PKG - BraTS-Africa/BraTS-Africa/51_OtherNeoplasms/BraTS-SSA-00168-000/BraTS-SSA-00168-000-t1c.nii.gz,2979595,f351d2c31012e1d97e03a3169989354c5da88e353104313d57dfd13739b3cf17,45c0e0680b7bcef6a0402ec6b078d095,240x240x155,1x1x1,float32,,
africa,BraTS-SSA-00168,000,seg,BraTS-SSA-00168-000-seg.nii.gz,external_brats_africa/PKG - BraTS-Africa/BraTS-Africa/51_OtherNeoplasms/BraTS-SSA-00168-000/BraTS-SSA-00168-000-seg.nii.gz,external_brats_africa.tar,external_brats_africa/PKG - BraTS-Africa/BraTS-Africa/51_OtherNeoplasms/BraTS-SSA-00168-000/BraTS-SSA-00168-000-seg.nii.gz,42201,af52a5dc305da600a2ba8e7cca2a186049c09d205f70e263a7d6f124cff0e389,ad2bafde1dbb9ce44d784c74575f1b4f,240x240x155,1x1x1,float32,"0,1,2,3",
africa,BraTS-SSA-00168,000,flair,BraTS-SSA-00168-000-t2f.nii.gz,external_brats_africa/PKG - BraTS-Africa/BraTS-Africa/51_OtherNeoplasms/BraTS-SSA-00168-000/BraTS-SSA-00168-000-t2f.nii.gz,external_brats_africa.tar,external_brats_africa/PKG - BraTS-Africa/BraTS-Africa/51_OtherNeoplasms/BraTS-SSA-00168-000/BraTS-SSA-00168-000-t2f.nii.gz,3058025,100af46bc5b9bf5d8ce7addf643c2495512a1019b0a167382fd55c8796f454b5,344d51787a6aec2a8b5c96a9cf2bb3c5,240x240x155,1x1x1,float32,,
africa,BraTS-SSA-00208,000,t1ce,BraTS-SSA-00208-000-t1c.nii.gz,external_brats_africa/PKG - BraTS-Africa/BraTS-Africa/51_OtherNeoplasms/BraTS-SSA-00208-000/BraTS-SSA-00208-000-t1c.nii.gz,external_brats_africa.tar,external_brats_africa/PKG - BraTS-Africa/BraTS-Africa/51_OtherNeoplasms/BraTS-SSA-00208-000/BraTS-SSA-00208-000-t1c.nii.gz,2721336,36e4ec70c360ee726f4fea189fcdc83cdad4ecb477a3f0b5c112d406e402f69a,22d1497f6f1f41b279a2668db60683ee,240x240x155,1x1x1,float32,,
africa,BraTS-SSA-00208,000,t2,BraTS-SSA-00208-000-t2w.nii.gz,external_brats_africa/PKG - BraTS-Africa/BraTS-Africa/51_OtherNeoplasms/BraTS-SSA-00208-000/BraTS-SSA-00208-000-t2w.nii.gz,external_brats_africa.tar,external_brats_africa/PKG - BraTS-Africa/BraTS-Africa/51_OtherNeoplasms/BraTS-SSA-00208-000/BraTS-SSA-00208-000-t2w.nii.gz,2876200,d02ea11a438e9e71f3615f2e617f1aac581b92c08a4f675f46fa05849e027de8,2420aceb47fd5390568c3882e43c30e2,240x240x155,1x1x1,float32,,
africa,BraTS-SSA-00208,000,t1,BraTS-SSA-00208-000-t1n.nii.gz,external_brats_africa/PKG - BraTS-Africa/BraTS-Africa/51_OtherNeoplasms/BraTS-SSA-00208-000/BraTS-SSA-00208-000-t1n.nii.gz,external_brats_africa.tar,external_brats_africa/PKG - BraTS-Africa/BraTS-Africa/51_OtherNeoplasms/BraTS-SSA-00208-000/BraTS-SSA-00208-000-t1n.nii.gz,2716901,64dee00b11ff2ecb2e7a550fb90707f9f3e347101f80eba4df7fb45131939319,13fba31ca809c1f26b2de1823be038c0,240x240x155,1x1x1,float32,,
africa,BraTS-SSA-00208,000,flair,BraTS-SSA-00208-000-t2f.nii.gz,external_brats_africa/PKG - BraTS-Africa/BraTS-Africa/51_OtherNeoplasms/BraTS-SSA-00208-000/BraTS-SSA-00208-000-t2f.nii.gz,external_brats_africa.tar,external_brats_africa/PKG - BraTS-Africa/BraTS-Africa/51_OtherNeoplasms/BraTS-SSA-00208-000/BraTS-SSA-00208-000-t2f.nii.gz,2711220,3ac4f5ea64f737d3d71f07ff0bad0feefb4f18f03ef78105f929d08e3504fe82,e8e4ef9c704f1c2cbef6a3d07de64b7c,240x240x155,1x1x1,float32,,
africa,BraTS-SSA-00208,000,seg,BraTS-SSA-00208-000-seg.nii.gz,external_brats_africa/PKG - BraTS-Africa/BraTS-Africa/51_OtherNeoplasms/BraTS-SSA-00208-000/BraTS-SSA-00208-000-seg.nii.gz,external_brats_africa.tar,external_brats_africa/PKG - BraTS-Africa/BraTS-Africa/51_OtherNeoplasms/BraTS-SSA-00208-000/BraTS-SSA-00208-000-seg.nii.gz,43137,13661e7f55523c478bfefe4af9f200135fd1dd09830269591676848d2722ab20,76cd02c9625ccd92e07532278085161d,240x240x155,1x1x1,float32,"0,1,2,3",
africa,BraTS-SSA-00170,000,t1ce,BraTS-SSA-00170-000-t1c.nii.gz,external_brats_africa/PKG - BraTS-Africa/BraTS-Africa/51_OtherNeoplasms/BraTS-SSA-00170-000/BraTS-SSA-00170-000-t1c.nii.gz,external_brats_africa.tar,external_brats_africa/PKG - BraTS-Africa/BraTS-Africa/51_OtherNeoplasms/BraTS-SSA-00170-000/BraTS-SSA-00170-000-t1c.nii.gz,2422811,5f26e5719a98c660f2e07596829d929962529e2c88d734b982c26fb4ed46a9fe,64d76ab21c51b57b8c3fe862bf6e29c6,240x240x155,1x1x1,float32,,
africa,BraTS-SSA-00170,000,t2,BraTS-SSA-00170-000-t2w.nii.gz,external_brats_africa/PKG - BraTS-Africa/BraTS-Africa/51_OtherNeoplasms/BraTS-SSA-00170-000/BraTS-SSA-00170-000-t2w.nii.gz,external_brats_africa.tar,external_brats_africa/PKG - BraTS-Africa/BraTS-Africa/51_OtherNeoplasms/BraTS-SSA-00170-000/BraTS-SSA-00170-000-t2w.nii.gz,2552448,f5e3df6522de38773408b4a225880f80f455199724f9f630603dc99fd9eaecba,044c6006db0c645a60defd4db45608cc,240x240x155,1x1x1,float32,,
africa,BraTS-SSA-00170,000,flair,BraTS-SSA-00170-000-t2f.nii.gz,external_brats_africa/PKG - BraTS-Africa/BraTS-Africa/51_OtherNeoplasms/BraTS-SSA-00170-000/BraTS-SSA-00170-000-t2f.nii.gz,external_brats_africa.tar,external_brats_africa/PKG - BraTS-Africa/BraTS-Africa/51_OtherNeoplasms/BraTS-SSA-00170-000/BraTS-SSA-00170-000-t2f.nii.gz,2601480,72d0737780b00524359afa99b4220540f66e7350d8a4e532b87a3d633c8ff6da,ff4625a2d0ae97ee6c86e7fddf29b710,240x240x155,1x1x1,float32,,
africa,BraTS-SSA-00170,000,t1,BraTS-SSA-00170-000-t1n.nii.gz,external_brats_africa/PKG - BraTS-Africa/BraTS-Africa/51_OtherNeoplasms/BraTS-SSA-00170-000/BraTS-SSA-00170-000-t1n.nii.gz,external_brats_africa.tar,external_brats_africa/PKG - BraTS-Africa/BraTS-Africa/51_OtherNeoplasms/BraTS-SSA-00170-000/BraTS-SSA-00170-000-t1n.nii.gz,2430348,afeb6f29fc25dc5944f42cd61cb287b282b908b0368d7f1fb86d761921cd8e71,1f4b4549ed8bd9a006eb8108b23ed11f,240x240x155,1x1x1,float32,,
africa,BraTS-SSA-00170,000,seg,BraTS-SSA-00170-000-seg.nii.gz,external_brats_africa/PKG - BraTS-Africa/BraTS-Africa/51_OtherNeoplasms/BraTS-SSA-00170-000/BraTS-SSA-00170-000-seg.nii.gz,external_brats_africa.tar,external_brats_africa/PKG - BraTS-Africa/BraTS-Africa/51_OtherNeoplasms/BraTS-SSA-00170-000/BraTS-SSA-00170-000-seg.nii.gz,55219,e4816ee8412f4e334a4927779957346e1b6c84203bbe54425b4729345835efc1,da8d3543703013bb5f6a98938617b84e,240x240x155,1x1x1,float32,"0,1,2,3",
africa,BraTS-SSA-00009,000,flair,BraTS-SSA-00009-000-t2f.nii.gz,external_brats_africa/PKG - BraTS-Africa/BraTS-Africa/51_OtherNeoplasms/BraTS-SSA-00009-000/BraTS-SSA-00009-000-t2f.nii.gz,external_brats_africa.tar,external_brats_africa/PKG - BraTS-Africa/BraTS-Africa/51_OtherNeoplasms/BraTS-SSA-00009-000/BraTS-SSA-00009-000-t2f.nii.gz,4162433,d6bbf300e1f50aaf113cc57b81362798aca6596e9ae2bfbe56f248894980bedd,b8d0563f71f7d6d63c47dc28d9c1bbf0,240x240x155,1x1x1,float32,,
africa,BraTS-SSA-00009,000,seg,BraTS-SSA-00009-000-seg.nii.gz,external_brats_africa/PKG - BraTS-Africa/BraTS-Africa/51_OtherNeoplasms/BraTS-SSA-00009-000/BraTS-SSA-00009-000-seg.nii.gz,external_brats_africa.tar,external_brats_africa/PKG - BraTS-Africa/BraTS-Africa/51_OtherNeoplasms/BraTS-SSA-00009-000/BraTS-SSA-00009-000-seg.nii.gz,38832,76ffb0e81e000c470dd9062b812e748856a2d5ebe8f83f3ce0012a8a19c71144,353ba0e661ee72dcd877709af43d2f7f,240x240x155,1x1x1,float32,"0,1,3",
africa,BraTS-SSA-00009,000,t1,BraTS-SSA-00009-000-t1n.nii.gz,external_brats_africa/PKG - BraTS-Africa/BraTS-Africa/51_OtherNeoplasms/BraTS-SSA-00009-000/BraTS-SSA-00009-000-t1n.nii.gz,external_brats_africa.tar,external_brats_africa/PKG - BraTS-Africa/BraTS-Africa/51_OtherNeoplasms/BraTS-SSA-00009-000/BraTS-SSA-00009-000-t1n.nii.gz,4059300,c1c6d7e4ce5d47bf48fb67356ff3fbbd8d27d99a4a5bca46f3c5182db9789c71,3e2336c90a00f0a7157334bc159dbd52,240x240x155,1x1x1,float32,,
africa,BraTS-SSA-00009,000,t2,BraTS-SSA-00009-000-t2w.nii.gz,external_brats_africa/PKG - BraTS-Africa/BraTS-Africa/51_OtherNeoplasms/BraTS-SSA-00009-000/BraTS-SSA-00009-000-t2w.nii.gz,external_brats_africa.tar,external_brats_africa/PKG - BraTS-Africa/BraTS-Africa/51_OtherNeoplasms/BraTS-SSA-00009-000/BraTS-SSA-00009-000-t2w.nii.gz,4309441,a79b95610c5ffbd163d88b253cccc1bf6bdbe54ab49e1b3dd07c1b45509bf202,3b0e07935f1aad418c58566dc2a94c29,240x240x155,1x1x1,float32,,
africa,BraTS-SSA-00009,000,t1ce,BraTS-SSA-00009-000-t1c.nii.gz,external_brats_africa/PKG - BraTS-Africa/BraTS-Africa/51_OtherNeoplasms/BraTS-SSA-00009-000/BraTS-SSA-00009-000-t1c.nii.gz,external_brats_africa.tar,external_brats_africa/PKG - BraTS-Africa/BraTS-Africa/51_OtherNeoplasms/BraTS-SSA-00009-000/BraTS-SSA-00009-000-t1c.nii.gz,4027296,ec71014c5e1985f3391c4a8095e9b70f5eea42e0edc8f14eb7e759742a3f62af,dc6b12d001828a922ed172adba00c2ff,240x240x155,1x1x1,float32,,
africa,BraTS-SSA-00182,000,flair,BraTS-SSA-00182-000-t2f.nii.gz,external_brats_africa/PKG - BraTS-Africa/BraTS-Africa/51_OtherNeoplasms/BraTS-SSA-00182-000/BraTS-SSA-00182-000-t2f.nii.gz,external_brats_africa.tar,external_brats_africa/PKG - BraTS-Africa/BraTS-Africa/51_OtherNeoplasms/BraTS-SSA-00182-000/BraTS-SSA-00182-000-t2f.nii.gz,2915322,24957798198143481a77820df4ec9fd17c4bbdc996fed9fc53c1aad49234c0fc,cc69a8f2a59da62409a21aff7752dd6c,240x240x155,1x1x1,float32,,
africa,BraTS-SSA-00182,000,t1,BraTS-SSA-00182-000-t1n.nii.gz,external_brats_africa/PKG - BraTS-Africa/BraTS-Africa/51_OtherNeoplasms/BraTS-SSA-00182-000/BraTS-SSA-00182-000-t1n.nii.gz,external_brats_africa.tar,external_brats_africa/PKG - BraTS-Africa/BraTS-Africa/51_OtherNeoplasms/BraTS-SSA-00182-000/BraTS-SSA-00182-000-t1n.nii.gz,2757523,3a7c5a6122e5cf2624ce3eb3ffae9b63626c2c139727c38280f64340fb98d0fd,78dcc9f8f66cfad5fb18094b3ddd6156,240x240x155,1x1x1,float32,,
africa,BraTS-SSA-00182,000,t1ce,BraTS-SSA-00182-000-t1c.nii.gz,external_brats_africa/PKG - BraTS-Africa/BraTS-Africa/51_OtherNeoplasms/BraTS-SSA-00182-000/BraTS-SSA-00182-000-t1c.nii.gz,external_brats_africa.tar,external_brats_africa/PKG - BraTS-Africa/BraTS-Africa/51_OtherNeoplasms/BraTS-SSA-00182-000/BraTS-SSA-00182-000-t1c.nii.gz,2791975,99b9e840ec44842d5fd6a947ab1b84d1248f12601426257461eaefe203ecf9ce,41e61705c2b6aa0212fcafbef70d32f3,240x240x155,1x1x1,float32,,
africa,BraTS-SSA-00182,000,t2,BraTS-SSA-00182-000-t2w.nii.gz,external_brats_africa/PKG - BraTS-Africa/BraTS-Africa/51_OtherNeoplasms/BraTS-SSA-00182-000/BraTS-SSA-00182-000-t2w.nii.gz,external_brats_africa.tar,external_brats_africa/PKG - BraTS-Africa/BraTS-Africa/51_OtherNeoplasms/BraTS-SSA-00182-000/BraTS-SSA-00182-000-t2w.nii.gz,2923373,78546ec98329bfdbc4e09410d28d581c1019dd381c4e369908b71b070d64b07d,f3c5f49aebaab2a8cf31e08a83780f80,240x240x155,1x1x1,float32,,
africa,BraTS-SSA-00182,000,seg,BraTS-SSA-00182-000-seg.nii.gz,external_brats_africa/PKG - BraTS-Africa/BraTS-Africa/51_OtherNeoplasms/BraTS-SSA-00182-000/BraTS-SSA-00182-000-seg.nii.gz,external_brats_africa.tar,external_brats_africa/PKG - BraTS-Africa/BraTS-Africa/51_OtherNeoplasms/BraTS-SSA-00182-000/BraTS-SSA-00182-000-seg.nii.gz,54442,d27fe9e5785d69fb8f4f4bd2bbb79e4d8bccb47c45bec68671c2c743d42abaf1,1eff7928a60947cb77939d95f3778623,240x240x155,1x1x1,float32,"0,1,2,3",
africa,BraTS-SSA-00062,000,t1,BraTS-SSA-00062-000-t1n.nii.gz,external_brats_africa/PKG - BraTS-Africa/BraTS-Africa/51_OtherNeoplasms/BraTS-SSA-00062-000/BraTS-SSA-00062-000-t1n.nii.gz,external_brats_africa.tar,external_brats_africa/PKG - BraTS-Africa/BraTS-Africa/51_OtherNeoplasms/BraTS-SSA-00062-000/BraTS-SSA-00062-000-t1n.nii.gz,2472229,d798519e4fe481f485bf960b424a65594340170b38bdf0c01d8437f398e647d3,9eaf517bafaa8e1526728a81efac71f1,240x240x155,1x1x1,float32,,
africa,BraTS-SSA-00062,000,t1ce,BraTS-SSA-00062-000-t1c.nii.gz,external_brats_africa/PKG - BraTS-Africa/BraTS-Africa/51_OtherNeoplasms/BraTS-SSA-00062-000/BraTS-SSA-00062-000-t1c.nii.gz,external_brats_africa.tar,external_brats_africa/PKG - BraTS-Africa/BraTS-Africa/51_OtherNeoplasms/BraTS-SSA-00062-000/BraTS-SSA-00062-000-t1c.nii.gz,2359577,e3db42ca0ec3444491404d007a94ef298f2e4ca4c0bc0736f204fdc1beafb360,b7be80ea7d8b3fa138896d3eaf8ed4f9,240x240x155,1x1x1,float32,,
africa,BraTS-SSA-00062,000,flair,BraTS-SSA-00062-000-t2f.nii.gz,external_brats_africa/PKG - BraTS-Africa/BraTS-Africa/51_OtherNeoplasms/BraTS-SSA-00062-000/BraTS-SSA-00062-000-t2f.nii.gz,external_brats_africa.tar,external_brats_africa/PKG - BraTS-Africa/BraTS-Africa/51_OtherNeoplasms/BraTS-SSA-00062-000/BraTS-SSA-00062-000-t2f.nii.gz,2560857,74b2d2b0e575e71c90b16a9a5719d09fd471e190288cd20cad990306cb76e7aa,dfbd65ce4cbf787cc8548ba0520ed36e,240x240x155,1x1x1,float32,,
africa,BraTS-SSA-00062,000,seg,BraTS-SSA-00062-000-seg.nii.gz,external_brats_africa/PKG - BraTS-Africa/BraTS-Africa/51_OtherNeoplasms/BraTS-SSA-00062-000/BraTS-SSA-00062-000-seg.nii.gz,external_brats_africa.tar,external_brats_africa/PKG - BraTS-Africa/BraTS-Africa/51_OtherNeoplasms/BraTS-SSA-00062-000/BraTS-SSA-00062-000-seg.nii.gz,45051,4457c0c4c52a31184127715e80fef44fe0644d76a644cae1022eedbc18247275,3adeacf257ee6e0da3ec4e7f579c7613,240x240x155,1x1x1,float32,"0,2,3",
africa,BraTS-SSA-00062,000,t2,BraTS-SSA-00062-000-t2w.nii.gz,external_brats_africa/PKG - BraTS-Africa/BraTS-Africa/51_OtherNeoplasms/BraTS-SSA-00062-000/BraTS-SSA-00062-000-t2w.nii.gz,external_brats_africa.tar,external_brats_africa/PKG - BraTS-Africa/BraTS-Africa/51_OtherNeoplasms/BraTS-SSA-00062-000/BraTS-SSA-00062-000-t2w.nii.gz,2828861,7d49f267940b39364526f447d1d12a8e1731e72307e8affbf154b4a1fc9da860,c026a3b44bcf8ef0afaa3251d8c1963b,240x240x155,1x1x1,float32,,
africa,BraTS-SSA-00149,000,seg,BraTS-SSA-00149-000-seg.nii.gz,external_brats_africa/PKG - BraTS-Africa/BraTS-Africa/51_OtherNeoplasms/BraTS-SSA-00149-000/BraTS-SSA-00149-000-seg.nii.gz,external_brats_africa.tar,external_brats_africa/PKG - BraTS-Africa/BraTS-Africa/51_OtherNeoplasms/BraTS-SSA-00149-000/BraTS-SSA-00149-000-seg.nii.gz,48948,9f8ef55ec82ee5a93817d58baf7460ecfa6405d233944db6ffcaff8ffc0136e6,2eceb74b9a9c6dd22601785ae3c17c97,240x240x155,1x1x1,float32,"0,2,3",
africa,BraTS-SSA-00149,000,t1,BraTS-SSA-00149-000-t1n.nii.gz,external_brats_africa/PKG - BraTS-Africa/BraTS-Africa/51_OtherNeoplasms/BraTS-SSA-00149-000/BraTS-SSA-00149-000-t1n.nii.gz,external_brats_africa.tar,external_brats_africa/PKG - BraTS-Africa/BraTS-Africa/51_OtherNeoplasms/BraTS-SSA-00149-000/BraTS-SSA-00149-000-t1n.nii.gz,2292882,ca92ee7814b6de6b04b2a14d28b3188177098f2dcc4306a4ec3bc88976461150,6a9cde4455887f3568ddd9af4198d510,240x240x155,1x1x1,float32,,
africa,BraTS-SSA-00149,000,flair,BraTS-SSA-00149-000-t2f.nii.gz,external_brats_africa/PKG - BraTS-Africa/BraTS-Africa/51_OtherNeoplasms/BraTS-SSA-00149-000/BraTS-SSA-00149-000-t2f.nii.gz,external_brats_africa.tar,external_brats_africa/PKG - BraTS-Africa/BraTS-Africa/51_OtherNeoplasms/BraTS-SSA-00149-000/BraTS-SSA-00149-000-t2f.nii.gz,2406005,6af44505c2d1d405942b9ce13511a423528e49ce290446cdf555a7fbec5cf807,e61766511451e1549844d08248c99a08,240x240x155,1x1x1,float32,,
africa,BraTS-SSA-00149,000,t2,BraTS-SSA-00149-000-t2w.nii.gz,external_brats_africa/PKG - BraTS-Africa/BraTS-Africa/51_OtherNeoplasms/BraTS-SSA-00149-000/BraTS-SSA-00149-000-t2w.nii.gz,external_brats_africa.tar,external_brats_africa/PKG - BraTS-Africa/BraTS-Africa/51_OtherNeoplasms/BraTS-SSA-00149-000/BraTS-SSA-00149-000-t2w.nii.gz,2323566,5c23f6bd88454936e9dcc80ec11546d02dd79bc2098beeb10d218660c0df29d8,84176c8205e1e3b23ef5b437148e9ab5,240x240x155,1x1x1,float32,,
africa,BraTS-SSA-00149,000,t1ce,BraTS-SSA-00149-000-t1c.nii.gz,external_brats_africa/PKG - BraTS-Africa/BraTS-Africa/51_OtherNeoplasms/BraTS-SSA-00149-000/BraTS-SSA-00149-000-t1c.nii.gz,external_brats_africa.tar,external_brats_africa/PKG - BraTS-Africa/BraTS-Africa/51_OtherNeoplasms/BraTS-SSA-00149-000/BraTS-SSA-00149-000-t1c.nii.gz,2272682,40b378acea8a54cf0929cf35989d3d69e12402cd45fcc8908c061bd48ae52a05,dd810b72f5086131516df9780738cb9d,240x240x155,1x1x1,float32,,
africa,BraTS-SSA-00040,000,t2,BraTS-SSA-00040-000-t2w.nii.gz,external_brats_africa/PKG - BraTS-Africa/BraTS-Africa/51_OtherNeoplasms/BraTS-SSA-00040-000/BraTS-SSA-00040-000-t2w.nii.gz,external_brats_africa.tar,external_brats_africa/PKG - BraTS-Africa/BraTS-Africa/51_OtherNeoplasms/BraTS-SSA-00040-000/BraTS-SSA-00040-000-t2w.nii.gz,2732338,4089d7ea2cadf7b05b6a7c03b7c3926157fd6e4018198524e49e650f4582e4fc,a763796d7088dd6929b76a8f6649760e,240x240x155,1x1x1,float32,,
africa,BraTS-SSA-00040,000,seg,BraTS-SSA-00040-000-seg.nii.gz,external_brats_africa/PKG - BraTS-Africa/BraTS-Africa/51_OtherNeoplasms/BraTS-SSA-00040-000/BraTS-SSA-00040-000-seg.nii.gz,external_brats_africa.tar,external_brats_africa/PKG - BraTS-Africa/BraTS-Africa/51_OtherNeoplasms/BraTS-SSA-00040-000/BraTS-SSA-00040-000-seg.nii.gz,77626,3d051bcb826495a2b84f5364aa95c3d45994021a6e5daa10185d0a9c68b152d4,1f017611ece0e2956f9876cd023a444e,240x240x155,1x1x1,float32,"0,1,2,3",
africa,BraTS-SSA-00040,000,t1,BraTS-SSA-00040-000-t1n.nii.gz,external_brats_africa/PKG - BraTS-Africa/BraTS-Africa/51_OtherNeoplasms/BraTS-SSA-00040-000/BraTS-SSA-00040-000-t1n.nii.gz,external_brats_africa.tar,external_brats_africa/PKG - BraTS-Africa/BraTS-Africa/51_OtherNeoplasms/BraTS-SSA-00040-000/BraTS-SSA-00040-000-t1n.nii.gz,2421977,2e4f0fc6e7745c3769d85d1598661a88462b09928a980963da4a32dd67f65bc5,f64aad00d6ccec16c081c6a8ba576c35,240x240x155,1x1x1,float32,,
africa,BraTS-SSA-00040,000,flair,BraTS-SSA-00040-000-t2f.nii.gz,external_brats_africa/PKG - BraTS-Africa/BraTS-Africa/51_OtherNeoplasms/BraTS-SSA-00040-000/BraTS-SSA-00040-000-t2f.nii.gz,external_brats_africa.tar,external_brats_africa/PKG - BraTS-Africa/BraTS-Africa/51_OtherNeoplasms/BraTS-SSA-00040-000/BraTS-SSA-00040-000-t2f.nii.gz,2586578,7756b1b6dcceede5efc2261ed023437c39ad7d6aeea63d5a0e86c89152d7fa98,31bd7d5de8b1937c2de5d12b20b62402,240x240x155,1x1x1,float32,,
africa,BraTS-SSA-00040,000,t1ce,BraTS-SSA-00040-000-t1c.nii.gz,external_brats_africa/PKG - BraTS-Africa/BraTS-Africa/51_OtherNeoplasms/BraTS-SSA-00040-000/BraTS-SSA-00040-000-t1c.nii.gz,external_brats_africa.tar,external_brats_africa/PKG - BraTS-Africa/BraTS-Africa/51_OtherNeoplasms/BraTS-SSA-00040-000/BraTS-SSA-00040-000-t1c.nii.gz,2477052,cfc56abeb3fa599fec74e2b63856ef166fe3a8728b88c501a654b1ec6031ef18,67935b00f9bf2c3661000bddf8777d3e,240x240x155,1x1x1,float32,,
africa,BraTS-SSA-00108,000,t1ce,BraTS-SSA-00108-000-t1c.nii.gz,external_brats_africa/PKG - BraTS-Africa/BraTS-Africa/51_OtherNeoplasms/BraTS-SSA-00108-000/BraTS-SSA-00108-000-t1c.nii.gz,external_brats_africa.tar,external_brats_africa/PKG - BraTS-Africa/BraTS-Africa/51_OtherNeoplasms/BraTS-SSA-00108-000/BraTS-SSA-00108-000-t1c.nii.gz,4566534,512518242df9b8ccc706e0109b5e50f406c5572b3f32e07863926bca3f005b7c,b919a616b568f94645735b128dfa6d86,240x240x155,1x1x1,float32,,
africa,BraTS-SSA-00108,000,t1,BraTS-SSA-00108-000-t1n.nii.gz,external_brats_africa/PKG - BraTS-Africa/BraTS-Africa/51_OtherNeoplasms/BraTS-SSA-00108-000/BraTS-SSA-00108-000-t1n.nii.gz,external_brats_africa.tar,external_brats_africa/PKG - BraTS-Africa/BraTS-Africa/51_OtherNeoplasms/BraTS-SSA-00108-000/BraTS-SSA-00108-000-t1n.nii.gz,4602451,afdf83bfc209c6c1d51a2bdf1cfb77511fca221ac2bbf57b36970ce7017d1b3f,dbc7d5a114950009cfa0bef9325ca48f,240x240x155,1x1x1,float32,,
africa,BraTS-SSA-00108,000,seg,BraTS-SSA-00108-000-seg.nii.gz,external_brats_africa/PKG - BraTS-Africa/BraTS-Africa/51_OtherNeoplasms/BraTS-SSA-00108-000/BraTS-SSA-00108-000-seg.nii.gz,external_brats_africa.tar,external_brats_africa/PKG - BraTS-Africa/BraTS-Africa/51_OtherNeoplasms/BraTS-SSA-00108-000/BraTS-SSA-00108-000-seg.nii.gz,67236,3a3d245b96c892744e9308f7bc509c260f271ddf274b9720a69a0dd05108f668,d6da1a11bc7907a39b2a8c2a5185f6ce,240x240x155,1x1x1,float32,"0,1,2,3",
africa,BraTS-SSA-00108,000,t2,BraTS-SSA-00108-000-t2w.nii.gz,external_brats_africa/PKG - BraTS-Africa/BraTS-Africa/51_OtherNeoplasms/BraTS-SSA-00108-000/BraTS-SSA-00108-000-t2w.nii.gz,external_brats_africa.tar,external_brats_africa/PKG - BraTS-Africa/BraTS-Africa/51_OtherNeoplasms/BraTS-SSA-00108-000/BraTS-SSA-00108-000-t2w.nii.gz,4648907,559e0126bd06331d165e5a4065b7e7faa36da7cb5751abffe19e0353a179f968,c66bb49b89b070296557d6a8519d5928,240x240x155,1x1x1,float32,,
africa,BraTS-SSA-00108,000,flair,BraTS-SSA-00108-000-t2f.nii.gz,external_brats_africa/PKG - BraTS-Africa/BraTS-Africa/51_OtherNeoplasms/BraTS-SSA-00108-000/BraTS-SSA-00108-000-t2f.nii.gz,external_brats_africa.tar,external_brats_africa/PKG - BraTS-Africa/BraTS-Africa/51_OtherNeoplasms/BraTS-SSA-00108-000/BraTS-SSA-00108-000-t2f.nii.gz,4593144,5b72048bd22b6a1b77db26c657a569ef5abfbd4a686462a2aa8b9212b1d61ecf,f6446e4d10bb994ea3b25b1533b4c2f1,240x240x155,1x1x1,float32,,
africa,BraTS-SSA-00181,000,t1,BraTS-SSA-00181-000-t1n.nii.gz,external_brats_africa/PKG - BraTS-Africa/BraTS-Africa/51_OtherNeoplasms/BraTS-SSA-00181-000/BraTS-SSA-00181-000-t1n.nii.gz,external_brats_africa.tar,external_brats_africa/PKG - BraTS-Africa/BraTS-Africa/51_OtherNeoplasms/BraTS-SSA-00181-000/BraTS-SSA-00181-000-t1n.nii.gz,2745345,863a0000a0cce2e58727f9615a4105122f96df1316724cc2836573ae094355e0,a9b7e8d749140736fcb1e73bc042e9a4,240x240x155,1x1x1,float32,,
africa,BraTS-SSA-00181,000,flair,BraTS-SSA-00181-000-t2f.nii.gz,external_brats_africa/PKG - BraTS-Africa/BraTS-Africa/51_OtherNeoplasms/BraTS-SSA-00181-000/BraTS-SSA-00181-000-t2f.nii.gz,external_brats_africa.tar,external_brats_africa/PKG - BraTS-Africa/BraTS-Africa/51_OtherNeoplasms/BraTS-SSA-00181-000/BraTS-SSA-00181-000-t2f.nii.gz,2924627,a250c671c8504355d3338488e8adc776ed5c9035c15060682722d02d42330e6e,5e9ad449e63ac47a8cf951cf9c6ef6eb,240x240x155,1x1x1,float32,,
africa,BraTS-SSA-00181,000,t2,BraTS-SSA-00181-000-t2w.nii.gz,external_brats_africa/PKG - BraTS-Africa/BraTS-Africa/51_OtherNeoplasms/BraTS-SSA-00181-000/BraTS-SSA-00181-000-t2w.nii.gz,external_brats_africa.tar,external_brats_africa/PKG - BraTS-Africa/BraTS-Africa/51_OtherNeoplasms/BraTS-SSA-00181-000/BraTS-SSA-00181-000-t2w.nii.gz,2799809,b8aab86cc5033845f4d3b12504bea93756a21c6902cc133248dea8d56f0ad30d,63a686c7e0ffa38f1033f32cf62d536e,240x240x155,1x1x1,float32,,
africa,BraTS-SSA-00181,000,seg,BraTS-SSA-00181-000-seg.nii.gz,external_brats_africa/PKG - BraTS-Africa/BraTS-Africa/51_OtherNeoplasms/BraTS-SSA-00181-000/BraTS-SSA-00181-000-seg.nii.gz,external_brats_africa.tar,external_brats_africa/PKG - BraTS-Africa/BraTS-Africa/51_OtherNeoplasms/BraTS-SSA-00181-000/BraTS-SSA-00181-000-seg.nii.gz,52408,dc96edcd8e53fce567d88ece12ab38f562445f4ca7410fdbea37c2c0a0d1efab,dfd73102df612a2ceb1646975c798019,240x240x155,1x1x1,float32,"0,1,2,3",
africa,BraTS-SSA-00181,000,t1ce,BraTS-SSA-00181-000-t1c.nii.gz,external_brats_africa/PKG - BraTS-Africa/BraTS-Africa/51_OtherNeoplasms/BraTS-SSA-00181-000/BraTS-SSA-00181-000-t1c.nii.gz,external_brats_africa.tar,external_brats_africa/PKG - BraTS-Africa/BraTS-Africa/51_OtherNeoplasms/BraTS-SSA-00181-000/BraTS-SSA-00181-000-t1c.nii.gz,2813440,715dee4742d57755599bd5f6f495e5682e0e7ae20acc70aac037d40149064b01,8152c3bd43bd519fd83e011086c6fe3d,240x240x155,1x1x1,float32,,
africa,BraTS-SSA-00205,000,t1ce,BraTS-SSA-00205-000-t1c.nii.gz,external_brats_africa/PKG - BraTS-Africa/BraTS-Africa/51_OtherNeoplasms/BraTS-SSA-00205-000/BraTS-SSA-00205-000-t1c.nii.gz,external_brats_africa.tar,external_brats_africa/PKG - BraTS-Africa/BraTS-Africa/51_OtherNeoplasms/BraTS-SSA-00205-000/BraTS-SSA-00205-000-t1c.nii.gz,2685254,14beafb783f8fcd12595c02951a01901232422cacda447416461aa8cb7453a4b,93b0e4706aceeaaa113889f9b5be4329,240x240x155,1x1x1,float32,,
africa,BraTS-SSA-00205,000,t1,BraTS-SSA-00205-000-t1n.nii.gz,external_brats_africa/PKG - BraTS-Africa/BraTS-Africa/51_OtherNeoplasms/BraTS-SSA-00205-000/BraTS-SSA-00205-000-t1n.nii.gz,external_brats_africa.tar,external_brats_africa/PKG - BraTS-Africa/BraTS-Africa/51_OtherNeoplasms/BraTS-SSA-00205-000/BraTS-SSA-00205-000-t1n.nii.gz,2651809,96f05d1e1b29d0091c0671aea97a63830880503c684a83fa4b320103972df2a5,52de2f1005dad58f2f7800448a4b0db5,240x240x155,1x1x1,float32,,
africa,BraTS-SSA-00205,000,seg,BraTS-SSA-00205-000-seg.nii.gz,external_brats_africa/PKG - BraTS-Africa/BraTS-Africa/51_OtherNeoplasms/BraTS-SSA-00205-000/BraTS-SSA-00205-000-seg.nii.gz,external_brats_africa.tar,external_brats_africa/PKG - BraTS-Africa/BraTS-Africa/51_OtherNeoplasms/BraTS-SSA-00205-000/BraTS-SSA-00205-000-seg.nii.gz,65831,f16e8619c59587b8ea293941f86626c2d1c0a91c35b631c40fa7d2c363ea1126,c205377dc1714822ca40fa60dc954ba2,240x240x155,1x1x1,float32,"0,1,2,3",
africa,BraTS-SSA-00205,000,flair,BraTS-SSA-00205-000-t2f.nii.gz,external_brats_africa/PKG - BraTS-Africa/BraTS-Africa/51_OtherNeoplasms/BraTS-SSA-00205-000/BraTS-SSA-00205-000-t2f.nii.gz,external_brats_africa.tar,external_brats_africa/PKG - BraTS-Africa/BraTS-Africa/51_OtherNeoplasms/BraTS-SSA-00205-000/BraTS-SSA-00205-000-t2f.nii.gz,2700762,3b80c107d0d1900be3b5bce86afd089b5c8cd56c0416afda34af1c6a7581e4c5,ea48a86c4183060dd39ec89e6a700e5c,240x240x155,1x1x1,float32,,
africa,BraTS-SSA-00205,000,t2,BraTS-SSA-00205-000-t2w.nii.gz,external_brats_africa/PKG - BraTS-Africa/BraTS-Africa/51_OtherNeoplasms/BraTS-SSA-00205-000/BraTS-SSA-00205-000-t2w.nii.gz,external_brats_africa.tar,external_brats_africa/PKG - BraTS-Africa/BraTS-Africa/51_OtherNeoplasms/BraTS-SSA-00205-000/BraTS-SSA-00205-000-t2w.nii.gz,2774618,535f1171f6f0143b59bead41537ba7f661a5fca64075cdb16bda764e3d2a13ba,2e2531f61fb161c70962f0b3806c8d8a,240x240x155,1x1x1,float32,,
africa,BraTS-SSA-00018,000,flair,BraTS-SSA-00018-000-t2f.nii.gz,external_brats_africa/PKG - BraTS-Africa/BraTS-Africa/51_OtherNeoplasms/BraTS-SSA-00018-000/BraTS-SSA-00018-000-t2f.nii.gz,external_brats_africa.tar,external_brats_africa/PKG - BraTS-Africa/BraTS-Africa/51_OtherNeoplasms/BraTS-SSA-00018-000/BraTS-SSA-00018-000-t2f.nii.gz,3783903,9763b4b01ae1f2eb8be9ed1ee0639c6b687e2abb5789fd5e918795ba5c1b9b89,0eaa4405a5a86e7e50051debcbc74806,240x240x155,1x1x1,float32,,
africa,BraTS-SSA-00018,000,seg,BraTS-SSA-00018-000-seg.nii.gz,external_brats_africa/PKG - BraTS-Africa/BraTS-Africa/51_OtherNeoplasms/BraTS-SSA-00018-000/BraTS-SSA-00018-000-seg.nii.gz,external_brats_africa.tar,external_brats_africa/PKG - BraTS-Africa/BraTS-Africa/51_OtherNeoplasms/BraTS-SSA-00018-000/BraTS-SSA-00018-000-seg.nii.gz,39137,ce99439e41a4ac6b8b2be023f9eb81ba338495c15106debcb995fca1d1dca19f,14a011c89d4e59133849b7945baff199,240x240x155,1x1x1,float32,"0,1,2,3",
africa,BraTS-SSA-00018,000,t1,BraTS-SSA-00018-000-t1n.nii.gz,external_brats_africa/PKG - BraTS-Africa/BraTS-Africa/51_OtherNeoplasms/BraTS-SSA-00018-000/BraTS-SSA-00018-000-t1n.nii.gz,external_brats_africa.tar,external_brats_africa/PKG - BraTS-Africa/BraTS-Africa/51_OtherNeoplasms/BraTS-SSA-00018-000/BraTS-SSA-00018-000-t1n.nii.gz,3566488,4b1f6a033dfa541cfd70ce457f48e8c7794b850fcc828bbaacc5ac5076a9463e,a666f9b20cbbe877edc63ed49ccf189a,240x240x155,1x1x1,float32,,
africa,BraTS-SSA-00018,000,t2,BraTS-SSA-00018-000-t2w.nii.gz,external_brats_africa/PKG - BraTS-Africa/BraTS-Africa/51_OtherNeoplasms/BraTS-SSA-00018-000/BraTS-SSA-00018-000-t2w.nii.gz,external_brats_africa.tar,external_brats_africa/PKG - BraTS-Africa/BraTS-Africa/51_OtherNeoplasms/BraTS-SSA-00018-000/BraTS-SSA-00018-000-t2w.nii.gz,3908745,3214ab103e8f7bd9d6a33725418fef4c673a1e7f011a78dae43b4466bcf953b5,43d5e7a6e97881142f1a2c7bfb95f9d1,240x240x155,1x1x1,float32,,
africa,BraTS-SSA-00018,000,t1ce,BraTS-SSA-00018-000-t1c.nii.gz,external_brats_africa/PKG - BraTS-Africa/BraTS-Africa/51_OtherNeoplasms/BraTS-SSA-00018-000/BraTS-SSA-00018-000-t1c.nii.gz,external_brats_africa.tar,external_brats_africa/PKG - BraTS-Africa/BraTS-Africa/51_OtherNeoplasms/BraTS-SSA-00018-000/BraTS-SSA-00018-000-t1c.nii.gz,3456154,e357a00ace3421113cc0d7bce38f0f903753653b030a44130cb7d65da72dec10,9bfb71fd847c3d6a49744430d270295c,240x240x155,1x1x1,float32,,
africa,BraTS-SSA-00164,000,flair,BraTS-SSA-00164-000-t2f.nii.gz,external_brats_africa/PKG - BraTS-Africa/BraTS-Africa/51_OtherNeoplasms/BraTS-SSA-00164-000/BraTS-SSA-00164-000-t2f.nii.gz,external_brats_africa.tar,external_brats_africa/PKG - BraTS-Africa/BraTS-Africa/51_OtherNeoplasms/BraTS-SSA-00164-000/BraTS-SSA-00164-000-t2f.nii.gz,2852476,64c8173f1e265a33d835817a522b4ade1174d349a3d1b810f7bdb1e4dcddc98d,1bd0361aa8024228456c472d7774f8fa,240x240x155,1x1x1,float32,,
africa,BraTS-SSA-00164,000,t1,BraTS-SSA-00164-000-t1n.nii.gz,external_brats_africa/PKG - BraTS-Africa/BraTS-Africa/51_OtherNeoplasms/BraTS-SSA-00164-000/BraTS-SSA-00164-000-t1n.nii.gz,external_brats_africa.tar,external_brats_africa/PKG - BraTS-Africa/BraTS-Africa/51_OtherNeoplasms/BraTS-SSA-00164-000/BraTS-SSA-00164-000-t1n.nii.gz,2597762,7247eb8bc6eea2721d393d6e232c27ef2250d442b1ee059f3af9ba900d680ade,7827cb3a4fbdb9063b0ddccc95e76e44,240x240x155,1x1x1,float32,,
africa,BraTS-SSA-00164,000,t2,BraTS-SSA-00164-000-t2w.nii.gz,external_brats_africa/PKG - BraTS-Africa/BraTS-Africa/51_OtherNeoplasms/BraTS-SSA-00164-000/BraTS-SSA-00164-000-t2w.nii.gz,external_brats_africa.tar,external_brats_africa/PKG - BraTS-Africa/BraTS-Africa/51_OtherNeoplasms/BraTS-SSA-00164-000/BraTS-SSA-00164-000-t2w.nii.gz,2763228,82ba331a403b7c5ff34948c2a656d4fe68ffb4b02d857e56381ae67224c4e7f9,c279f2808e8e6a0a9773ffe9c2b47213,240x240x155,1x1x1,float32,,
africa,BraTS-SSA-00164,000,t1ce,BraTS-SSA-00164-000-t1c.nii.gz,external_brats_africa/PKG - BraTS-Africa/BraTS-Africa/51_OtherNeoplasms/BraTS-SSA-00164-000/BraTS-SSA-00164-000-t1c.nii.gz,external_brats_africa.tar,external_brats_africa/PKG - BraTS-Africa/BraTS-Africa/51_OtherNeoplasms/BraTS-SSA-00164-000/BraTS-SSA-00164-000-t1c.nii.gz,2788348,56dd2499105bef36bc29a9473123bc119aeade50455229e7b743402a4b65ec98,b8421006b3dd723386c39518c38ff2d6,240x240x155,1x1x1,float32,,
africa,BraTS-SSA-00164,000,seg,BraTS-SSA-00164-000-seg.nii.gz,external_brats_africa/PKG - BraTS-Africa/BraTS-Africa/51_OtherNeoplasms/BraTS-SSA-00164-000/BraTS-SSA-00164-000-seg.nii.gz,external_brats_africa.tar,external_brats_africa/PKG - BraTS-Africa/BraTS-Africa/51_OtherNeoplasms/BraTS-SSA-00164-000/BraTS-SSA-00164-000-seg.nii.gz,71173,2e2fb2b476652e068cbf8e1c8b055769c6be5104d1a600c681343e70d952b5f2,80b6e208f0674e38637404d1bf202148,240x240x155,1x1x1,float32,"0,1,2,3",
africa,BraTS-SSA-00114,000,t1ce,BraTS-SSA-00114-000-t1c.nii.gz,external_brats_africa/PKG - BraTS-Africa/BraTS-Africa/51_OtherNeoplasms/BraTS-SSA-00114-000/BraTS-SSA-00114-000-t1c.nii.gz,external_brats_africa.tar,external_brats_africa/PKG - BraTS-Africa/BraTS-Africa/51_OtherNeoplasms/BraTS-SSA-00114-000/BraTS-SSA-00114-000-t1c.nii.gz,2998564,c89a25ffd07b96fab3869499f5b39f613085a43cf02fd34ac4e9879fdd64af80,674325be431d855c041d55e5992bcc73,240x240x155,1x1x1,float32,,
africa,BraTS-SSA-00114,000,t1,BraTS-SSA-00114-000-t1n.nii.gz,external_brats_africa/PKG - BraTS-Africa/BraTS-Africa/51_OtherNeoplasms/BraTS-SSA-00114-000/BraTS-SSA-00114-000-t1n.nii.gz,external_brats_africa.tar,external_brats_africa/PKG - BraTS-Africa/BraTS-Africa/51_OtherNeoplasms/BraTS-SSA-00114-000/BraTS-SSA-00114-000-t1n.nii.gz,2986600,655823be35037cf0394342079b2cec26d86429678d4c78200a956079e0ef26f5,fcd1c96a79eec7b9d47d2117fd0c7708,240x240x155,1x1x1,float32,,
africa,BraTS-SSA-00114,000,seg,BraTS-SSA-00114-000-seg.nii.gz,external_brats_africa/PKG - BraTS-Africa/BraTS-Africa/51_OtherNeoplasms/BraTS-SSA-00114-000/BraTS-SSA-00114-000-seg.nii.gz,external_brats_africa.tar,external_brats_africa/PKG - BraTS-Africa/BraTS-Africa/51_OtherNeoplasms/BraTS-SSA-00114-000/BraTS-SSA-00114-000-seg.nii.gz,83202,d6daeb35341838e05ffa4decc67bb5e73c30fe886383e5541de45566c18ec020,87df0679e5a35145e1ba3c337e0edf80,240x240x155,1x1x1,float32,"0,1,2,3",
africa,BraTS-SSA-00114,000,t2,BraTS-SSA-00114-000-t2w.nii.gz,external_brats_africa/PKG - BraTS-Africa/BraTS-Africa/51_OtherNeoplasms/BraTS-SSA-00114-000/BraTS-SSA-00114-000-t2w.nii.gz,external_brats_africa.tar,external_brats_africa/PKG - BraTS-Africa/BraTS-Africa/51_OtherNeoplasms/BraTS-SSA-00114-000/BraTS-SSA-00114-000-t2w.nii.gz,3364102,f55fde3ad6538f501e21776446eaa56a2d9d6843ef1b256aa5c359e7c63c6717,75c2643fac766c9cae1ddef9d242b403,240x240x155,1x1x1,float32,,
africa,BraTS-SSA-00114,000,flair,BraTS-SSA-00114-000-t2f.nii.gz,external_brats_africa/PKG - BraTS-Africa/BraTS-Africa/51_OtherNeoplasms/BraTS-SSA-00114-000/BraTS-SSA-00114-000-t2f.nii.gz,external_brats_africa.tar,external_brats_africa/PKG - BraTS-Africa/BraTS-Africa/51_OtherNeoplasms/BraTS-SSA-00114-000/BraTS-SSA-00114-000-t2f.nii.gz,3269372,307214b62bc48dd619311f425d7e661c3ab1834e6199750dc3bb7841bef59be9,67777bc4ba7182b3f829534b0b42c359,240x240x155,1x1x1,float32,,
africa,BraTS-SSA-00190,000,t1,BraTS-SSA-00190-000-t1n.nii.gz,external_brats_africa/PKG - BraTS-Africa/BraTS-Africa/51_OtherNeoplasms/BraTS-SSA-00190-000/BraTS-SSA-00190-000-t1n.nii.gz,external_brats_africa.tar,external_brats_africa/PKG - BraTS-Africa/BraTS-Africa/51_OtherNeoplasms/BraTS-SSA-00190-000/BraTS-SSA-00190-000-t1n.nii.gz,2195899,f5c521f61c68272627a8065c03d25020169654487c5a27c36ce50ca21b748754,3c7682a60a91997612f6f0e63a2b9fa5,240x240x155,1x1x1,float32,,
africa,BraTS-SSA-00190,000,seg,BraTS-SSA-00190-000-seg.nii.gz,external_brats_africa/PKG - BraTS-Africa/BraTS-Africa/51_OtherNeoplasms/BraTS-SSA-00190-000/BraTS-SSA-00190-000-seg.nii.gz,external_brats_africa.tar,external_brats_africa/PKG - BraTS-Africa/BraTS-Africa/51_OtherNeoplasms/BraTS-SSA-00190-000/BraTS-SSA-00190-000-seg.nii.gz,58953,7a4dd49806d98e5d4401d5100027ad2954bcda4c1cda605f35c7965237c0ba4a,e21b096f9863103635297d68d85c8cab,240x240x155,1x1x1,float32,"0,1,2,3",
africa,BraTS-SSA-00190,000,t1ce,BraTS-SSA-00190-000-t1c.nii.gz,external_brats_africa/PKG - BraTS-Africa/BraTS-Africa/51_OtherNeoplasms/BraTS-SSA-00190-000/BraTS-SSA-00190-000-t1c.nii.gz,external_brats_africa.tar,external_brats_africa/PKG - BraTS-Africa/BraTS-Africa/51_OtherNeoplasms/BraTS-SSA-00190-000/BraTS-SSA-00190-000-t1c.nii.gz,2175188,4d6cc70a20f9f8c8936ce4febc8b737b551f77fa91addd945302e51fe298e84e,1d4d1e699fcc1df72d3b98112ec793fb,240x240x155,1x1x1,float32,,
africa,BraTS-SSA-00190,000,t2,BraTS-SSA-00190-000-t2w.nii.gz,external_brats_africa/PKG - BraTS-Africa/BraTS-Africa/51_OtherNeoplasms/BraTS-SSA-00190-000/BraTS-SSA-00190-000-t2w.nii.gz,external_brats_africa.tar,external_brats_africa/PKG - BraTS-Africa/BraTS-Africa/51_OtherNeoplasms/BraTS-SSA-00190-000/BraTS-SSA-00190-000-t2w.nii.gz,2223780,937b529e636ccc128aa589dd4e7120797b0c6d31206ff49f1d69e966117c89a2,c626d6ad29feb5d87ad767ae1a152a46,240x240x155,1x1x1,float32,,
africa,BraTS-SSA-00190,000,flair,BraTS-SSA-00190-000-t2f.nii.gz,external_brats_africa/PKG - BraTS-Africa/BraTS-Africa/51_OtherNeoplasms/BraTS-SSA-00190-000/BraTS-SSA-00190-000-t2f.nii.gz,external_brats_africa.tar,external_brats_africa/PKG - BraTS-Africa/BraTS-Africa/51_OtherNeoplasms/BraTS-SSA-00190-000/BraTS-SSA-00190-000-t2f.nii.gz,2331929,d9777db34dd375c2bbd7bbdf6269ad8b61d40dd340c9edcf0d08ad9442e0d458,e801842dafca397328005e281e7494df,240x240x155,1x1x1,float32,,
africa,BraTS-SSA-00216,000,seg,BraTS-SSA-00216-000-seg.nii.gz,external_brats_africa/PKG - BraTS-Africa/BraTS-Africa/51_OtherNeoplasms/BraTS-SSA-00216-000/BraTS-SSA-00216-000-seg.nii.gz,external_brats_africa.tar,external_brats_africa/PKG - BraTS-Africa/BraTS-Africa/51_OtherNeoplasms/BraTS-SSA-00216-000/BraTS-SSA-00216-000-seg.nii.gz,60234,dbeaefe754a2e2873655769310a9bfc0163ee23e5c5b490314e140dd50e62267,28584813fdba97c656926584ea9c1413,240x240x155,1x1x1,float32,"0,1,2,3",
africa,BraTS-SSA-00216,000,t1ce,BraTS-SSA-00216-000-t1c.nii.gz,external_brats_africa/PKG - BraTS-Africa/BraTS-Africa/51_OtherNeoplasms/BraTS-SSA-00216-000/BraTS-SSA-00216-000-t1c.nii.gz,external_brats_africa.tar,external_brats_africa/PKG - BraTS-Africa/BraTS-Africa/51_OtherNeoplasms/BraTS-SSA-00216-000/BraTS-SSA-00216-000-t1c.nii.gz,3104272,243e6713a70c19b2f1c15483e686e564ba48375698d1b9bd4c99709b0b90fca5,3110dce207ac0eba3d2388d3c5a6e3fd,240x240x155,1x1x1,float32,,
africa,BraTS-SSA-00216,000,flair,BraTS-SSA-00216-000-t2f.nii.gz,external_brats_africa/PKG - BraTS-Africa/BraTS-Africa/51_OtherNeoplasms/BraTS-SSA-00216-000/BraTS-SSA-00216-000-t2f.nii.gz,external_brats_africa.tar,external_brats_africa/PKG - BraTS-Africa/BraTS-Africa/51_OtherNeoplasms/BraTS-SSA-00216-000/BraTS-SSA-00216-000-t2f.nii.gz,3093485,6089386cc39d48630bf5be89e3daf5baeb2b7d03e1762c76af95c794c048abdb,98c81f7faddd7654d665f4e856e8fb20,240x240x155,1x1x1,float32,,
africa,BraTS-SSA-00216,000,t1,BraTS-SSA-00216-000-t1n.nii.gz,external_brats_africa/PKG - BraTS-Africa/BraTS-Africa/51_OtherNeoplasms/BraTS-SSA-00216-000/BraTS-SSA-00216-000-t1n.nii.gz,external_brats_africa.tar,external_brats_africa/PKG - BraTS-Africa/BraTS-Africa/51_OtherNeoplasms/BraTS-SSA-00216-000/BraTS-SSA-00216-000-t1n.nii.gz,3135616,95439c2432abb21c2d92b8ff591adf0f9ee8a1e43fbe4af87adb135cb14c033a,2c02ae5545ae283179d1c2ba63741373,240x240x155,1x1x1,float32,,
africa,BraTS-SSA-00216,000,t2,BraTS-SSA-00216-000-t2w.nii.gz,external_brats_africa/PKG - BraTS-Africa/BraTS-Africa/51_OtherNeoplasms/BraTS-SSA-00216-000/BraTS-SSA-00216-000-t2w.nii.gz,external_brats_africa.tar,external_brats_africa/PKG - BraTS-Africa/BraTS-Africa/51_OtherNeoplasms/BraTS-SSA-00216-000/BraTS-SSA-00216-000-t2w.nii.gz,3201114,097413594fecbc3552dfd8d95bd73446d8bf53784ebb0e52c0d537039ea05a94,ed4fc79fe097a2250254ad53d11bffff,240x240x155,1x1x1,float32,,
africa,BraTS-SSA-00207,000,t1,BraTS-SSA-00207-000-t1n.nii.gz,external_brats_africa/PKG - BraTS-Africa/BraTS-Africa/95_Glioma/BraTS-SSA-00207-000/BraTS-SSA-00207-000-t1n.nii.gz,external_brats_africa.tar,external_brats_africa/PKG - BraTS-Africa/BraTS-Africa/95_Glioma/BraTS-SSA-00207-000/BraTS-SSA-00207-000-t1n.nii.gz,2435460,d9a76b257e2d5ae35c3d97b4dd1a320a59ce7fa84bdf6cb553137118279d7893,b16ffe0e78aacb2563a4be3cda36216f,240x240x155,1x1x1,float32,,
africa,BraTS-SSA-00207,000,seg,BraTS-SSA-00207-000-seg.nii.gz,external_brats_africa/PKG - BraTS-Africa/BraTS-Africa/95_Glioma/BraTS-SSA-00207-000/BraTS-SSA-00207-000-seg.nii.gz,external_brats_africa.tar,external_brats_africa/PKG - BraTS-Africa/BraTS-Africa/95_Glioma/BraTS-SSA-00207-000/BraTS-SSA-00207-000-seg.nii.gz,63395,75453568c50167adb5d914e2f37ebdcfcd7677b3d03c25a668c9f69fb42bc337,ebd89c5039ba28409e899973aae3309d,240x240x155,1x1x1,float32,"0,1,2,3",
africa,BraTS-SSA-00207,000,t2,BraTS-SSA-00207-000-t2w.nii.gz,external_brats_africa/PKG - BraTS-Africa/BraTS-Africa/95_Glioma/BraTS-SSA-00207-000/BraTS-SSA-00207-000-t2w.nii.gz,external_brats_africa.tar,external_brats_africa/PKG - BraTS-Africa/BraTS-Africa/95_Glioma/BraTS-SSA-00207-000/BraTS-SSA-00207-000-t2w.nii.gz,2620255,4ca8e73ce9f93f94c1c78d0d3338e3f2e4c26e81b9b94c6b16336f8359d81b34,45bbb6fff4732808f9fb0196c52028de,240x240x155,1x1x1,float32,,
africa,BraTS-SSA-00207,000,t1ce,BraTS-SSA-00207-000-t1c.nii.gz,external_brats_africa/PKG - BraTS-Africa/BraTS-Africa/95_Glioma/BraTS-SSA-00207-000/BraTS-SSA-00207-000-t1c.nii.gz,external_brats_africa.tar,external_brats_africa/PKG - BraTS-Africa/BraTS-Africa/95_Glioma/BraTS-SSA-00207-000/BraTS-SSA-00207-000-t1c.nii.gz,2463263,684ee747ac24e8f6f308656ee9b10b07d59aaf5b20d77130b68b6ccc0f6dc674,8dbd2642c9dfe09e8a91e4a2d0aa5167,240x240x155,1x1x1,float32,,
africa,BraTS-SSA-00207,000,flair,BraTS-SSA-00207-000-t2f.nii.gz,external_brats_africa/PKG - BraTS-Africa/BraTS-Africa/95_Glioma/BraTS-SSA-00207-000/BraTS-SSA-00207-000-t2f.nii.gz,external_brats_africa.tar,external_brats_africa/PKG - BraTS-Africa/BraTS-Africa/95_Glioma/BraTS-SSA-00207-000/BraTS-SSA-00207-000-t2f.nii.gz,2454101,6a64a8b2e95bc09b545ee3af68c67fc833d1cdba18bb96dfaaa9c244e47c75e7,026bd681cf57e340849cad5e89a13ff0,240x240x155,1x1x1,float32,,
africa,BraTS-SSA-00154,000,t1,BraTS-SSA-00154-000-t1n.nii.gz,external_brats_africa/PKG - BraTS-Africa/BraTS-Africa/95_Glioma/BraTS-SSA-00154-000/BraTS-SSA-00154-000-t1n.nii.gz,external_brats_africa.tar,external_brats_africa/PKG - BraTS-Africa/BraTS-Africa/95_Glioma/BraTS-SSA-00154-000/BraTS-SSA-00154-000-t1n.nii.gz,2829393,5469e1e5654b2081b42ba80ee0e2a27335abf55e9a8756b2ba157c59678eb263,25e01c0971fc1cf11aaf265c56332a6c,240x240x155,1x1x1,float32,,
africa,BraTS-SSA-00154,000,seg,BraTS-SSA-00154-000-seg.nii.gz,external_brats_africa/PKG - BraTS-Africa/BraTS-Africa/95_Glioma/BraTS-SSA-00154-000/BraTS-SSA-00154-000-seg.nii.gz,external_brats_africa.tar,external_brats_africa/PKG - BraTS-Africa/BraTS-Africa/95_Glioma/BraTS-SSA-00154-000/BraTS-SSA-00154-000-seg.nii.gz,79338,c57b8ae1c545312d923f0d76af03f5f2fc9c4a9c7018c616235f0fd55e76aea6,5540ceee47e5376426c5c49a1f625757,240x240x155,1x1x1,float32,"0,1,2,3",
africa,BraTS-SSA-00154,000,t1ce,BraTS-SSA-00154-000-t1c.nii.gz,external_brats_africa/PKG - BraTS-Africa/BraTS-Africa/95_Glioma/BraTS-SSA-00154-000/BraTS-SSA-00154-000-t1c.nii.gz,external_brats_africa.tar,external_brats_africa/PKG - BraTS-Africa/BraTS-Africa/95_Glioma/BraTS-SSA-00154-000/BraTS-SSA-00154-000-t1c.nii.gz,2755418,5b854928be77983e728ed5e24e5251ff932f420f2cdfb01f96d7bfd636c6a160,8b520ccc792f9b2729db0b6d196dcc5c,240x240x155,1x1x1,float32,,
africa,BraTS-SSA-00154,000,t2,BraTS-SSA-00154-000-t2w.nii.gz,external_brats_africa/PKG - BraTS-Africa/BraTS-Africa/95_Glioma/BraTS-SSA-00154-000/BraTS-SSA-00154-000-t2w.nii.gz,external_brats_africa.tar,external_brats_africa/PKG - BraTS-Africa/BraTS-Africa/95_Glioma/BraTS-SSA-00154-000/BraTS-SSA-00154-000-t2w.nii.gz,2933324,82ef0466b7e4b0e979e7232b9aed58419aad6521f91e25320c012f00a4caf741,e1c75f080c1579756c4031b90ab1430c,240x240x155,1x1x1,float32,,
africa,BraTS-SSA-00154,000,flair,BraTS-SSA-00154-000-t2f.nii.gz,external_brats_africa/PKG - BraTS-Africa/BraTS-Africa/95_Glioma/BraTS-SSA-00154-000/BraTS-SSA-00154-000-t2f.nii.gz,external_brats_africa.tar,external_brats_africa/PKG - BraTS-Africa/BraTS-Africa/95_Glioma/BraTS-SSA-00154-000/BraTS-SSA-00154-000-t2f.nii.gz,3042292,d7f47a481f0ffa3acdb5d01d64ffb0fb4e869e7b35e6e5957af0dd0f9628ff53,82afb3bf98671fab462c0bc960eb3c7a,240x240x155,1x1x1,float32,,
africa,BraTS-SSA-00074,000,seg,BraTS-SSA-00074-000-seg.nii.gz,external_brats_africa/PKG - BraTS-Africa/BraTS-Africa/95_Glioma/BraTS-SSA-00074-000/BraTS-SSA-00074-000-seg.nii.gz,external_brats_africa.tar,external_brats_africa/PKG - BraTS-Africa/BraTS-Africa/95_Glioma/BraTS-SSA-00074-000/BraTS-SSA-00074-000-seg.nii.gz,46596,4a9e7a1bfc6457a7f04127ab3683281fc5d3d0f3b0e1b9b28cec792c340496b6,28d97c42ad6eefeef06c067d1bb48530,240x240x155,1x1x1,float32,"0,1,2,3",
africa,BraTS-SSA-00074,000,t2,BraTS-SSA-00074-000-t2w.nii.gz,external_brats_africa/PKG - BraTS-Africa/BraTS-Africa/95_Glioma/BraTS-SSA-00074-000/BraTS-SSA-00074-000-t2w.nii.gz,external_brats_africa.tar,external_brats_africa/PKG - BraTS-Africa/BraTS-Africa/95_Glioma/BraTS-SSA-00074-000/BraTS-SSA-00074-000-t2w.nii.gz,3093503,c1c1d9014e196d00027bb961feeeda27bb4c79933b94035fedbc52f16f34e748,4929e275352f8302f5619f9cd5eafa1e,240x240x155,1x1x1,float32,,
africa,BraTS-SSA-00074,000,t1,BraTS-SSA-00074-000-t1n.nii.gz,external_brats_africa/PKG - BraTS-Africa/BraTS-Africa/95_Glioma/BraTS-SSA-00074-000/BraTS-SSA-00074-000-t1n.nii.gz,external_brats_africa.tar,external_brats_africa/PKG - BraTS-Africa/BraTS-Africa/95_Glioma/BraTS-SSA-00074-000/BraTS-SSA-00074-000-t1n.nii.gz,2823823,45c672174aaf42fc3841991a288a23ba9cf00ed0b12df9743ab2f4f7a6344ad7,d0075456eeec55f679d1eeb9efd960aa,240x240x155,1x1x1,float32,,
africa,BraTS-SSA-00074,000,flair,BraTS-SSA-00074-000-t2f.nii.gz,external_brats_africa/PKG - BraTS-Africa/BraTS-Africa/95_Glioma/BraTS-SSA-00074-000/BraTS-SSA-00074-000-t2f.nii.gz,external_brats_africa.tar,external_brats_africa/PKG - BraTS-Africa/BraTS-Africa/95_Glioma/BraTS-SSA-00074-000/BraTS-SSA-00074-000-t2f.nii.gz,2914187,f1a26c25285dc5fa0fb9990a2723f6ace73dfdfa0b46c3560848b7aec664c285,2f648b69560a78b0db9cfe1435d7ad8d,240x240x155,1x1x1,float32,,
africa,BraTS-SSA-00074,000,t1ce,BraTS-SSA-00074-000-t1c.nii.gz,external_brats_africa/PKG - BraTS-Africa/BraTS-Africa/95_Glioma/BraTS-SSA-00074-000/BraTS-SSA-00074-000-t1c.nii.gz,external_brats_africa.tar,external_brats_africa/PKG - BraTS-Africa/BraTS-Africa/95_Glioma/BraTS-SSA-00074-000/BraTS-SSA-00074-000-t1c.nii.gz,2810943,a7225bd0ad4da242588ac0c76710434373e7b6622826cd119964211d469b12ca,c6b5d7b73e8f1fcdd9d1a19b89bcec88,240x240x155,1x1x1,float32,,
africa,BraTS-SSA-00097,000,t1,BraTS-SSA-00097-000-t1n.nii.gz,external_brats_africa/PKG - BraTS-Africa/BraTS-Africa/95_Glioma/BraTS-SSA-00097-000/BraTS-SSA-00097-000-t1n.nii.gz,external_brats_africa.tar,external_brats_africa/PKG - BraTS-Africa/BraTS-Africa/95_Glioma/BraTS-SSA-00097-000/BraTS-SSA-00097-000-t1n.nii.gz,2110664,fe924f7cce059f05c704f52a59a884658134eb2949c1e8bcf3e43da3e0169743,af2908af126d0618823f2a3fac30d5c5,240x240x155,1x1x1,float32,,
africa,BraTS-SSA-00097,000,t1ce,BraTS-SSA-00097-000-t1c.nii.gz,external_brats_africa/PKG - BraTS-Africa/BraTS-Africa/95_Glioma/BraTS-SSA-00097-000/BraTS-SSA-00097-000-t1c.nii.gz,external_brats_africa.tar,external_brats_africa/PKG - BraTS-Africa/BraTS-Africa/95_Glioma/BraTS-SSA-00097-000/BraTS-SSA-00097-000-t1c.nii.gz,2096137,ee2d819f3a62b65c4dff7607970c8043a46727fc49e6fd725b2e2e948bfc6213,5afc4f3abbc25a5a0055c9d969450e4d,240x240x155,1x1x1,float32,,
africa,BraTS-SSA-00097,000,seg,BraTS-SSA-00097-000-seg.nii.gz,external_brats_africa/PKG - BraTS-Africa/BraTS-Africa/95_Glioma/BraTS-SSA-00097-000/BraTS-SSA-00097-000-seg.nii.gz,external_brats_africa.tar,external_brats_africa/PKG - BraTS-Africa/BraTS-Africa/95_Glioma/BraTS-SSA-00097-000/BraTS-SSA-00097-000-seg.nii.gz,55378,fd76659ae20b25114792137ecf4940417902f537182d416b177ffadfb346ef84,99e7fe356cec19dcb3049806c172b8ad,240x240x155,1x1x1,float32,"0,1,2,3",
africa,BraTS-SSA-00097,000,flair,BraTS-SSA-00097-000-t2f.nii.gz,external_brats_africa/PKG - BraTS-Africa/BraTS-Africa/95_Glioma/BraTS-SSA-00097-000/BraTS-SSA-00097-000-t2f.nii.gz,external_brats_africa.tar,external_brats_africa/PKG - BraTS-Africa/BraTS-Africa/95_Glioma/BraTS-SSA-00097-000/BraTS-SSA-00097-000-t2f.nii.gz,2243512,493470eb95c5b98328006674e85a0cb7bf50b33b8c03abef663084834e8c47a3,3cf4cbaae14738f3c7ad3745c197e4fb,240x240x155,1x1x1,float32,,
africa,BraTS-SSA-00097,000,t2,BraTS-SSA-00097-000-t2w.nii.gz,external_brats_africa/PKG - BraTS-Africa/BraTS-Africa/95_Glioma/BraTS-SSA-00097-000/BraTS-SSA-00097-000-t2w.nii.gz,external_brats_africa.tar,external_brats_africa/PKG - BraTS-Africa/BraTS-Africa/95_Glioma/BraTS-SSA-00097-000/BraTS-SSA-00097-000-t2w.nii.gz,2271814,6fd8e8758e49084f826dffcd50d5dcb8f178b8d544d3a73047aa903bc169df2f,4b3e2039056dceb09a0b48e1f96645a2,240x240x155,1x1x1,float32,,
africa,BraTS-SSA-00011,000,t1,BraTS-SSA-00011-000-t1n.nii.gz,external_brats_africa/PKG - BraTS-Africa/BraTS-Africa/95_Glioma/BraTS-SSA-00011-000/BraTS-SSA-00011-000-t1n.nii.gz,external_brats_africa.tar,external_brats_africa/PKG - BraTS-Africa/BraTS-Africa/95_Glioma/BraTS-SSA-00011-000/BraTS-SSA-00011-000-t1n.nii.gz,3360790,13e00d8832946fb512df0a5608d583e3986b527429d313843058b0675777b27f,b71a08500cb2ed36903c7573af175462,240x240x155,1x1x1,float32,,
africa,BraTS-SSA-00011,000,seg,BraTS-SSA-00011-000-seg.nii.gz,external_brats_africa/PKG - BraTS-Africa/BraTS-Africa/95_Glioma/BraTS-SSA-00011-000/BraTS-SSA-00011-000-seg.nii.gz,external_brats_africa.tar,external_brats_africa/PKG - BraTS-Africa/BraTS-Africa/95_Glioma/BraTS-SSA-00011-000/BraTS-SSA-00011-000-seg.nii.gz,66603,e5c75533bd3fd931e1b00b2cd201e55b800802bfa885fc29d21f790149065243,68eabef09afe80635c7087cfa5ec809e,240x240x155,1x1x1,float32,"0,1,2,3",
africa,BraTS-SSA-00011,000,t1ce,BraTS-SSA-00011-000-t1c.nii.gz,external_brats_africa/PKG - BraTS-Africa/BraTS-Africa/95_Glioma/BraTS-SSA-00011-000/BraTS-SSA-00011-000-t1c.nii.gz,external_brats_africa.tar,external_brats_africa/PKG - BraTS-Africa/BraTS-Africa/95_Glioma/BraTS-SSA-00011-000/BraTS-SSA-00011-000-t1c.nii.gz,3285404,979be547efd179ff0fe1ae832b1241c49fd0bdbbe45f9af1643e5469c81fc381,263654e5d6e870652e81c4c4a60f2772,240x240x155,1x1x1,float32,,
africa,BraTS-SSA-00011,000,flair,BraTS-SSA-00011-000-t2f.nii.gz,external_brats_africa/PKG - BraTS-Africa/BraTS-Africa/95_Glioma/BraTS-SSA-00011-000/BraTS-SSA-00011-000-t2f.nii.gz,external_brats_africa.tar,external_brats_africa/PKG - BraTS-Africa/BraTS-Africa/95_Glioma/BraTS-SSA-00011-000/BraTS-SSA-00011-000-t2f.nii.gz,3641860,e3b04ff9401f2b37eafd42bd2f5bd3372db9816fd0457f5cc4fde1b571281278,5f9f7a690b84e20d7115b2eb0eb95278,240x240x155,1x1x1,float32,,
africa,BraTS-SSA-00011,000,t2,BraTS-SSA-00011-000-t2w.nii.gz,external_brats_africa/PKG - BraTS-Africa/BraTS-Africa/95_Glioma/BraTS-SSA-00011-000/BraTS-SSA-00011-000-t2w.nii.gz,external_brats_africa.tar,external_brats_africa/PKG - BraTS-Africa/BraTS-Africa/95_Glioma/BraTS-SSA-00011-000/BraTS-SSA-00011-000-t2w.nii.gz,3657469,3ad25f9d9797405cad2a2058d220fbc7ab009379fb412d0377d3dd38afb03708,58a00c4e33fd864044a8895e0eb83079,240x240x155,1x1x1,float32,,
africa,BraTS-SSA-00169,000,seg,BraTS-SSA-00169-000-seg.nii.gz,external_brats_africa/PKG - BraTS-Africa/BraTS-Africa/95_Glioma/BraTS-SSA-00169-000/BraTS-SSA-00169-000-seg.nii.gz,external_brats_africa.tar,external_brats_africa/PKG - BraTS-Africa/BraTS-Africa/95_Glioma/BraTS-SSA-00169-000/BraTS-SSA-00169-000-seg.nii.gz,73027,083f2150471db0280a40ca92e130234a494a1f5f5a0ef8ddab7c1a32fda2c9e4,e56468dcd09ac1c7857d0eb435d28f31,240x240x155,1x1x1,float32,"0,1,2,3",
africa,BraTS-SSA-00169,000,t2,BraTS-SSA-00169-000-t2w.nii.gz,external_brats_africa/PKG - BraTS-Africa/BraTS-Africa/95_Glioma/BraTS-SSA-00169-000/BraTS-SSA-00169-000-t2w.nii.gz,external_brats_africa.tar,external_brats_africa/PKG - BraTS-Africa/BraTS-Africa/95_Glioma/BraTS-SSA-00169-000/BraTS-SSA-00169-000-t2w.nii.gz,2544812,02eb08079ba592d7b10193687b58a901cf8a5e7bbce0fbbf3065e26a51f4aed4,3e8fc33d56d86e0f9399a24d19ae8ecf,240x240x155,1x1x1,float32,,
africa,BraTS-SSA-00169,000,flair,BraTS-SSA-00169-000-t2f.nii.gz,external_brats_africa/PKG - BraTS-Africa/BraTS-Africa/95_Glioma/BraTS-SSA-00169-000/BraTS-SSA-00169-000-t2f.nii.gz,external_brats_africa.tar,external_brats_africa/PKG - BraTS-Africa/BraTS-Africa/95_Glioma/BraTS-SSA-00169-000/BraTS-SSA-00169-000-t2f.nii.gz,2720782,59b7504d8a4b37cf2b63d0cf9b2f7f6f1c1916c3597a6269ed7f43d23db7b55c,061d3828f3820d351e04721f77d16c97,240x240x155,1x1x1,float32,,
africa,BraTS-SSA-00169,000,t1ce,BraTS-SSA-00169-000-t1c.nii.gz,external_brats_africa/PKG - BraTS-Africa/BraTS-Africa/95_Glioma/BraTS-SSA-00169-000/BraTS-SSA-00169-000-t1c.nii.gz,external_brats_africa.tar,external_brats_africa/PKG - BraTS-Africa/BraTS-Africa/95_Glioma/BraTS-SSA-00169-000/BraTS-SSA-00169-000-t1c.nii.gz,2638909,79547d9135a865a521686da78076c7624d9ff96158c3d13412d274eaa0e2b7b6,e2bedf41369f9f66a8e4099f0c894dc5,240x240x155,1x1x1,float32,,
africa,BraTS-SSA-00169,000,t1,BraTS-SSA-00169-000-t1n.nii.gz,external_brats_africa/PKG - BraTS-Africa/BraTS-Africa/95_Glioma/BraTS-SSA-00169-000/BraTS-SSA-00169-000-t1n.nii.gz,external_brats_africa.tar,external_brats_africa/PKG - BraTS-Africa/BraTS-Africa/95_Glioma/BraTS-SSA-00169-000/BraTS-SSA-00169-000-t1n.nii.gz,2529647,bb6a73af904f44e5f518927f2fd57c6997722f0119a3be209f7d74de705c3eb4,e547fe89472bc81a505ac5fcfb911806,240x240x155,1x1x1,float32,,
africa,BraTS-SSA-00015,000,t1,BraTS-SSA-00015-000-t1n.nii.gz,external_brats_africa/PKG - BraTS-Africa/BraTS-Africa/95_Glioma/BraTS-SSA-00015-000/BraTS-SSA-00015-000-t1n.nii.gz,external_brats_africa.tar,external_brats_africa/PKG - BraTS-Africa/BraTS-Africa/95_Glioma/BraTS-SSA-00015-000/BraTS-SSA-00015-000-t1n.nii.gz,4270740,d00664d4d70adbb6bd8e301b50c4491611c90705826ad6a124bfdf8a3327d75e,9c92808eee9a2a0f42ad0a18c752b064,240x240x155,1x1x1,float32,,
africa,BraTS-SSA-00015,000,t2,BraTS-SSA-00015-000-t2w.nii.gz,external_brats_africa/PKG - BraTS-Africa/BraTS-Africa/95_Glioma/BraTS-SSA-00015-000/BraTS-SSA-00015-000-t2w.nii.gz,external_brats_africa.tar,external_brats_africa/PKG - BraTS-Africa/BraTS-Africa/95_Glioma/BraTS-SSA-00015-000/BraTS-SSA-00015-000-t2w.nii.gz,4566865,d135f800be5fb4ece54324f73eaf081eb892cc491ea72a317060cb030934653c,67f4f9fadce3066f74f5e47a983a0b21,240x240x155,1x1x1,float32,,
africa,BraTS-SSA-00015,000,t1ce,BraTS-SSA-00015-000-t1c.nii.gz,external_brats_africa/PKG - BraTS-Africa/BraTS-Africa/95_Glioma/BraTS-SSA-00015-000/BraTS-SSA-00015-000-t1c.nii.gz,external_brats_africa.tar,external_brats_africa/PKG - BraTS-Africa/BraTS-Africa/95_Glioma/BraTS-SSA-00015-000/BraTS-SSA-00015-000-t1c.nii.gz,4210220,19f9896148b232e113c0ea8e350d4e0732e744b58214c4a45bda1f575e2d6e48,3395e2a91b750e84cd4930924f6f9053,240x240x155,1x1x1,float32,,
africa,BraTS-SSA-00015,000,flair,BraTS-SSA-00015-000-t2f.nii.gz,external_brats_africa/PKG - BraTS-Africa/BraTS-Africa/95_Glioma/BraTS-SSA-00015-000/BraTS-SSA-00015-000-t2f.nii.gz,external_brats_africa.tar,external_brats_africa/PKG - BraTS-Africa/BraTS-Africa/95_Glioma/BraTS-SSA-00015-000/BraTS-SSA-00015-000-t2f.nii.gz,4528149,1497256f2786d2fc9fd96b14ca942401264ee91bba135f1baac0b9e876243e30,917d83e0ae324f750c222b5fd95a156e,240x240x155,1x1x1,float32,,
africa,BraTS-SSA-00015,000,seg,BraTS-SSA-00015-000-seg.nii.gz,external_brats_africa/PKG - BraTS-Africa/BraTS-Africa/95_Glioma/BraTS-SSA-00015-000/BraTS-SSA-00015-000-seg.nii.gz,external_brats_africa.tar,external_brats_africa/PKG - BraTS-Africa/BraTS-Africa/95_Glioma/BraTS-SSA-00015-000/BraTS-SSA-00015-000-seg.nii.gz,90405,b87a1906425ab5cddd3194e691cdeb4db7197103b760fecee58ede9688656c59,f23a6b3d0ae0bb79a0ebd7be9802934e,240x240x155,1x1x1,float32,"0,1,2,3",
africa,BraTS-SSA-00047,000,flair,BraTS-SSA-00047-000-t2f.nii.gz,external_brats_africa/PKG - BraTS-Africa/BraTS-Africa/95_Glioma/BraTS-SSA-00047-000/BraTS-SSA-00047-000-t2f.nii.gz,external_brats_africa.tar,external_brats_africa/PKG - BraTS-Africa/BraTS-Africa/95_Glioma/BraTS-SSA-00047-000/BraTS-SSA-00047-000-t2f.nii.gz,2500889,51d56667ae57c706fee39250a827a9da87caa0ceb1082f7a79a4e097bb65b949,c2ea7641d10aee4f7e1743d6be346094,240x240x155,1x1x1,float32,,
africa,BraTS-SSA-00047,000,t1,BraTS-SSA-00047-000-t1n.nii.gz,external_brats_africa/PKG - BraTS-Africa/BraTS-Africa/95_Glioma/BraTS-SSA-00047-000/BraTS-SSA-00047-000-t1n.nii.gz,external_brats_africa.tar,external_brats_africa/PKG - BraTS-Africa/BraTS-Africa/95_Glioma/BraTS-SSA-00047-000/BraTS-SSA-00047-000-t1n.nii.gz,2449878,01a7979e9f1e7d49aa727ce790caedd25e6366f71b4bd39c9bae259c5d75f041,0f60e925972202deaf46db204b437b35,240x240x155,1x1x1,float32,,
africa,BraTS-SSA-00047,000,seg,BraTS-SSA-00047-000-seg.nii.gz,external_brats_africa/PKG - BraTS-Africa/BraTS-Africa/95_Glioma/BraTS-SSA-00047-000/BraTS-SSA-00047-000-seg.nii.gz,external_brats_africa.tar,external_brats_africa/PKG - BraTS-Africa/BraTS-Africa/95_Glioma/BraTS-SSA-00047-000/BraTS-SSA-00047-000-seg.nii.gz,42312,a4eb6d7c513949080c6ef97c7f8ec719bc085a49e2720a7229ca09741d3bc38e,90d205ccef242cb3e4e9f34710c4c5f1,240x240x155,1x1x1,float32,"0,1,2,3",
africa,BraTS-SSA-00047,000,t1ce,BraTS-SSA-00047-000-t1c.nii.gz,external_brats_africa/PKG - BraTS-Africa/BraTS-Africa/95_Glioma/BraTS-SSA-00047-000/BraTS-SSA-00047-000-t1c.nii.gz,external_brats_africa.tar,external_brats_africa/PKG - BraTS-Africa/BraTS-Africa/95_Glioma/BraTS-SSA-00047-000/BraTS-SSA-00047-000-t1c.nii.gz,2351086,43c7b8ec80d7bf9a4ad850f7e9366f175628dee87d0a5a1f9156f9121d2b4895,7366d3cfe0f4b3e3079a29f958527b99,240x240x155,1x1x1,float32,,
africa,BraTS-SSA-00047,000,t2,BraTS-SSA-00047-000-t2w.nii.gz,external_brats_africa/PKG - BraTS-Africa/BraTS-Africa/95_Glioma/BraTS-SSA-00047-000/BraTS-SSA-00047-000-t2w.nii.gz,external_brats_africa.tar,external_brats_africa/PKG - BraTS-Africa/BraTS-Africa/95_Glioma/BraTS-SSA-00047-000/BraTS-SSA-00047-000-t2w.nii.gz,2674617,9fe34fdd72958a2e2b8ef5656563dc0981e580682ec309e0520a1cf80cd74fe0,72274482fbceecb33307ecbfffb9c236,240x240x155,1x1x1,float32,,
africa,BraTS-SSA-00133,000,t1,BraTS-SSA-00133-000-t1n.nii.gz,external_brats_africa/PKG - BraTS-Africa/BraTS-Africa/95_Glioma/BraTS-SSA-00133-000/BraTS-SSA-00133-000-t1n.nii.gz,external_brats_africa.tar,external_brats_africa/PKG - BraTS-Africa/BraTS-Africa/95_Glioma/BraTS-SSA-00133-000/BraTS-SSA-00133-000-t1n.nii.gz,2628334,7e3b18f524c73213243e50753af807a43b2154ca334df0414ea47e69a1448e43,aa578a23212b4491eb93065e0ce6e257,240x240x155,1x1x1,float32,,
africa,BraTS-SSA-00133,000,t1ce,BraTS-SSA-00133-000-t1c.nii.gz,external_brats_africa/PKG - BraTS-Africa/BraTS-Africa/95_Glioma/BraTS-SSA-00133-000/BraTS-SSA-00133-000-t1c.nii.gz,external_brats_africa.tar,external_brats_africa/PKG - BraTS-Africa/BraTS-Africa/95_Glioma/BraTS-SSA-00133-000/BraTS-SSA-00133-000-t1c.nii.gz,2654640,170532b0ed36e1c66cef49802ba82e6511693f4d444b875cb49d73368d5b7228,228e5e6512d89f7af3c27ab8485318cf,240x240x155,1x1x1,float32,,
africa,BraTS-SSA-00133,000,t2,BraTS-SSA-00133-000-t2w.nii.gz,external_brats_africa/PKG - BraTS-Africa/BraTS-Africa/95_Glioma/BraTS-SSA-00133-000/BraTS-SSA-00133-000-t2w.nii.gz,external_brats_africa.tar,external_brats_africa/PKG - BraTS-Africa/BraTS-Africa/95_Glioma/BraTS-SSA-00133-000/BraTS-SSA-00133-000-t2w.nii.gz,2722054,03b6ace18c15e01d03508cae87a9257d7910fac8b7d6f1405c24c54fc6940fae,aed7d0c49a1dd16d4027880d2b4ad829,240x240x155,1x1x1,float32,,
africa,BraTS-SSA-00133,000,seg,BraTS-SSA-00133-000-seg.nii.gz,external_brats_africa/PKG - BraTS-Africa/BraTS-Africa/95_Glioma/BraTS-SSA-00133-000/BraTS-SSA-00133-000-seg.nii.gz,external_brats_africa.tar,external_brats_africa/PKG - BraTS-Africa/BraTS-Africa/95_Glioma/BraTS-SSA-00133-000/BraTS-SSA-00133-000-seg.nii.gz,82958,fa5f03533b2d64e29d6b0a9999b5ea9b24c75f946215476476c50f68f17b40a8,c59ce261cdeafb285ed9d3a5104565bf,240x240x155,1x1x1,float32,"0,1,2,3",
africa,BraTS-SSA-00133,000,flair,BraTS-SSA-00133-000-t2f.nii.gz,external_brats_africa/PKG - BraTS-Africa/BraTS-Africa/95_Glioma/BraTS-SSA-00133-000/BraTS-SSA-00133-000-t2f.nii.gz,external_brats_africa.tar,external_brats_africa/PKG - BraTS-Africa/BraTS-Africa/95_Glioma/BraTS-SSA-00133-000/BraTS-SSA-00133-000-t2f.nii.gz,2834707,28d8da6ea46ea567a00202115c9f47861954949bc1ced32510afba677af7da2e,eb858ffe7720cc1960436136b6214411,240x240x155,1x1x1,float32,,
africa,BraTS-SSA-00051,000,t2,BraTS-SSA-00051-000-t2w.nii.gz,external_brats_africa/PKG - BraTS-Africa/BraTS-Africa/95_Glioma/BraTS-SSA-00051-000/BraTS-SSA-00051-000-t2w.nii.gz,external_brats_africa.tar,external_brats_africa/PKG - BraTS-Africa/BraTS-Africa/95_Glioma/BraTS-SSA-00051-000/BraTS-SSA-00051-000-t2w.nii.gz,2389161,600e8bd3a019fa267de1969c28a39659050c8e3ca8dce0c67d318f85c2c14af0,961f72df9a60283d90e50d5467925f4e,240x240x155,1x1x1,float32,,
africa,BraTS-SSA-00051,000,flair,BraTS-SSA-00051-000-t2f.nii.gz,external_brats_africa/PKG - BraTS-Africa/BraTS-Africa/95_Glioma/BraTS-SSA-00051-000/BraTS-SSA-00051-000-t2f.nii.gz,external_brats_africa.tar,external_brats_africa/PKG - BraTS-Africa/BraTS-Africa/95_Glioma/BraTS-SSA-00051-000/BraTS-SSA-00051-000-t2f.nii.gz,2201596,c6c8a56de5d8ea416de599738d726df2ddeab766e29ddaf825b47c9354241fca,d4003a7730cd1715c987df5461d52d7a,240x240x155,1x1x1,float32,,
africa,BraTS-SSA-00051,000,t1ce,BraTS-SSA-00051-000-t1c.nii.gz,external_brats_africa/PKG - BraTS-Africa/BraTS-Africa/95_Glioma/BraTS-SSA-00051-000/BraTS-SSA-00051-000-t1c.nii.gz,external_brats_africa.tar,external_brats_africa/PKG - BraTS-Africa/BraTS-Africa/95_Glioma/BraTS-SSA-00051-000/BraTS-SSA-00051-000-t1c.nii.gz,2063145,f702616bc221341448a2c28115e16bca03ca2bd4af4dcb5c49e0efd06d1c8589,ff82582c2d85383d7a81a2566685e96d,240x240x155,1x1x1,float32,,
africa,BraTS-SSA-00051,000,seg,BraTS-SSA-00051-000-seg.nii.gz,external_brats_africa/PKG - BraTS-Africa/BraTS-Africa/95_Glioma/BraTS-SSA-00051-000/BraTS-SSA-00051-000-seg.nii.gz,external_brats_africa.tar,external_brats_africa/PKG - BraTS-Africa/BraTS-Africa/95_Glioma/BraTS-SSA-00051-000/BraTS-SSA-00051-000-seg.nii.gz,50267,0865ca8be70a76786a9ee247bba736e97f17ff8c8c0a0755a7a06f202d2c0d2f,8993804372fbc0b90728121cbc0b4ef9,240x240x155,1x1x1,float32,"0,1,2,3",
africa,BraTS-SSA-00051,000,t1,BraTS-SSA-00051-000-t1n.nii.gz,external_brats_africa/PKG - BraTS-Africa/BraTS-Africa/95_Glioma/BraTS-SSA-00051-000/BraTS-SSA-00051-000-t1n.nii.gz,external_brats_africa.tar,external_brats_africa/PKG - BraTS-Africa/BraTS-Africa/95_Glioma/BraTS-SSA-00051-000/BraTS-SSA-00051-000-t1n.nii.gz,2126948,2da770991881d964d3e0e7ec5181c925af1de3184a27ce21e45ab039df4ebb0c,a76f4bb78da04f777d1c41c22c0f637d,240x240x155,1x1x1,float32,,
africa,BraTS-SSA-00055,000,seg,BraTS-SSA-00055-000-seg.nii.gz,external_brats_africa/PKG - BraTS-Africa/BraTS-Africa/95_Glioma/BraTS-SSA-00055-000/BraTS-SSA-00055-000-seg.nii.gz,external_brats_africa.tar,external_brats_africa/PKG - BraTS-Africa/BraTS-Africa/95_Glioma/BraTS-SSA-00055-000/BraTS-SSA-00055-000-seg.nii.gz,57685,b111d7d71018a3f5e7139e1d7d62d475ff2efe094488d417c74648272b7e7fc7,ad2a162dddcde9ea82da19ce5281419f,240x240x155,1x1x1,float32,"0,1,2,3",
africa,BraTS-SSA-00055,000,flair,BraTS-SSA-00055-000-t2f.nii.gz,external_brats_africa/PKG - BraTS-Africa/BraTS-Africa/95_Glioma/BraTS-SSA-00055-000/BraTS-SSA-00055-000-t2f.nii.gz,external_brats_africa.tar,external_brats_africa/PKG - BraTS-Africa/BraTS-Africa/95_Glioma/BraTS-SSA-00055-000/BraTS-SSA-00055-000-t2f.nii.gz,4938978,2ebfcd61fd45adfac93cdb1e50e38773b5e415abf44d848fbcd7987069062a13,3b70b0d24701901b465255eb0eb3ee59,240x240x155,1x1x1,float32,,
africa,BraTS-SSA-00055,000,t1,BraTS-SSA-00055-000-t1n.nii.gz,external_brats_africa/PKG - BraTS-Africa/BraTS-Africa/95_Glioma/BraTS-SSA-00055-000/BraTS-SSA-00055-000-t1n.nii.gz,external_brats_africa.tar,external_brats_africa/PKG - BraTS-Africa/BraTS-Africa/95_Glioma/BraTS-SSA-00055-000/BraTS-SSA-00055-000-t1n.nii.gz,4860562,66a5279218e853cbd2ef8f7760168302373552f866f9eecef78613fd705fe037,95d769c4665057d40bdffc80e74bd5be,240x240x155,1x1x1,float32,,
africa,BraTS-SSA-00055,000,t2,BraTS-SSA-00055-000-t2w.nii.gz,external_brats_africa/PKG - BraTS-Africa/BraTS-Africa/95_Glioma/BraTS-SSA-00055-000/BraTS-SSA-00055-000-t2w.nii.gz,external_brats_africa.tar,external_brats_africa/PKG - BraTS-Africa/BraTS-Africa/95_Glioma/BraTS-SSA-00055-000/BraTS-SSA-00055-000-t2w.nii.gz,5015273,c22c2eafa524107dba0286139ec6af8698747323e3a2051e3905b89eb73a4191,4934c00fc3bf69a9fb5321841cc310bd,240x240x155,1x1x1,float32,,
africa,BraTS-SSA-00055,000,t1ce,BraTS-SSA-00055-000-t1c.nii.gz,external_brats_africa/PKG - BraTS-Africa/BraTS-Africa/95_Glioma/BraTS-SSA-00055-000/BraTS-SSA-00055-000-t1c.nii.gz,external_brats_africa.tar,external_brats_africa/PKG - BraTS-Africa/BraTS-Africa/95_Glioma/BraTS-SSA-00055-000/BraTS-SSA-00055-000-t1c.nii.gz,4786503,7500b14f348e095a2d9634450c89a41e5feb2795ffc5a9302f4ad1392cced0f9,d24faeabda0b01a4518fc5347bde9c99,240x240x155,1x1x1,float32,,
africa,BraTS-SSA-00215,000,t1ce,BraTS-SSA-00215-000-t1c.nii.gz,external_brats_africa/PKG - BraTS-Africa/BraTS-Africa/95_Glioma/BraTS-SSA-00215-000/BraTS-SSA-00215-000-t1c.nii.gz,external_brats_africa.tar,external_brats_africa/PKG - BraTS-Africa/BraTS-Africa/95_Glioma/BraTS-SSA-00215-000/BraTS-SSA-00215-000-t1c.nii.gz,2135854,633e2b07025e51f13100c97f9cd7c1a5213c1f12138b7b1b4d3d1985cb2b1a47,cadfbc168638e14e346c7a073f0a7edb,240x240x155,1x1x1,float32,,
africa,BraTS-SSA-00215,000,seg,BraTS-SSA-00215-000-seg.nii.gz,external_brats_africa/PKG - BraTS-Africa/BraTS-Africa/95_Glioma/BraTS-SSA-00215-000/BraTS-SSA-00215-000-seg.nii.gz,external_brats_africa.tar,external_brats_africa/PKG - BraTS-Africa/BraTS-Africa/95_Glioma/BraTS-SSA-00215-000/BraTS-SSA-00215-000-seg.nii.gz,35535,60519c01d8ab90022f4ea54d1bbde9c1d865a97e9157ed5fd1375ca49c694b07,aeca02666f5f72a34571fcdbec1b97c8,240x240x155,1x1x1,float32,"0,2,3",
africa,BraTS-SSA-00215,000,flair,BraTS-SSA-00215-000-t2f.nii.gz,external_brats_africa/PKG - BraTS-Africa/BraTS-Africa/95_Glioma/BraTS-SSA-00215-000/BraTS-SSA-00215-000-t2f.nii.gz,external_brats_africa.tar,external_brats_africa/PKG - BraTS-Africa/BraTS-Africa/95_Glioma/BraTS-SSA-00215-000/BraTS-SSA-00215-000-t2f.nii.gz,2248626,d324f02d9e162e747217296fffe0d00a1e4bc5c2ce050f273ae0ca225de15fd6,1b2f96563ab689a375f78d12bb61a101,240x240x155,1x1x1,float32,,
africa,BraTS-SSA-00215,000,t2,BraTS-SSA-00215-000-t2w.nii.gz,external_brats_africa/PKG - BraTS-Africa/BraTS-Africa/95_Glioma/BraTS-SSA-00215-000/BraTS-SSA-00215-000-t2w.nii.gz,external_brats_africa.tar,external_brats_africa/PKG - BraTS-Africa/BraTS-Africa/95_Glioma/BraTS-SSA-00215-000/BraTS-SSA-00215-000-t2w.nii.gz,2223978,7cae422171b10185ec630fcedd5a78645fb7ac4e2aaeaf6323766fcd4942eb65,a19c7f666793ce185a716b699c0af4fd,240x240x155,1x1x1,float32,,
africa,BraTS-SSA-00215,000,t1,BraTS-SSA-00215-000-t1n.nii.gz,external_brats_africa/PKG - BraTS-Africa/BraTS-Africa/95_Glioma/BraTS-SSA-00215-000/BraTS-SSA-00215-000-t1n.nii.gz,external_brats_africa.tar,external_brats_africa/PKG - BraTS-Africa/BraTS-Africa/95_Glioma/BraTS-SSA-00215-000/BraTS-SSA-00215-000-t1n.nii.gz,2161727,e3574931a519a702d2f6aa224e18dffa34b813b72ad540d74d6e6f61280e9bef,94b4a9364b312ea37288c3ffd1477aa8,240x240x155,1x1x1,float32,,
africa,BraTS-SSA-00122,000,seg,BraTS-SSA-00122-000-seg.nii.gz,external_brats_africa/PKG - BraTS-Africa/BraTS-Africa/95_Glioma/BraTS-SSA-00122-000/BraTS-SSA-00122-000-seg.nii.gz,external_brats_africa.tar,external_brats_africa/PKG - BraTS-Africa/BraTS-Africa/95_Glioma/BraTS-SSA-00122-000/BraTS-SSA-00122-000-seg.nii.gz,63678,cbc57204562e252d354c1dbbd918403423f57f51adcabb8036b42a30f651f665,659200823cef48c70e99b10e5ea6f670,240x240x155,1x1x1,float32,"0,1,2,3",
africa,BraTS-SSA-00122,000,t2,BraTS-SSA-00122-000-t2w.nii.gz,external_brats_africa/PKG - BraTS-Africa/BraTS-Africa/95_Glioma/BraTS-SSA-00122-000/BraTS-SSA-00122-000-t2w.nii.gz,external_brats_africa.tar,external_brats_africa/PKG - BraTS-Africa/BraTS-Africa/95_Glioma/BraTS-SSA-00122-000/BraTS-SSA-00122-000-t2w.nii.gz,3161359,8322dacb54583d1bfa888af39ae5933eedc98a76dcf479a734b29a120ac2b674,ade7d33c003e98ad08115cb77336e817,240x240x155,1x1x1,float32,,
africa,BraTS-SSA-00122,000,flair,BraTS-SSA-00122-000-t2f.nii.gz,external_brats_africa/PKG - BraTS-Africa/BraTS-Africa/95_Glioma/BraTS-SSA-00122-000/BraTS-SSA-00122-000-t2f.nii.gz,external_brats_africa.tar,external_brats_africa/PKG - BraTS-Africa/BraTS-Africa/95_Glioma/BraTS-SSA-00122-000/BraTS-SSA-00122-000-t2f.nii.gz,2811421,049bb6c7d003d34a3b71207813b1c583cbd4ced378590d1f77e59fb8f522976e,0834637ce27e77b53f534485c33916f3,240x240x155,1x1x1,float32,,
africa,BraTS-SSA-00122,000,t1,BraTS-SSA-00122-000-t1n.nii.gz,external_brats_africa/PKG - BraTS-Africa/BraTS-Africa/95_Glioma/BraTS-SSA-00122-000/BraTS-SSA-00122-000-t1n.nii.gz,external_brats_africa.tar,external_brats_africa/PKG - BraTS-Africa/BraTS-Africa/95_Glioma/BraTS-SSA-00122-000/BraTS-SSA-00122-000-t1n.nii.gz,2842683,64c5d290e20b9211c3291b0fb6b9ca39e24dd6a6607ab72b7a62d43f09984e88,18bf4f1c6f787e9ca4e562f27c35e21b,240x240x155,1x1x1,float32,,
africa,BraTS-SSA-00122,000,t1ce,BraTS-SSA-00122-000-t1c.nii.gz,external_brats_africa/PKG - BraTS-Africa/BraTS-Africa/95_Glioma/BraTS-SSA-00122-000/BraTS-SSA-00122-000-t1c.nii.gz,external_brats_africa.tar,external_brats_africa/PKG - BraTS-Africa/BraTS-Africa/95_Glioma/BraTS-SSA-00122-000/BraTS-SSA-00122-000-t1c.nii.gz,2848779,29ac3282dd2ae117ff228a1dfa9ff51380eb46f81f7ac8c5d0d1687eecba67d5,1f3747cca122705202837cf9bffb8811,240x240x155,1x1x1,float32,,
africa,BraTS-SSA-00115,000,t1ce,BraTS-SSA-00115-000-t1c.nii.gz,external_brats_africa/PKG - BraTS-Africa/BraTS-Africa/95_Glioma/BraTS-SSA-00115-000/BraTS-SSA-00115-000-t1c.nii.gz,external_brats_africa.tar,external_brats_africa/PKG - BraTS-Africa/BraTS-Africa/95_Glioma/BraTS-SSA-00115-000/BraTS-SSA-00115-000-t1c.nii.gz,2802796,ba46155ecb64c2148df2956734203245de160f8fc55bb59c43a8593a76cebcad,08ce94b426814edc2b96ef7a7cb7865d,240x240x155,1x1x1,float32,,
africa,BraTS-SSA-00115,000,flair,BraTS-SSA-00115-000-t2f.nii.gz,external_brats_africa/PKG - BraTS-Africa/BraTS-Africa/95_Glioma/BraTS-SSA-00115-000/BraTS-SSA-00115-000-t2f.nii.gz,external_brats_africa.tar,external_brats_africa/PKG - BraTS-Africa/BraTS-Africa/95_Glioma/BraTS-SSA-00115-000/BraTS-SSA-00115-000-t2f.nii.gz,2711713,e839e3dc90c2d243ccbdb24cc0466a4ab199e4d3149237ff6d66a2da2b4af0d0,c0f1831bbcfa9b653c56506f92aba0af,240x240x155,1x1x1,float32,,
africa,BraTS-SSA-00115,000,t1,BraTS-SSA-00115-000-t1n.nii.gz,external_brats_africa/PKG - BraTS-Africa/BraTS-Africa/95_Glioma/BraTS-SSA-00115-000/BraTS-SSA-00115-000-t1n.nii.gz,external_brats_africa.tar,external_brats_africa/PKG - BraTS-Africa/BraTS-Africa/95_Glioma/BraTS-SSA-00115-000/BraTS-SSA-00115-000-t1n.nii.gz,2716346,adc0e45f52d46a103899f6756958be05e2ed547fe76839bef07b7c4a49b2da1a,a61035cf9f9574eda91d119141a93ffd,240x240x155,1x1x1,float32,,
africa,BraTS-SSA-00115,000,t2,BraTS-SSA-00115-000-t2w.nii.gz,external_brats_africa/PKG - BraTS-Africa/BraTS-Africa/95_Glioma/BraTS-SSA-00115-000/BraTS-SSA-00115-000-t2w.nii.gz,external_brats_africa.tar,external_brats_africa/PKG - BraTS-Africa/BraTS-Africa/95_Glioma/BraTS-SSA-00115-000/BraTS-SSA-00115-000-t2w.nii.gz,3055901,345bb0e28f3ee4c6dcc33367c1ccb22b35d2f6fb907a5f0a110afefc80686fef,82c1a522e41dd42706c0e405f23429a7,240x240x155,1x1x1,float32,,
africa,BraTS-SSA-00115,000,seg,BraTS-SSA-00115-000-seg.nii.gz,external_brats_africa/PKG - BraTS-Africa/BraTS-Africa/95_Glioma/BraTS-SSA-00115-000/BraTS-SSA-00115-000-seg.nii.gz,external_brats_africa.tar,external_brats_africa/PKG - BraTS-Africa/BraTS-Africa/95_Glioma/BraTS-SSA-00115-000/BraTS-SSA-00115-000-seg.nii.gz,87149,4bcb72252c8a97810443a56044517b75f0e75681cb322f6f096b4a06807f7d5c,7169599963747d80be6385ff4f487903,240x240x155,1x1x1,float32,"0,1,2,3",
africa,BraTS-SSA-00230,000,seg,BraTS-SSA-00230-000-seg.nii.gz,external_brats_africa/PKG - BraTS-Africa/BraTS-Africa/95_Glioma/BraTS-SSA-00230-000/BraTS-SSA-00230-000-seg.nii.gz,external_brats_africa.tar,external_brats_africa/PKG - BraTS-Africa/BraTS-Africa/95_Glioma/BraTS-SSA-00230-000/BraTS-SSA-00230-000-seg.nii.gz,70400,5be50c7ff17bf212e88dac1a4723f2aac92b35cb6d2549ba14250b940273a08e,646273d23c67a14519cb489fff7e5d52,240x240x155,1x1x1,float32,"0,1,2,3",
africa,BraTS-SSA-00230,000,flair,BraTS-SSA-00230-000-t2f.nii.gz,external_brats_africa/PKG - BraTS-Africa/BraTS-Africa/95_Glioma/BraTS-SSA-00230-000/BraTS-SSA-00230-000-t2f.nii.gz,external_brats_africa.tar,external_brats_africa/PKG - BraTS-Africa/BraTS-Africa/95_Glioma/BraTS-SSA-00230-000/BraTS-SSA-00230-000-t2f.nii.gz,2359471,eba6c8a38b34d5a9ba95f44a7bb10ac1f3dcfd7b7251126b97a0b2b36e333e55,aea72c590c071b28d460eb8865149b78,240x240x155,1x1x1,float32,,
africa,BraTS-SSA-00230,000,t1ce,BraTS-SSA-00230-000-t1c.nii.gz,external_brats_africa/PKG - BraTS-Africa/BraTS-Africa/95_Glioma/BraTS-SSA-00230-000/BraTS-SSA-00230-000-t1c.nii.gz,external_brats_africa.tar,external_brats_africa/PKG - BraTS-Africa/BraTS-Africa/95_Glioma/BraTS-SSA-00230-000/BraTS-SSA-00230-000-t1c.nii.gz,2390154,90cdf2e82941523a40172cefc06dc4080b2f7108f7cbe14f66b568d87350ec31,7c066ccb9775342ec0fb5d3a8a25f830,240x240x155,1x1x1,float32,,
africa,BraTS-SSA-00230,000,t2,BraTS-SSA-00230-000-t2w.nii.gz,external_brats_africa/PKG - BraTS-Africa/BraTS-Africa/95_Glioma/BraTS-SSA-00230-000/BraTS-SSA-00230-000-t2w.nii.gz,external_brats_africa.tar,external_brats_africa/PKG - BraTS-Africa/BraTS-Africa/95_Glioma/BraTS-SSA-00230-000/BraTS-SSA-00230-000-t2w.nii.gz,2719770,4b9b0577bd1414669a4bde8244f4d7e1299f260f6e2e3d2906e65260b920a5aa,04c13888ac3a35ad005994c5b5ca814c,240x240x155,1x1x1,float32,,
africa,BraTS-SSA-00230,000,t1,BraTS-SSA-00230-000-t1n.nii.gz,external_brats_africa/PKG - BraTS-Africa/BraTS-Africa/95_Glioma/BraTS-SSA-00230-000/BraTS-SSA-00230-000-t1n.nii.gz,external_brats_africa.tar,external_brats_africa/PKG - BraTS-Africa/BraTS-Africa/95_Glioma/BraTS-SSA-00230-000/BraTS-SSA-00230-000-t1n.nii.gz,2396771,884fda9781febdc8e7b03915fd959ffd23ec8dd88f97c9b9e501c75f059d0a6e,86bae46f5f13d43a1c17a1e9b56c01e9,240x240x155,1x1x1,float32,,
africa,BraTS-SSA-00227,000,t1ce,BraTS-SSA-00227-000-t1c.nii.gz,external_brats_africa/PKG - BraTS-Africa/BraTS-Africa/95_Glioma/BraTS-SSA-00227-000/BraTS-SSA-00227-000-t1c.nii.gz,external_brats_africa.tar,external_brats_africa/PKG - BraTS-Africa/BraTS-Africa/95_Glioma/BraTS-SSA-00227-000/BraTS-SSA-00227-000-t1c.nii.gz,2084802,abc53df8f4533de42caad5190d4d5aa877d49c98c7b83440d336f7af3277654d,77e375d2ebd96b814441e0be48ae05bd,240x240x155,1x1x1,float32,,
africa,BraTS-SSA-00227,000,flair,BraTS-SSA-00227-000-t2f.nii.gz,external_brats_africa/PKG - BraTS-Africa/BraTS-Africa/95_Glioma/BraTS-SSA-00227-000/BraTS-SSA-00227-000-t2f.nii.gz,external_brats_africa.tar,external_brats_africa/PKG - BraTS-Africa/BraTS-Africa/95_Glioma/BraTS-SSA-00227-000/BraTS-SSA-00227-000-t2f.nii.gz,2038694,9f88b691a34a034831c748161c9920603723f20d34370ae7810fbe1189ec088a,48a31970e005605cdd0744ceffe1ddf1,240x240x155,1x1x1,float32,,
africa,BraTS-SSA-00227,000,t1,BraTS-SSA-00227-000-t1n.nii.gz,external_brats_africa/PKG - BraTS-Africa/BraTS-Africa/95_Glioma/BraTS-SSA-00227-000/BraTS-SSA-00227-000-t1n.nii.gz,external_brats_africa.tar,external_brats_africa/PKG - BraTS-Africa/BraTS-Africa/95_Glioma/BraTS-SSA-00227-000/BraTS-SSA-00227-000-t1n.nii.gz,2199884,d53ecc1fbb7372c4d8c59e25b56eec81ffad57453dc38eeedc9b932e69a63d5f,562d765b4266b9757670d01aac991636,240x240x155,1x1x1,float32,,
africa,BraTS-SSA-00227,000,seg,BraTS-SSA-00227-000-seg.nii.gz,external_brats_africa/PKG - BraTS-Africa/BraTS-Africa/95_Glioma/BraTS-SSA-00227-000/BraTS-SSA-00227-000-seg.nii.gz,external_brats_africa.tar,external_brats_africa/PKG - BraTS-Africa/BraTS-Africa/95_Glioma/BraTS-SSA-00227-000/BraTS-SSA-00227-000-seg.nii.gz,36289,34312f00daae144aaa871d1fd9392416385cc5dc61bc91dcc3889d51caa4d51e,9d452323ebcb3728a481b56d22298d7f,240x240x155,1x1x1,float32,"0,1,2,3",
africa,BraTS-SSA-00227,000,t2,BraTS-SSA-00227-000-t2w.nii.gz,external_brats_africa/PKG - BraTS-Africa/BraTS-Africa/95_Glioma/BraTS-SSA-00227-000/BraTS-SSA-00227-000-t2w.nii.gz,external_brats_africa.tar,external_brats_africa/PKG - BraTS-Africa/BraTS-Africa/95_Glioma/BraTS-SSA-00227-000/BraTS-SSA-00227-000-t2w.nii.gz,2448244,bff65f15ad6cc710c19af69918b9eee0b1e7816424ea551824ba195c8887cfec,a27ba0299c9cb49c50c32c1d51006670,240x240x155,1x1x1,float32,,
africa,BraTS-SSA-00095,000,t1ce,BraTS-SSA-00095-000-t1c.nii.gz,external_brats_africa/PKG - BraTS-Africa/BraTS-Africa/95_Glioma/BraTS-SSA-00095-000/BraTS-SSA-00095-000-t1c.nii.gz,external_brats_africa.tar,external_brats_africa/PKG - BraTS-Africa/BraTS-Africa/95_Glioma/BraTS-SSA-00095-000/BraTS-SSA-00095-000-t1c.nii.gz,6492081,d3c979fd839f7ac70ed45d4cd0e3a9702e00aa11be26f6ed88695f2b810d3834,7dda304bec8c46f4877829a0bab8982a,240x240x155,1x1x1,float32,,
africa,BraTS-SSA-00095,000,t2,BraTS-SSA-00095-000-t2w.nii.gz,external_brats_africa/PKG - BraTS-Africa/BraTS-Africa/95_Glioma/BraTS-SSA-00095-000/BraTS-SSA-00095-000-t2w.nii.gz,external_brats_africa.tar,external_brats_africa/PKG - BraTS-Africa/BraTS-Africa/95_Glioma/BraTS-SSA-00095-000/BraTS-SSA-00095-000-t2w.nii.gz,6661871,65a6c57bf0457749f1f962a957efcd11a91602ec9781ce98acc36899610b3717,acffb0444584cc43f4e252e5d9637864,240x240x155,1x1x1,float32,,
africa,BraTS-SSA-00095,000,flair,BraTS-SSA-00095-000-t2f.nii.gz,external_brats_africa/PKG - BraTS-Africa/BraTS-Africa/95_Glioma/BraTS-SSA-00095-000/BraTS-SSA-00095-000-t2f.nii.gz,external_brats_africa.tar,external_brats_africa/PKG - BraTS-Africa/BraTS-Africa/95_Glioma/BraTS-SSA-00095-000/BraTS-SSA-00095-000-t2f.nii.gz,6464240,de5322b2213e1eee85b0caffd12b522b8b11bf0d57e916039d789038e1dae157,d549f25cf2d4e9c0e477ea0d970ae818,240x240x155,1x1x1,float32,,
africa,BraTS-SSA-00095,000,seg,BraTS-SSA-00095-000-seg.nii.gz,external_brats_africa/PKG - BraTS-Africa/BraTS-Africa/95_Glioma/BraTS-SSA-00095-000/BraTS-SSA-00095-000-seg.nii.gz,external_brats_africa.tar,external_brats_africa/PKG - BraTS-Africa/BraTS-Africa/95_Glioma/BraTS-SSA-00095-000/BraTS-SSA-00095-000-seg.nii.gz,81128,59d473206aa6041721093014433e1706654401fe01e402b9ae7bc451903d92b3,57c8b97d5785902783206812ec9c4e82,240x240x155,1x1x1,float32,"0,1,2,3",
africa,BraTS-SSA-00095,000,t1,BraTS-SSA-00095-000-t1n.nii.gz,external_brats_africa/PKG - BraTS-Africa/BraTS-Africa/95_Glioma/BraTS-SSA-00095-000/BraTS-SSA-00095-000-t1n.nii.gz,external_brats_africa.tar,external_brats_africa/PKG - BraTS-Africa/BraTS-Africa/95_Glioma/BraTS-SSA-00095-000/BraTS-SSA-00095-000-t1n.nii.gz,6472268,7434e2c7a0b6d07f54fa47cfb6a67b0f648d7ae9f386ac52459b3186b6224ed8,c4836f6e78716bf70b59856e0dd6192d,240x240x155,1x1x1,float32,,
africa,BraTS-SSA-00026,000,t1,BraTS-SSA-00026-000-t1n.nii.gz,external_brats_africa/PKG - BraTS-Africa/BraTS-Africa/95_Glioma/BraTS-SSA-00026-000/BraTS-SSA-00026-000-t1n.nii.gz,external_brats_africa.tar,external_brats_africa/PKG - BraTS-Africa/BraTS-Africa/95_Glioma/BraTS-SSA-00026-000/BraTS-SSA-00026-000-t1n.nii.gz,3640667,92b380fb7521b15a3ea3aa5d4224b1b4717e220649dc7c5ba1794d753e73e6d5,4c2a8c2f6f7b515bba53761b269de67e,240x240x155,1x1x1,float32,,
africa,BraTS-SSA-00026,000,seg,BraTS-SSA-00026-000-seg.nii.gz,external_brats_africa/PKG - BraTS-Africa/BraTS-Africa/95_Glioma/BraTS-SSA-00026-000/BraTS-SSA-00026-000-seg.nii.gz,external_brats_africa.tar,external_brats_africa/PKG - BraTS-Africa/BraTS-Africa/95_Glioma/BraTS-SSA-00026-000/BraTS-SSA-00026-000-seg.nii.gz,61440,96eec2c034620ec8d6b4bae4739435cebad98818b41f3a94a70d95fcbf40d3b1,e76a2f12623d9f2fbee203fc1a75d701,240x240x155,1x1x1,float32,"0,1,2,3",
africa,BraTS-SSA-00026,000,flair,BraTS-SSA-00026-000-t2f.nii.gz,external_brats_africa/PKG - BraTS-Africa/BraTS-Africa/95_Glioma/BraTS-SSA-00026-000/BraTS-SSA-00026-000-t2f.nii.gz,external_brats_africa.tar,external_brats_africa/PKG - BraTS-Africa/BraTS-Africa/95_Glioma/BraTS-SSA-00026-000/BraTS-SSA-00026-000-t2f.nii.gz,3854518,c3f305d88e071c4a99ae0cac9c6bf797acee5655830778fe6166f69a9d223ea9,aaf4b0eb5dceb121f02b99b0aacc1c93,240x240x155,1x1x1,float32,,
africa,BraTS-SSA-00026,000,t1ce,BraTS-SSA-00026-000-t1c.nii.gz,external_brats_africa/PKG - BraTS-Africa/BraTS-Africa/95_Glioma/BraTS-SSA-00026-000/BraTS-SSA-00026-000-t1c.nii.gz,external_brats_africa.tar,external_brats_africa/PKG - BraTS-Africa/BraTS-Africa/95_Glioma/BraTS-SSA-00026-000/BraTS-SSA-00026-000-t1c.nii.gz,3548730,baa796d6a5df2ed02a1e3a6df1644c6fcd402c510e1e535d4def008a13616e15,502401504ab3b3e31424eee3b95ce874,240x240x155,1x1x1,float32,,
africa,BraTS-SSA-00026,000,t2,BraTS-SSA-00026-000-t2w.nii.gz,external_brats_africa/PKG - BraTS-Africa/BraTS-Africa/95_Glioma/BraTS-SSA-00026-000/BraTS-SSA-00026-000-t2w.nii.gz,external_brats_africa.tar,external_brats_africa/PKG - BraTS-Africa/BraTS-Africa/95_Glioma/BraTS-SSA-00026-000/BraTS-SSA-00026-000-t2w.nii.gz,3867089,4bc94241db72f899c112f2370ad08103f679365976cf44a558a155fc856d077b,9e8366c2da097765e6a15d99754e653c,240x240x155,1x1x1,float32,,
africa,BraTS-SSA-00228,000,flair,BraTS-SSA-00228-000-t2f.nii.gz,external_brats_africa/PKG - BraTS-Africa/BraTS-Africa/95_Glioma/BraTS-SSA-00228-000/BraTS-SSA-00228-000-t2f.nii.gz,external_brats_africa.tar,external_brats_africa/PKG - BraTS-Africa/BraTS-Africa/95_Glioma/BraTS-SSA-00228-000/BraTS-SSA-00228-000-t2f.nii.gz,2538922,ebf056ce256bd49ef54ed320c2acf831e67b40cf4638ff50440b646c6cea2c9a,692c5346e38cc26f72370035ca12e038,240x240x155,1x1x1,float32,,
africa,BraTS-SSA-00228,000,t2,BraTS-SSA-00228-000-t2w.nii.gz,external_brats_africa/PKG - BraTS-Africa/BraTS-Africa/95_Glioma/BraTS-SSA-00228-000/BraTS-SSA-00228-000-t2w.nii.gz,external_brats_africa.tar,external_brats_africa/PKG - BraTS-Africa/BraTS-Africa/95_Glioma/BraTS-SSA-00228-000/BraTS-SSA-00228-000-t2w.nii.gz,2887312,111153f2c27ab28cf05e471e8a8d7677736bbd3a5e848cd49b7d760248eb0619,db477673556010e30536f02abcc9043b,240x240x155,1x1x1,float32,,
africa,BraTS-SSA-00228,000,seg,BraTS-SSA-00228-000-seg.nii.gz,external_brats_africa/PKG - BraTS-Africa/BraTS-Africa/95_Glioma/BraTS-SSA-00228-000/BraTS-SSA-00228-000-seg.nii.gz,external_brats_africa.tar,external_brats_africa/PKG - BraTS-Africa/BraTS-Africa/95_Glioma/BraTS-SSA-00228-000/BraTS-SSA-00228-000-seg.nii.gz,68813,5f8428a8c0ec978c3a1674c701715644b0834318f7e34596c0072eb69ac1d578,fe7c142a0c4c4b1627a135193bdfd909,240x240x155,1x1x1,float32,"0,1,2,3",
africa,BraTS-SSA-00228,000,t1,BraTS-SSA-00228-000-t1n.nii.gz,external_brats_africa/PKG - BraTS-Africa/BraTS-Africa/95_Glioma/BraTS-SSA-00228-000/BraTS-SSA-00228-000-t1n.nii.gz,external_brats_africa.tar,external_brats_africa/PKG - BraTS-Africa/BraTS-Africa/95_Glioma/BraTS-SSA-00228-000/BraTS-SSA-00228-000-t1n.nii.gz,2689570,daef8efed227a736f3d9e0219c0529b96e5c9de3044d99de60941dc1fa540d31,c10fd26f0eaa8bb8f2276bce7bbfe062,240x240x155,1x1x1,float32,,
africa,BraTS-SSA-00228,000,t1ce,BraTS-SSA-00228-000-t1c.nii.gz,external_brats_africa/PKG - BraTS-Africa/BraTS-Africa/95_Glioma/BraTS-SSA-00228-000/BraTS-SSA-00228-000-t1c.nii.gz,external_brats_africa.tar,external_brats_africa/PKG - BraTS-Africa/BraTS-Africa/95_Glioma/BraTS-SSA-00228-000/BraTS-SSA-00228-000-t1c.nii.gz,2774791,9db541c652ada7b287146a47a94de8b0bb1eb53b06b8af952d93d40d9136145f,989c8b79ac07a4ea6930b481e6fd8a81,240x240x155,1x1x1,float32,,
africa,BraTS-SSA-00155,000,seg,BraTS-SSA-00155-000-seg.nii.gz,external_brats_africa/PKG - BraTS-Africa/BraTS-Africa/95_Glioma/BraTS-SSA-00155-000/BraTS-SSA-00155-000-seg.nii.gz,external_brats_africa.tar,external_brats_africa/PKG - BraTS-Africa/BraTS-Africa/95_Glioma/BraTS-SSA-00155-000/BraTS-SSA-00155-000-seg.nii.gz,45630,b8db986d2b9ce23619914d9fec9aee430ada618e9035fac503c4117f98fad626,240f2b73c170ffd0e8f847e0eb7acf5c,240x240x155,1x1x1,float32,"0,1,2,3",
africa,BraTS-SSA-00155,000,flair,BraTS-SSA-00155-000-t2f.nii.gz,external_brats_africa/PKG - BraTS-Africa/BraTS-Africa/95_Glioma/BraTS-SSA-00155-000/BraTS-SSA-00155-000-t2f.nii.gz,external_brats_africa.tar,external_brats_africa/PKG - BraTS-Africa/BraTS-Africa/95_Glioma/BraTS-SSA-00155-000/BraTS-SSA-00155-000-t2f.nii.gz,2478006,c52d1dadf90498c704d161e4f3cbc389c105ec5ee6798d91adb84251112ecc55,fc202393bde3aa3f52a19dc6e90f914a,240x240x155,1x1x1,float32,,
africa,BraTS-SSA-00155,000,t1ce,BraTS-SSA-00155-000-t1c.nii.gz,external_brats_africa/PKG - BraTS-Africa/BraTS-Africa/95_Glioma/BraTS-SSA-00155-000/BraTS-SSA-00155-000-t1c.nii.gz,external_brats_africa.tar,external_brats_africa/PKG - BraTS-Africa/BraTS-Africa/95_Glioma/BraTS-SSA-00155-000/BraTS-SSA-00155-000-t1c.nii.gz,2286904,f8089b74e1eed7135e1b68c6c74d77658e373e0508c24ae92212dd37141fcc55,553883ba7f65755c6dd004f763babc49,240x240x155,1x1x1,float32,,
africa,BraTS-SSA-00155,000,t1,BraTS-SSA-00155-000-t1n.nii.gz,external_brats_africa/PKG - BraTS-Africa/BraTS-Africa/95_Glioma/BraTS-SSA-00155-000/BraTS-SSA-00155-000-t1n.nii.gz,external_brats_africa.tar,external_brats_africa/PKG - BraTS-Africa/BraTS-Africa/95_Glioma/BraTS-SSA-00155-000/BraTS-SSA-00155-000-t1n.nii.gz,2319208,3b220d7bcbdc2a227c9483d2a70c6595eaa8e56354285e08270c8e3d6b4a982e,234694a9b27fe0184d3591a5ad165519,240x240x155,1x1x1,float32,,
africa,BraTS-SSA-00155,000,t2,BraTS-SSA-00155-000-t2w.nii.gz,external_brats_africa/PKG - BraTS-Africa/BraTS-Africa/95_Glioma/BraTS-SSA-00155-000/BraTS-SSA-00155-000-t2w.nii.gz,external_brats_africa.tar,external_brats_africa/PKG - BraTS-Africa/BraTS-Africa/95_Glioma/BraTS-SSA-00155-000/BraTS-SSA-00155-000-t2w.nii.gz,2378242,9e4d6fd9df155d85130b0cd677d6ec8ddab34feacaa779049983ceafe1ebb189,cb2a1750c81700c850cdd54561c197c4,240x240x155,1x1x1,float32,,
africa,BraTS-SSA-00136,000,t1ce,BraTS-SSA-00136-000-t1c.nii.gz,external_brats_africa/PKG - BraTS-Africa/BraTS-Africa/95_Glioma/BraTS-SSA-00136-000/BraTS-SSA-00136-000-t1c.nii.gz,external_brats_africa.tar,external_brats_africa/PKG - BraTS-Africa/BraTS-Africa/95_Glioma/BraTS-SSA-00136-000/BraTS-SSA-00136-000-t1c.nii.gz,2260954,5122ca1fe0b5ae3899255187cef2135ea3a5beaa2d08691f9c47d59a056e4955,03874d90be5ee7df06bddb1304b1b2ca,240x240x155,1x1x1,float32,,
africa,BraTS-SSA-00136,000,t2,BraTS-SSA-00136-000-t2w.nii.gz,external_brats_africa/PKG - BraTS-Africa/BraTS-Africa/95_Glioma/BraTS-SSA-00136-000/BraTS-SSA-00136-000-t2w.nii.gz,external_brats_africa.tar,external_brats_africa/PKG - BraTS-Africa/BraTS-Africa/95_Glioma/BraTS-SSA-00136-000/BraTS-SSA-00136-000-t2w.nii.gz,2370139,f7dfa2728e720863f10d5cbcf3b09e434b7d485ba0d91aaa00235abcced6093b,121c1ab5344c53ee2abfbe19556c6bf1,240x240x155,1x1x1,float32,,
africa,BraTS-SSA-00136,000,flair,BraTS-SSA-00136-000-t2f.nii.gz,external_brats_africa/PKG - BraTS-Africa/BraTS-Africa/95_Glioma/BraTS-SSA-00136-000/BraTS-SSA-00136-000-t2f.nii.gz,external_brats_africa.tar,external_brats_africa/PKG - BraTS-Africa/BraTS-Africa/95_Glioma/BraTS-SSA-00136-000/BraTS-SSA-00136-000-t2f.nii.gz,2421899,d7c560f6552f72898cd727f00e3c2144eebc7a206fc52f25641799601c7d3620,a6150302b9570effb927935eae64e76c,240x240x155,1x1x1,float32,,
africa,BraTS-SSA-00136,000,seg,BraTS-SSA-00136-000-seg.nii.gz,external_brats_africa/PKG - BraTS-Africa/BraTS-Africa/95_Glioma/BraTS-SSA-00136-000/BraTS-SSA-00136-000-seg.nii.gz,external_brats_africa.tar,external_brats_africa/PKG - BraTS-Africa/BraTS-Africa/95_Glioma/BraTS-SSA-00136-000/BraTS-SSA-00136-000-seg.nii.gz,54471,7ed9dc6a66f0cc258c20c4242e24ed74a57ae309a871cda1537962a62efdb94a,f16a50e41e5aa3ffb5d112d37440cfb0,240x240x155,1x1x1,float32,"0,1,2,3",
africa,BraTS-SSA-00136,000,t1,BraTS-SSA-00136-000-t1n.nii.gz,external_brats_africa/PKG - BraTS-Africa/BraTS-Africa/95_Glioma/BraTS-SSA-00136-000/BraTS-SSA-00136-000-t1n.nii.gz,external_brats_africa.tar,external_brats_africa/PKG - BraTS-Africa/BraTS-Africa/95_Glioma/BraTS-SSA-00136-000/BraTS-SSA-00136-000-t1n.nii.gz,2266038,60c9c17c009b0f29297e50c9e144032d06e4e166771ddc7695a2b08e82be55cc,30c2fce85e1df8c2c44f84876a229238,240x240x155,1x1x1,float32,,
africa,BraTS-SSA-00210,000,t1,BraTS-SSA-00210-000-t1n.nii.gz,external_brats_africa/PKG - BraTS-Africa/BraTS-Africa/95_Glioma/BraTS-SSA-00210-000/BraTS-SSA-00210-000-t1n.nii.gz,external_brats_africa.tar,external_brats_africa/PKG - BraTS-Africa/BraTS-Africa/95_Glioma/BraTS-SSA-00210-000/BraTS-SSA-00210-000-t1n.nii.gz,2498586,0fadd8f5f7464843116739d9c2eecfed797d957e630a02baa84f92505fb21c1a,937b73f6f058de234577ecd114c86375,240x240x155,1x1x1,float32,,
africa,BraTS-SSA-00210,000,t1ce,BraTS-SSA-00210-000-t1c.nii.gz,external_brats_africa/PKG - BraTS-Africa/BraTS-Africa/95_Glioma/BraTS-SSA-00210-000/BraTS-SSA-00210-000-t1c.nii.gz,external_brats_africa.tar,external_brats_africa/PKG - BraTS-Africa/BraTS-Africa/95_Glioma/BraTS-SSA-00210-000/BraTS-SSA-00210-000-t1c.nii.gz,2523412,e349532926ee128655fd2239776628380d00b71472877c4275a9ebb0b1582051,505b1deb1920932f2beabb5cb21c9087,240x240x155,1x1x1,float32,,
africa,BraTS-SSA-00210,000,seg,BraTS-SSA-00210-000-seg.nii.gz,external_brats_africa/PKG - BraTS-Africa/BraTS-Africa/95_Glioma/BraTS-SSA-00210-000/BraTS-SSA-00210-000-seg.nii.gz,external_brats_africa.tar,external_brats_africa/PKG - BraTS-Africa/BraTS-Africa/95_Glioma/BraTS-SSA-00210-000/BraTS-SSA-00210-000-seg.nii.gz,67374,0ab6026f1ca382a82637772080aca72372d50122c2b8ba6a4236464d82fd8e6f,9c82fb4141d358fe30e4fa6f73f137f0,240x240x155,1x1x1,float32,"0,1,2,3",
africa,BraTS-SSA-00210,000,flair,BraTS-SSA-00210-000-t2f.nii.gz,external_brats_africa/PKG - BraTS-Africa/BraTS-Africa/95_Glioma/BraTS-SSA-00210-000/BraTS-SSA-00210-000-t2f.nii.gz,external_brats_africa.tar,external_brats_africa/PKG - BraTS-Africa/BraTS-Africa/95_Glioma/BraTS-SSA-00210-000/BraTS-SSA-00210-000-t2f.nii.gz,2502851,6c6491fe40b67a707bf1db1e2b6659a9d779d73390939a1266b6c6faf69f647f,4bf1912f8743bf455b9518b64aee8da2,240x240x155,1x1x1,float32,,
africa,BraTS-SSA-00210,000,t2,BraTS-SSA-00210-000-t2w.nii.gz,external_brats_africa/PKG - BraTS-Africa/BraTS-Africa/95_Glioma/BraTS-SSA-00210-000/BraTS-SSA-00210-000-t2w.nii.gz,external_brats_africa.tar,external_brats_africa/PKG - BraTS-Africa/BraTS-Africa/95_Glioma/BraTS-SSA-00210-000/BraTS-SSA-00210-000-t2w.nii.gz,2641158,2d076e58782c66b17bb02817a30165af2757db81556ee38270a4d57464b9001e,909c0a433d37decfde670cdae0785372,240x240x155,1x1x1,float32,,
africa,BraTS-SSA-00076,000,t2,BraTS-SSA-00076-000-t2w.nii.gz,external_brats_africa/PKG - BraTS-Africa/BraTS-Africa/95_Glioma/BraTS-SSA-00076-000/BraTS-SSA-00076-000-t2w.nii.gz,external_brats_africa.tar,external_brats_africa/PKG - BraTS-Africa/BraTS-Africa/95_Glioma/BraTS-SSA-00076-000/BraTS-SSA-00076-000-t2w.nii.gz,2836567,6e17d1b5a48818c4ca9061ae604fb436be2bb3ca104e42e4d38a677e0c9cf983,52bcedce4c895d99428e0791b2ff7876,240x240x155,1x1x1,float32,,
africa,BraTS-SSA-00076,000,t1,BraTS-SSA-00076-000-t1n.nii.gz,external_brats_africa/PKG - BraTS-Africa/BraTS-Africa/95_Glioma/BraTS-SSA-00076-000/BraTS-SSA-00076-000-t1n.nii.gz,external_brats_africa.tar,external_brats_africa/PKG - BraTS-Africa/BraTS-Africa/95_Glioma/BraTS-SSA-00076-000/BraTS-SSA-00076-000-t1n.nii.gz,2572004,b13f5312033f8c3ce5c6bcf38ce6ae0422130202ce8cd5d4ec3bf2b10693e750,73e2cafb090a9e7d8695460d99b8c526,240x240x155,1x1x1,float32,,
africa,BraTS-SSA-00076,000,flair,BraTS-SSA-00076-000-t2f.nii.gz,external_brats_africa/PKG - BraTS-Africa/BraTS-Africa/95_Glioma/BraTS-SSA-00076-000/BraTS-SSA-00076-000-t2f.nii.gz,external_brats_africa.tar,external_brats_africa/PKG - BraTS-Africa/BraTS-Africa/95_Glioma/BraTS-SSA-00076-000/BraTS-SSA-00076-000-t2f.nii.gz,2703365,2bf643a2414b1f494699f6db6255ebc902eb51014c680c1af4e9ab6b41ae968f,b1efe5e8471146b85ab3d59408dfa91e,240x240x155,1x1x1,float32,,
africa,BraTS-SSA-00076,000,seg,BraTS-SSA-00076-000-seg.nii.gz,external_brats_africa/PKG - BraTS-Africa/BraTS-Africa/95_Glioma/BraTS-SSA-00076-000/BraTS-SSA-00076-000-seg.nii.gz,external_brats_africa.tar,external_brats_africa/PKG - BraTS-Africa/BraTS-Africa/95_Glioma/BraTS-SSA-00076-000/BraTS-SSA-00076-000-seg.nii.gz,72812,1eefd5ae0c5ed615d1ddd14d8e0823876caf610655996c0950b90cb1f5d7791b,615c50342da0fe66676ba6b21b343329,240x240x155,1x1x1,float32,"0,1,2,3",
africa,BraTS-SSA-00076,000,t1ce,BraTS-SSA-00076-000-t1c.nii.gz,external_brats_africa/PKG - BraTS-Africa/BraTS-Africa/95_Glioma/BraTS-SSA-00076-000/BraTS-SSA-00076-000-t1c.nii.gz,external_brats_africa.tar,external_brats_africa/PKG - BraTS-Africa/BraTS-Africa/95_Glioma/BraTS-SSA-00076-000/BraTS-SSA-00076-000-t1c.nii.gz,2639178,ad81c3311cf5ee489b9bc86ecb38f297d5eef0c1638b2f8155da14e54829cdf9,7e2b6e319ab6e0f68dd82d744e67a6eb,240x240x155,1x1x1,float32,,
africa,BraTS-SSA-00112,000,t2,BraTS-SSA-00112-000-t2w.nii.gz,external_brats_africa/PKG - BraTS-Africa/BraTS-Africa/95_Glioma/BraTS-SSA-00112-000/BraTS-SSA-00112-000-t2w.nii.gz,external_brats_africa.tar,external_brats_africa/PKG - BraTS-Africa/BraTS-Africa/95_Glioma/BraTS-SSA-00112-000/BraTS-SSA-00112-000-t2w.nii.gz,3320938,b0ef2eae047debe1f8264315b82a1422d1e076c158fc4214d41e7a025fb4f4db,feac70e9813ce018f1b296fedaeb2cb8,240x240x155,1x1x1,float32,,
africa,BraTS-SSA-00112,000,flair,BraTS-SSA-00112-000-t2f.nii.gz,external_brats_africa/PKG - BraTS-Africa/BraTS-Africa/95_Glioma/BraTS-SSA-00112-000/BraTS-SSA-00112-000-t2f.nii.gz,external_brats_africa.tar,external_brats_africa/PKG - BraTS-Africa/BraTS-Africa/95_Glioma/BraTS-SSA-00112-000/BraTS-SSA-00112-000-t2f.nii.gz,3177032,77c6b7d6a356fdbdd0d510186f9bb681722b90f1cf14a5c6311e979e21a76bd6,780960bdcae56f01e20121fb87a2c3a4,240x240x155,1x1x1,float32,,
africa,BraTS-SSA-00112,000,t1ce,BraTS-SSA-00112-000-t1c.nii.gz,external_brats_africa/PKG - BraTS-Africa/BraTS-Africa/95_Glioma/BraTS-SSA-00112-000/BraTS-SSA-00112-000-t1c.nii.gz,external_brats_africa.tar,external_brats_africa/PKG - BraTS-Africa/BraTS-Africa/95_Glioma/BraTS-SSA-00112-000/BraTS-SSA-00112-000-t1c.nii.gz,3002926,46458dac0c6d0c070b905e2137eba917bae8ba850700f09625ca13fe06b1f734,020e9bba2d8a821cb56e8b383ddcf1e4,240x240x155,1x1x1,float32,,
africa,BraTS-SSA-00112,000,seg,BraTS-SSA-00112-000-seg.nii.gz,external_brats_africa/PKG - BraTS-Africa/BraTS-Africa/95_Glioma/BraTS-SSA-00112-000/BraTS-SSA-00112-000-seg.nii.gz,external_brats_africa.tar,external_brats_africa/PKG - BraTS-Africa/BraTS-Africa/95_Glioma/BraTS-SSA-00112-000/BraTS-SSA-00112-000-seg.nii.gz,39859,a051da846181b06b7eaa49049519e4c1b87a8c472cd3291e95947fea4a0948bd,b51302ee8ec39a97d78c1c5375e3f268,240x240x155,1x1x1,float32,"0,1,2,3",
africa,BraTS-SSA-00112,000,t1,BraTS-SSA-00112-000-t1n.nii.gz,external_brats_africa/PKG - BraTS-Africa/BraTS-Africa/95_Glioma/BraTS-SSA-00112-000/BraTS-SSA-00112-000-t1n.nii.gz,external_brats_africa.tar,external_brats_africa/PKG - BraTS-Africa/BraTS-Africa/95_Glioma/BraTS-SSA-00112-000/BraTS-SSA-00112-000-t1n.nii.gz,3020626,2d20ed76b1239f80c5d7fbc8975934a35b79519a0f43b7cbf9f858ccdd16bcd2,8b59ea018bf6e72c40e40f0e93c7eb3a,240x240x155,1x1x1,float32,,
africa,BraTS-SSA-00041,000,t1ce,BraTS-SSA-00041-000-t1c.nii.gz,external_brats_africa/PKG - BraTS-Africa/BraTS-Africa/95_Glioma/BraTS-SSA-00041-000/BraTS-SSA-00041-000-t1c.nii.gz,external_brats_africa.tar,external_brats_africa/PKG - BraTS-Africa/BraTS-Africa/95_Glioma/BraTS-SSA-00041-000/BraTS-SSA-00041-000-t1c.nii.gz,1925868,e7a857e95373ab8aea0291cc2ad621e6feec6688de11481f469667c3483437b0,394d04162183dd5ec52bca9b9faa1eb5,240x240x155,1x1x1,float32,,
africa,BraTS-SSA-00041,000,seg,BraTS-SSA-00041-000-seg.nii.gz,external_brats_africa/PKG - BraTS-Africa/BraTS-Africa/95_Glioma/BraTS-SSA-00041-000/BraTS-SSA-00041-000-seg.nii.gz,external_brats_africa.tar,external_brats_africa/PKG - BraTS-Africa/BraTS-Africa/95_Glioma/BraTS-SSA-00041-000/BraTS-SSA-00041-000-seg.nii.gz,47293,0a551f46ceed6611aaea423788c053ba0edc429f1086984ed50f3c879e7c75b1,8d563de2fb6a11bb5d023c5db69f691f,240x240x155,1x1x1,float32,"0,1,2,3",
africa,BraTS-SSA-00041,000,flair,BraTS-SSA-00041-000-t2f.nii.gz,external_brats_africa/PKG - BraTS-Africa/BraTS-Africa/95_Glioma/BraTS-SSA-00041-000/BraTS-SSA-00041-000-t2f.nii.gz,external_brats_africa.tar,external_brats_africa/PKG - BraTS-Africa/BraTS-Africa/95_Glioma/BraTS-SSA-00041-000/BraTS-SSA-00041-000-t2f.nii.gz,2008105,8cdf644fac2c71ee630b50f97f99c23a4ea225e4c9e3fd53e5e31d4ca0cbb7d4,d69627afba0ab1cbebe4df602e2aafc2,240x240x155,1x1x1,float32,,
africa,BraTS-SSA-00041,000,t1,BraTS-SSA-00041-000-t1n.nii.gz,external_brats_africa/PKG - BraTS-Africa/BraTS-Africa/95_Glioma/BraTS-SSA-00041-000/BraTS-SSA-00041-000-t1n.nii.gz,external_brats_africa.tar,external_brats_africa/PKG - BraTS-Africa/BraTS-Africa/95_Glioma/BraTS-SSA-00041-000/BraTS-SSA-00041-000-t1n.nii.gz,1988266,723114be5b63cdb0b9c5bb1b9ed801ade35b7f62e1d2447708c8fc491e615e87,1cd84acde9a7e61c9e748af982f137bf,240x240x155,1x1x1,float32,,
africa,BraTS-SSA-00041,000,t2,BraTS-SSA-00041-000-t2w.nii.gz,external_brats_africa/PKG - BraTS-Africa/BraTS-Africa/95_Glioma/BraTS-SSA-00041-000/BraTS-SSA-00041-000-t2w.nii.gz,external_brats_africa.tar,external_brats_africa/PKG - BraTS-Africa/BraTS-Africa/95_Glioma/BraTS-SSA-00041-000/BraTS-SSA-00041-000-t2w.nii.gz,2186842,363b5cfb6fceb09859e4112f84c68efdd5c0dabc6fa60c8e711a055849370857,885e023401b1dac2054a2a6501657a4b,240x240x155,1x1x1,float32,,
africa,BraTS-SSA-00141,000,t1ce,BraTS-SSA-00141-000-t1c.nii.gz,external_brats_africa/PKG - BraTS-Africa/BraTS-Africa/95_Glioma/BraTS-SSA-00141-000/BraTS-SSA-00141-000-t1c.nii.gz,external_brats_africa.tar,external_brats_africa/PKG - BraTS-Africa/BraTS-Africa/95_Glioma/BraTS-SSA-00141-000/BraTS-SSA-00141-000-t1c.nii.gz,2813203,512ee2aa6e5315484d417d9b1573fb98f64247cc90649d399b1bc6358479c111,44e896341e18e987cb06acf6318ccf09,240x240x155,1x1x1,float32,,
africa,BraTS-SSA-00141,000,seg,BraTS-SSA-00141-000-seg.nii.gz,external_brats_africa/PKG - BraTS-Africa/BraTS-Africa/95_Glioma/BraTS-SSA-00141-000/BraTS-SSA-00141-000-seg.nii.gz,external_brats_africa.tar,external_brats_africa/PKG - BraTS-Africa/BraTS-Africa/95_Glioma/BraTS-SSA-00141-000/BraTS-SSA-00141-000-seg.nii.gz,78337,6db5d45f5c64e0d531137352e5e397b0b6a4aac024af44afa58a9f0ef8d25c3f,394fb9137a2cb7825546f148fd68f95e,240x240x155,1x1x1,float32,"0,1,2,3",
africa,BraTS-SSA-00141,000,t2,BraTS-SSA-00141-000-t2w.nii.gz,external_brats_africa/PKG - BraTS-Africa/BraTS-Africa/95_Glioma/BraTS-SSA-00141-000/BraTS-SSA-00141-000-t2w.nii.gz,external_brats_africa.tar,external_brats_africa/PKG - BraTS-Africa/BraTS-Africa/95_Glioma/BraTS-SSA-00141-000/BraTS-SSA-00141-000-t2w.nii.gz,2957921,5677a885c370d0a836e5d86c402b614b83d3c7f86570230d634e6841eef44967,44aeb41c53259e10b183a10ab6ed395e,240x240x155,1x1x1,float32,,
africa,BraTS-SSA-00141,000,flair,BraTS-SSA-00141-000-t2f.nii.gz,external_brats_africa/PKG - BraTS-Africa/BraTS-Africa/95_Glioma/BraTS-SSA-00141-000/BraTS-SSA-00141-000-t2f.nii.gz,external_brats_africa.tar,external_brats_africa/PKG - BraTS-Africa/BraTS-Africa/95_Glioma/BraTS-SSA-00141-000/BraTS-SSA-00141-000-t2f.nii.gz,3064495,33ba67b3e4d201a3dd5f44eaf0de0d1760351b6cfff4d92d7907d6e4f8278657,c1d4aa267c22636959c4dd7eda7bc110,240x240x155,1x1x1,float32,,
africa,BraTS-SSA-00141,000,t1,BraTS-SSA-00141-000-t1n.nii.gz,external_brats_africa/PKG - BraTS-Africa/BraTS-Africa/95_Glioma/BraTS-SSA-00141-000/BraTS-SSA-00141-000-t1n.nii.gz,external_brats_africa.tar,external_brats_africa/PKG - BraTS-Africa/BraTS-Africa/95_Glioma/BraTS-SSA-00141-000/BraTS-SSA-00141-000-t1n.nii.gz,2893542,6ead25d2898af58c2ed6fdc51118666551ecbad27f6dfd381d00372302b8dda2,a57e657af338dcb15fb12a0564706dd1,240x240x155,1x1x1,float32,,
africa,BraTS-SSA-00125,000,flair,BraTS-SSA-00125-000-t2f.nii.gz,external_brats_africa/PKG - BraTS-Africa/BraTS-Africa/95_Glioma/BraTS-SSA-00125-000/BraTS-SSA-00125-000-t2f.nii.gz,external_brats_africa.tar,external_brats_africa/PKG - BraTS-Africa/BraTS-Africa/95_Glioma/BraTS-SSA-00125-000/BraTS-SSA-00125-000-t2f.nii.gz,2556090,418c68cd70ec83f3bf8f52c2baab1c98cb7b9caa040b120f0c2c191101219859,d3a47f9758d27ee709f1e5b679d83035,240x240x155,1x1x1,float32,,
africa,BraTS-SSA-00125,000,t1ce,BraTS-SSA-00125-000-t1c.nii.gz,external_brats_africa/PKG - BraTS-Africa/BraTS-Africa/95_Glioma/BraTS-SSA-00125-000/BraTS-SSA-00125-000-t1c.nii.gz,external_brats_africa.tar,external_brats_africa/PKG - BraTS-Africa/BraTS-Africa/95_Glioma/BraTS-SSA-00125-000/BraTS-SSA-00125-000-t1c.nii.gz,2339007,21294958cbb4e4cf319f903ab1a4a66de8903f488348deae5ba122faea4fe9a2,2a89730c8c02bcc024814f41e5bda46d,240x240x155,1x1x1,float32,,
africa,BraTS-SSA-00125,000,seg,BraTS-SSA-00125-000-seg.nii.gz,external_brats_africa/PKG - BraTS-Africa/BraTS-Africa/95_Glioma/BraTS-SSA-00125-000/BraTS-SSA-00125-000-seg.nii.gz,external_brats_africa.tar,external_brats_africa/PKG - BraTS-Africa/BraTS-Africa/95_Glioma/BraTS-SSA-00125-000/BraTS-SSA-00125-000-seg.nii.gz,63066,0c07b349dba918596fddf59197f27c713644614442af78213fad1d80e1f5e186,0796e075234a6529bae5753b6780d4d5,240x240x155,1x1x1,float32,"0,1,2,3",
africa,BraTS-SSA-00125,000,t2,BraTS-SSA-00125-000-t2w.nii.gz,external_brats_africa/PKG - BraTS-Africa/BraTS-Africa/95_Glioma/BraTS-SSA-00125-000/BraTS-SSA-00125-000-t2w.nii.gz,external_brats_africa.tar,external_brats_africa/PKG - BraTS-Africa/BraTS-Africa/95_Glioma/BraTS-SSA-00125-000/BraTS-SSA-00125-000-t2w.nii.gz,2437367,97d53f6596e3f7950e44812526250bba3516e44bd48277bba42c3214effc852e,3b230eb7af7430d65290daf3c252b5c8,240x240x155,1x1x1,float32,,
africa,BraTS-SSA-00125,000,t1,BraTS-SSA-00125-000-t1n.nii.gz,external_brats_africa/PKG - BraTS-Africa/BraTS-Africa/95_Glioma/BraTS-SSA-00125-000/BraTS-SSA-00125-000-t1n.nii.gz,external_brats_africa.tar,external_brats_africa/PKG - BraTS-Africa/BraTS-Africa/95_Glioma/BraTS-SSA-00125-000/BraTS-SSA-00125-000-t1n.nii.gz,2372793,c27abcf5e695f2cc84eea4c957245da96aa295d80bb49894f8f8c5666999176d,4ccbeac7d038306a432419b2d07488d3,240x240x155,1x1x1,float32,,
africa,BraTS-SSA-00220,000,t1ce,BraTS-SSA-00220-000-t1c.nii.gz,external_brats_africa/PKG - BraTS-Africa/BraTS-Africa/95_Glioma/BraTS-SSA-00220-000/BraTS-SSA-00220-000-t1c.nii.gz,external_brats_africa.tar,external_brats_africa/PKG - BraTS-Africa/BraTS-Africa/95_Glioma/BraTS-SSA-00220-000/BraTS-SSA-00220-000-t1c.nii.gz,2021847,3a2681753c7294966a6a9e6bf6aabe95e635a13105a662adc028fc58ec44e470,934bd3ed21c3188952e1802eb03d1612,240x240x155,1x1x1,float32,,
africa,BraTS-SSA-00220,000,t2,BraTS-SSA-00220-000-t2w.nii.gz,external_brats_africa/PKG - BraTS-Africa/BraTS-Africa/95_Glioma/BraTS-SSA-00220-000/BraTS-SSA-00220-000-t2w.nii.gz,external_brats_africa.tar,external_brats_africa/PKG - BraTS-Africa/BraTS-Africa/95_Glioma/BraTS-SSA-00220-000/BraTS-SSA-00220-000-t2w.nii.gz,2095398,b07c94d7d0e2d330ea278077f86bf8ec14ba3a9cb8e3055f07b9ff7318927e37,108f9c2be87ae0892e105f3aa3b3afb6,240x240x155,1x1x1,float32,,
africa,BraTS-SSA-00220,000,seg,BraTS-SSA-00220-000-seg.nii.gz,external_brats_africa/PKG - BraTS-Africa/BraTS-Africa/95_Glioma/BraTS-SSA-00220-000/BraTS-SSA-00220-000-seg.nii.gz,external_brats_africa.tar,external_brats_africa/PKG - BraTS-Africa/BraTS-Africa/95_Glioma/BraTS-SSA-00220-000/BraTS-SSA-00220-000-seg.nii.gz,68080,3c5cf98d04bec9210430a243622b4ead4db2718191fde787051128908c78501f,64c877f4217f14b583d6f73a1714fbd6,240x240x155,1x1x1,float32,"0,1,2,3",
africa,BraTS-SSA-00220,000,t1,BraTS-SSA-00220-000-t1n.nii.gz,external_brats_africa/PKG - BraTS-Africa/BraTS-Africa/95_Glioma/BraTS-SSA-00220-000/BraTS-SSA-00220-000-t1n.nii.gz,external_brats_africa.tar,external_brats_africa/PKG - BraTS-Africa/BraTS-Africa/95_Glioma/BraTS-SSA-00220-000/BraTS-SSA-00220-000-t1n.nii.gz,1959929,2277166c37223636ba114b1d9620401df94cb2bcced43844ed82a273b37768fa,78dbb061d614e72adab710878c409989,240x240x155,1x1x1,float32,,
africa,BraTS-SSA-00220,000,flair,BraTS-SSA-00220-000-t2f.nii.gz,external_brats_africa/PKG - BraTS-Africa/BraTS-Africa/95_Glioma/BraTS-SSA-00220-000/BraTS-SSA-00220-000-t2f.nii.gz,external_brats_africa.tar,external_brats_africa/PKG - BraTS-Africa/BraTS-Africa/95_Glioma/BraTS-SSA-00220-000/BraTS-SSA-00220-000-t2f.nii.gz,2009678,eaa8b792e1eaf2cdf59127df8fb37597f35c37417e48db44eb8d608d2ac8cbe7,33567dce1a95d6777114be327f77b4b6,240x240x155,1x1x1,float32,,
africa,BraTS-SSA-00007,000,t2,BraTS-SSA-00007-000-t2w.nii.gz,external_brats_africa/PKG - BraTS-Africa/BraTS-Africa/95_Glioma/BraTS-SSA-00007-000/BraTS-SSA-00007-000-t2w.nii.gz,external_brats_africa.tar,external_brats_africa/PKG - BraTS-Africa/BraTS-Africa/95_Glioma/BraTS-SSA-00007-000/BraTS-SSA-00007-000-t2w.nii.gz,4125850,c7370efbf1233b92b362c37e0ed81d84ebbd268722718d82828d5ae4c1227d90,2c60a863050902bb032fe822c6d5c95b,240x240x155,1x1x1,float32,,
africa,BraTS-SSA-00007,000,t1,BraTS-SSA-00007-000-t1n.nii.gz,external_brats_africa/PKG - BraTS-Africa/BraTS-Africa/95_Glioma/BraTS-SSA-00007-000/BraTS-SSA-00007-000-t1n.nii.gz,external_brats_africa.tar,external_brats_africa/PKG - BraTS-Africa/BraTS-Africa/95_Glioma/BraTS-SSA-00007-000/BraTS-SSA-00007-000-t1n.nii.gz,3796360,44536caa05aadce995b2254367996168291f570be9c91b609140d73897ad8df4,10479fe3a51ab8c0f56e861b08c6eb1c,240x240x155,1x1x1,float32,,
africa,BraTS-SSA-00007,000,flair,BraTS-SSA-00007-000-t2f.nii.gz,external_brats_africa/PKG - BraTS-Africa/BraTS-Africa/95_Glioma/BraTS-SSA-00007-000/BraTS-SSA-00007-000-t2f.nii.gz,external_brats_africa.tar,external_brats_africa/PKG - BraTS-Africa/BraTS-Africa/95_Glioma/BraTS-SSA-00007-000/BraTS-SSA-00007-000-t2f.nii.gz,4090729,d4f0b292e319b56c03555ec31871d27d4a9c3f97809f7fb6ca5cff1b85a8506c,e6d175c17e6caa93443a0ceffeaca8be,240x240x155,1x1x1,float32,,
africa,BraTS-SSA-00007,000,seg,BraTS-SSA-00007-000-seg.nii.gz,external_brats_africa/PKG - BraTS-Africa/BraTS-Africa/95_Glioma/BraTS-SSA-00007-000/BraTS-SSA-00007-000-seg.nii.gz,external_brats_africa.tar,external_brats_africa/PKG - BraTS-Africa/BraTS-Africa/95_Glioma/BraTS-SSA-00007-000/BraTS-SSA-00007-000-seg.nii.gz,77975,4edd43b006354c2319b967022c0bfafcae097bc871ee72936867a2d6205db984,9d33a72f366bb314cb77f2054345758c,240x240x155,1x1x1,float32,"0,1,2,3",
africa,BraTS-SSA-00007,000,t1ce,BraTS-SSA-00007-000-t1c.nii.gz,external_brats_africa/PKG - BraTS-Africa/BraTS-Africa/95_Glioma/BraTS-SSA-00007-000/BraTS-SSA-00007-000-t1c.nii.gz,external_brats_africa.tar,external_brats_africa/PKG - BraTS-Africa/BraTS-Africa/95_Glioma/BraTS-SSA-00007-000/BraTS-SSA-00007-000-t1c.nii.gz,3831923,9f59a73dd210ea99814d1db671d919938f251ae344b32cd9ee4d5e683d8e82a1,26917f23e7ae6465971c4851392486e3,240x240x155,1x1x1,float32,,
africa,BraTS-SSA-00014,000,seg,BraTS-SSA-00014-000-seg.nii.gz,external_brats_africa/PKG - BraTS-Africa/BraTS-Africa/95_Glioma/BraTS-SSA-00014-000/BraTS-SSA-00014-000-seg.nii.gz,external_brats_africa.tar,external_brats_africa/PKG - BraTS-Africa/BraTS-Africa/95_Glioma/BraTS-SSA-00014-000/BraTS-SSA-00014-000-seg.nii.gz,51961,4d329a3643cb87ff10b97a46f75a9e3e200ac27cba9ce02de1c810a5af4bf1dd,5fa318c81610445e815396b65819a14d,240x240x155,1x1x1,float32,"0,1,2,3",
africa,BraTS-SSA-00014,000,t1ce,BraTS-SSA-00014-000-t1c.nii.gz,external_brats_africa/PKG - BraTS-Africa/BraTS-Africa/95_Glioma/BraTS-SSA-00014-000/BraTS-SSA-00014-000-t1c.nii.gz,external_brats_africa.tar,external_brats_africa/PKG - BraTS-Africa/BraTS-Africa/95_Glioma/BraTS-SSA-00014-000/BraTS-SSA-00014-000-t1c.nii.gz,3551723,4afd7a310f409facdf5f9e9537dc7aa183be15d8a69865d1655b3bcae212eeb8,9828949c5e82fa569d7f148738f8e154,240x240x155,1x1x1,float32,,
africa,BraTS-SSA-00014,000,t1,BraTS-SSA-00014-000-t1n.nii.gz,external_brats_africa/PKG - BraTS-Africa/BraTS-Africa/95_Glioma/BraTS-SSA-00014-000/BraTS-SSA-00014-000-t1n.nii.gz,external_brats_africa.tar,external_brats_africa/PKG - BraTS-Africa/BraTS-Africa/95_Glioma/BraTS-SSA-00014-000/BraTS-SSA-00014-000-t1n.nii.gz,3613961,fd0e5780a6c68ff6d32cdc544b22132257bf86e3795563158a3558d42ff0d3cf,9a1b8ca13252731901e5f00907d8c438,240x240x155,1x1x1,float32,,
africa,BraTS-SSA-00014,000,t2,BraTS-SSA-00014-000-t2w.nii.gz,external_brats_africa/PKG - BraTS-Africa/BraTS-Africa/95_Glioma/BraTS-SSA-00014-000/BraTS-SSA-00014-000-t2w.nii.gz,external_brats_africa.tar,external_brats_africa/PKG - BraTS-Africa/BraTS-Africa/95_Glioma/BraTS-SSA-00014-000/BraTS-SSA-00014-000-t2w.nii.gz,3963337,0f8b49310f4bcc3d2e6ecf4509258128976a9680edd94b038a593d755aa393f1,33a61724d458a814fd6a41bd9b89b129,240x240x155,1x1x1,float32,,
africa,BraTS-SSA-00014,000,flair,BraTS-SSA-00014-000-t2f.nii.gz,external_brats_africa/PKG - BraTS-Africa/BraTS-Africa/95_Glioma/BraTS-SSA-00014-000/BraTS-SSA-00014-000-t2f.nii.gz,external_brats_africa.tar,external_brats_africa/PKG - BraTS-Africa/BraTS-Africa/95_Glioma/BraTS-SSA-00014-000/BraTS-SSA-00014-000-t2f.nii.gz,3807529,2c6d851f91ccba2c58f8e51b19a2c2d8a05a57f9e95378d88ceed5a8a1979dc2,ec5c1db27ade4af556e2e12627fc0b06,240x240x155,1x1x1,float32,,
africa,BraTS-SSA-00110,000,t1ce,BraTS-SSA-00110-000-t1c.nii.gz,external_brats_africa/PKG - BraTS-Africa/BraTS-Africa/95_Glioma/BraTS-SSA-00110-000/BraTS-SSA-00110-000-t1c.nii.gz,external_brats_africa.tar,external_brats_africa/PKG - BraTS-Africa/BraTS-Africa/95_Glioma/BraTS-SSA-00110-000/BraTS-SSA-00110-000-t1c.nii.gz,2609814,d8eb91ecc41e842966afaefb23c00a52616c2f415d40dd669827ebd7e2b11200,c12c93c30756e489e9c56d7cd1fbdf5e,240x240x155,1x1x1,float32,,
africa,BraTS-SSA-00110,000,flair,BraTS-SSA-00110-000-t2f.nii.gz,external_brats_africa/PKG - BraTS-Africa/BraTS-Africa/95_Glioma/BraTS-SSA-00110-000/BraTS-SSA-00110-000-t2f.nii.gz,external_brats_africa.tar,external_brats_africa/PKG - BraTS-Africa/BraTS-Africa/95_Glioma/BraTS-SSA-00110-000/BraTS-SSA-00110-000-t2f.nii.gz,2558816,c27280e3031cfa8d7e8bf960f4adf5fc01838bab654041627b68db031b4803d7,6d031f7ab995e403d60c083b78b0248f,240x240x155,1x1x1,float32,,
africa,BraTS-SSA-00110,000,seg,BraTS-SSA-00110-000-seg.nii.gz,external_brats_africa/PKG - BraTS-Africa/BraTS-Africa/95_Glioma/BraTS-SSA-00110-000/BraTS-SSA-00110-000-seg.nii.gz,external_brats_africa.tar,external_brats_africa/PKG - BraTS-Africa/BraTS-Africa/95_Glioma/BraTS-SSA-00110-000/BraTS-SSA-00110-000-seg.nii.gz,48619,b792f010449e9b7dbb331102b7ca8b73f055fccb05780f9114b33ef7dc0a607f,f0e94a879489a83f6ec7f11975cebae2,240x240x155,1x1x1,float32,"0,2,3",
africa,BraTS-SSA-00110,000,t2,BraTS-SSA-00110-000-t2w.nii.gz,external_brats_africa/PKG - BraTS-Africa/BraTS-Africa/95_Glioma/BraTS-SSA-00110-000/BraTS-SSA-00110-000-t2w.nii.gz,external_brats_africa.tar,external_brats_africa/PKG - BraTS-Africa/BraTS-Africa/95_Glioma/BraTS-SSA-00110-000/BraTS-SSA-00110-000-t2w.nii.gz,2842885,61f40c7fc0773a4dd224292b36c5ffc1c16a831a5a93b417ba028b55c89fba56,e7be53d6e7de682d1d96a8485c28bf3d,240x240x155,1x1x1,float32,,
africa,BraTS-SSA-00110,000,t1,BraTS-SSA-00110-000-t1n.nii.gz,external_brats_africa/PKG - BraTS-Africa/BraTS-Africa/95_Glioma/BraTS-SSA-00110-000/BraTS-SSA-00110-000-t1n.nii.gz,external_brats_africa.tar,external_brats_africa/PKG - BraTS-Africa/BraTS-Africa/95_Glioma/BraTS-SSA-00110-000/BraTS-SSA-00110-000-t1n.nii.gz,2644032,cd94839adbd61adcb0901ded5120c1f1f7d28e4f50b7aeb53139877e88a66b57,5d6bc998397af859b15518b580e98a10,240x240x155,1x1x1,float32,,
africa,BraTS-SSA-00138,000,seg,BraTS-SSA-00138-000-seg.nii.gz,external_brats_africa/PKG - BraTS-Africa/BraTS-Africa/95_Glioma/BraTS-SSA-00138-000/BraTS-SSA-00138-000-seg.nii.gz,external_brats_africa.tar,external_brats_africa/PKG - BraTS-Africa/BraTS-Africa/95_Glioma/BraTS-SSA-00138-000/BraTS-SSA-00138-000-seg.nii.gz,89734,3d7737bcd19f334dcb93f06cd5b9451a1993a8d728ee21c760d6d54119be4d1f,4fe00080b2a543f2387ff5d192b37a50,240x240x155,1x1x1,float32,"0,1,2,3",
africa,BraTS-SSA-00138,000,flair,BraTS-SSA-00138-000-t2f.nii.gz,external_brats_africa/PKG - BraTS-Africa/BraTS-Africa/95_Glioma/BraTS-SSA-00138-000/BraTS-SSA-00138-000-t2f.nii.gz,external_brats_africa.tar,external_brats_africa/PKG - BraTS-Africa/BraTS-Africa/95_Glioma/BraTS-SSA-00138-000/BraTS-SSA-00138-000-t2f.nii.gz,3162083,bd88262b9898ed7245d80491908139acb238ec1b2982c35c2583d43e1262e4ac,cc0a09aeb1c80f37b0d9c50b28b2ec22,240x240x155,1x1x1,float32,,
africa,BraTS-SSA-00138,000,t1ce,BraTS-SSA-00138-000-t1c.nii.gz,external_brats_africa/PKG - BraTS-Africa/BraTS-Africa/95_Glioma/BraTS-SSA-00138-000/BraTS-SSA-00138-000-t1c.nii.gz,external_brats_africa.tar,external_brats_africa/PKG - BraTS-Africa/BraTS-Africa/95_Glioma/BraTS-SSA-00138-000/BraTS-SSA-00138-000-t1c.nii.gz,2867090,aab2113cce998b539cf3a1f6b0817f72cdf85563a4af743c7700a55bb42dd59f,977743b19f61744a4f922c4292d11c63,240x240x155,1x1x1,float32,,
africa,BraTS-SSA-00138,000,t2,BraTS-SSA-00138-000-t2w.nii.gz,external_brats_africa/PKG - BraTS-Africa/BraTS-Africa/95_Glioma/BraTS-SSA-00138-000/BraTS-SSA-00138-000-t2w.nii.gz,external_brats_africa.tar,external_brats_africa/PKG - BraTS-Africa/BraTS-Africa/95_Glioma/BraTS-SSA-00138-000/BraTS-SSA-00138-000-t2w.nii.gz,3048514,b3c0521861c81eb4505bc98de9d33ef2f438fd22d5d350c21a7328e9862d4290,c04e338c030fa5095ec1d8407d8d3ff4,240x240x155,1x1x1,float32,,
africa,BraTS-SSA-00138,000,t1,BraTS-SSA-00138-000-t1n.nii.gz,external_brats_africa/PKG - BraTS-Africa/BraTS-Africa/95_Glioma/BraTS-SSA-00138-000/BraTS-SSA-00138-000-t1n.nii.gz,external_brats_africa.tar,external_brats_africa/PKG - BraTS-Africa/BraTS-Africa/95_Glioma/BraTS-SSA-00138-000/BraTS-SSA-00138-000-t1n.nii.gz,2854719,87c925eedd22cbecd95b12db7a732f3f2516d7fea9a6a31e7aafb0e7d376d909,7e013b2aaae141fae23d0d4d345e3156,240x240x155,1x1x1,float32,,
africa,BraTS-SSA-00093,000,flair,BraTS-SSA-00093-000-t2f.nii.gz,external_brats_africa/PKG - BraTS-Africa/BraTS-Africa/95_Glioma/BraTS-SSA-00093-000/BraTS-SSA-00093-000-t2f.nii.gz,external_brats_africa.tar,external_brats_africa/PKG - BraTS-Africa/BraTS-Africa/95_Glioma/BraTS-SSA-00093-000/BraTS-SSA-00093-000-t2f.nii.gz,6082954,05bb5adcb9d0cc6ed181f927d113fab5bc98bbe3734181a83b08e59e64de2759,13335c5729fc1757f3c923fd3547d120,240x240x155,1x1x1,float32,,
africa,BraTS-SSA-00093,000,t1,BraTS-SSA-00093-000-t1n.nii.gz,external_brats_africa/PKG - BraTS-Africa/BraTS-Africa/95_Glioma/BraTS-SSA-00093-000/BraTS-SSA-00093-000-t1n.nii.gz,external_brats_africa.tar,external_brats_africa/PKG - BraTS-Africa/BraTS-Africa/95_Glioma/BraTS-SSA-00093-000/BraTS-SSA-00093-000-t1n.nii.gz,6031917,06d8c2169b82c3068ed00703c3bd445fb7fc69cd02e3d54d61b57f024354d266,2bc2dee07adee5ead21d98f2e457cecb,240x240x155,1x1x1,float32,,
africa,BraTS-SSA-00093,000,seg,BraTS-SSA-00093-000-seg.nii.gz,external_brats_africa/PKG - BraTS-Africa/BraTS-Africa/95_Glioma/BraTS-SSA-00093-000/BraTS-SSA-00093-000-seg.nii.gz,external_brats_africa.tar,external_brats_africa/PKG - BraTS-Africa/BraTS-Africa/95_Glioma/BraTS-SSA-00093-000/BraTS-SSA-00093-000-seg.nii.gz,49199,04dc622083627b7553c4cccb8dd984bd7259a113ea04b09b2d79813901e76c86,4feb1cae6abae3cf11f441a3da71b51d,240x240x155,1x1x1,float32,"0,2,3",
africa,BraTS-SSA-00093,000,t2,BraTS-SSA-00093-000-t2w.nii.gz,external_brats_africa/PKG - BraTS-Africa/BraTS-Africa/95_Glioma/BraTS-SSA-00093-000/BraTS-SSA-00093-000-t2w.nii.gz,external_brats_africa.tar,external_brats_africa/PKG - BraTS-Africa/BraTS-Africa/95_Glioma/BraTS-SSA-00093-000/BraTS-SSA-00093-000-t2w.nii.gz,6105513,b290397c003cdf14035f42014bf3dc589d940821722af643e9298ec264a0b326,64bb8ef19e5f150f4908f2620009eee2,240x240x155,1x1x1,float32,,
africa,BraTS-SSA-00093,000,t1ce,BraTS-SSA-00093-000-t1c.nii.gz,external_brats_africa/PKG - BraTS-Africa/BraTS-Africa/95_Glioma/BraTS-SSA-00093-000/BraTS-SSA-00093-000-t1c.nii.gz,external_brats_africa.tar,external_brats_africa/PKG - BraTS-Africa/BraTS-Africa/95_Glioma/BraTS-SSA-00093-000/BraTS-SSA-00093-000-t1c.nii.gz,6001064,744baebb2dff2a26cfa99b0e0c9a008b6a951ca07bca1a6f2c60c5b499326ea2,23bdf16762c4b5471447ca54879eb8e4,240x240x155,1x1x1,float32,,
africa,BraTS-SSA-00188,000,t1,BraTS-SSA-00188-000-t1n.nii.gz,external_brats_africa/PKG - BraTS-Africa/BraTS-Africa/95_Glioma/BraTS-SSA-00188-000/BraTS-SSA-00188-000-t1n.nii.gz,external_brats_africa.tar,external_brats_africa/PKG - BraTS-Africa/BraTS-Africa/95_Glioma/BraTS-SSA-00188-000/BraTS-SSA-00188-000-t1n.nii.gz,2570390,58c86a1b0191a2dec113d40ebe0227107c44afa14a5f1a885859b1e52231673c,18cc58c57d56b43d244702b3c8e34a55,240x240x155,1x1x1,float32,,
africa,BraTS-SSA-00188,000,flair,BraTS-SSA-00188-000-t2f.nii.gz,external_brats_africa/PKG - BraTS-Africa/BraTS-Africa/95_Glioma/BraTS-SSA-00188-000/BraTS-SSA-00188-000-t2f.nii.gz,external_brats_africa.tar,external_brats_africa/PKG - BraTS-Africa/BraTS-Africa/95_Glioma/BraTS-SSA-00188-000/BraTS-SSA-00188-000-t2f.nii.gz,2732396,24ab955a03c4c1a2581822437939971c4779e6421433ae7459c4c89b852deead,840d73c8444a0d18218c86e5a9688389,240x240x155,1x1x1,float32,,
africa,BraTS-SSA-00188,000,t1ce,BraTS-SSA-00188-000-t1c.nii.gz,external_brats_africa/PKG - BraTS-Africa/BraTS-Africa/95_Glioma/BraTS-SSA-00188-000/BraTS-SSA-00188-000-t1c.nii.gz,external_brats_africa.tar,external_brats_africa/PKG - BraTS-Africa/BraTS-Africa/95_Glioma/BraTS-SSA-00188-000/BraTS-SSA-00188-000-t1c.nii.gz,2564003,a22b0e82ab487fd811b5054ed1dcbf2440f8f838dfd64f678cb8b189b467fff8,2a804f3496b02292b6f1f462abe31041,240x240x155,1x1x1,float32,,
africa,BraTS-SSA-00188,000,t2,BraTS-SSA-00188-000-t2w.nii.gz,external_brats_africa/PKG - BraTS-Africa/BraTS-Africa/95_Glioma/BraTS-SSA-00188-000/BraTS-SSA-00188-000-t2w.nii.gz,external_brats_africa.tar,external_brats_africa/PKG - BraTS-Africa/BraTS-Africa/95_Glioma/BraTS-SSA-00188-000/BraTS-SSA-00188-000-t2w.nii.gz,2652292,fd04f2547cd83f7aeaa26536bf4a53ec5dcdb04b68eec2aff67b77cc05866997,0d1bd453e9c3acf466e02fe677ffea6c,240x240x155,1x1x1,float32,,
africa,BraTS-SSA-00188,000,seg,BraTS-SSA-00188-000-seg.nii.gz,external_brats_africa/PKG - BraTS-Africa/BraTS-Africa/95_Glioma/BraTS-SSA-00188-000/BraTS-SSA-00188-000-seg.nii.gz,external_brats_africa.tar,external_brats_africa/PKG - BraTS-Africa/BraTS-Africa/95_Glioma/BraTS-SSA-00188-000/BraTS-SSA-00188-000-seg.nii.gz,48521,7ad1794743338597073070aedc0860e9dbab698ea1b7af6dbb16181f7653d718,78e077b2607e6f26beb0db081af2082e,240x240x155,1x1x1,float32,"0,1,2,3",
africa,BraTS-SSA-00158,000,t2,BraTS-SSA-00158-000-t2w.nii.gz,external_brats_africa/PKG - BraTS-Africa/BraTS-Africa/95_Glioma/BraTS-SSA-00158-000/BraTS-SSA-00158-000-t2w.nii.gz,external_brats_africa.tar,external_brats_africa/PKG - BraTS-Africa/BraTS-Africa/95_Glioma/BraTS-SSA-00158-000/BraTS-SSA-00158-000-t2w.nii.gz,2625419,50f1acb2110a68fb1b3be25aef45e53e3582c3d681a204fac3f0a8e58d940c87,978aa44713b8468898caf2a66d62f117,240x240x155,1x1x1,float32,,
africa,BraTS-SSA-00158,000,seg,BraTS-SSA-00158-000-seg.nii.gz,external_brats_africa/PKG - BraTS-Africa/BraTS-Africa/95_Glioma/BraTS-SSA-00158-000/BraTS-SSA-00158-000-seg.nii.gz,external_brats_africa.tar,external_brats_africa/PKG - BraTS-Africa/BraTS-Africa/95_Glioma/BraTS-SSA-00158-000/BraTS-SSA-00158-000-seg.nii.gz,44684,7433ddffe9e9633d9e08c5e3224deb1d03571022bc3e3a4c0b273fff15801ecc,fed33c9349bfbebdf45376bef61378d8,240x240x155,1x1x1,float32,"0,1,2,3",
africa,BraTS-SSA-00158,000,flair,BraTS-SSA-00158-000-t2f.nii.gz,external_brats_africa/PKG - BraTS-Africa/BraTS-Africa/95_Glioma/BraTS-SSA-00158-000/BraTS-SSA-00158-000-t2f.nii.gz,external_brats_africa.tar,external_brats_africa/PKG - BraTS-Africa/BraTS-Africa/95_Glioma/BraTS-SSA-00158-000/BraTS-SSA-00158-000-t2f.nii.gz,2627822,130b627398e45247ed3f57b326068b20553aa638ba53fd54ba9d8b21b0f4b427,00fdb06db99c2afb228a896af60d7d23,240x240x155,1x1x1,float32,,
africa,BraTS-SSA-00158,000,t1ce,BraTS-SSA-00158-000-t1c.nii.gz,external_brats_africa/PKG - BraTS-Africa/BraTS-Africa/95_Glioma/BraTS-SSA-00158-000/BraTS-SSA-00158-000-t1c.nii.gz,external_brats_africa.tar,external_brats_africa/PKG - BraTS-Africa/BraTS-Africa/95_Glioma/BraTS-SSA-00158-000/BraTS-SSA-00158-000-t1c.nii.gz,2504008,d48fdc789268601a291059bf6998db00a3ee4cf7eec9c9bfbde38a48b4eb8ba5,21d9a0a15a537ce157f2c5ebf417418a,240x240x155,1x1x1,float32,,
africa,BraTS-SSA-00158,000,t1,BraTS-SSA-00158-000-t1n.nii.gz,external_brats_africa/PKG - BraTS-Africa/BraTS-Africa/95_Glioma/BraTS-SSA-00158-000/BraTS-SSA-00158-000-t1n.nii.gz,external_brats_africa.tar,external_brats_africa/PKG - BraTS-Africa/BraTS-Africa/95_Glioma/BraTS-SSA-00158-000/BraTS-SSA-00158-000-t1n.nii.gz,2533973,c7d43e953c86ed724a395032633cd7df9f82a1316b830a4e53bfa34a9d91e697,4aa70776459779429bce155e42a62f84,240x240x155,1x1x1,float32,,
africa,BraTS-SSA-00163,000,t1ce,BraTS-SSA-00163-000-t1c.nii.gz,external_brats_africa/PKG - BraTS-Africa/BraTS-Africa/95_Glioma/BraTS-SSA-00163-000/BraTS-SSA-00163-000-t1c.nii.gz,external_brats_africa.tar,external_brats_africa/PKG - BraTS-Africa/BraTS-Africa/95_Glioma/BraTS-SSA-00163-000/BraTS-SSA-00163-000-t1c.nii.gz,2883508,258af2e4874830f1f777658c05dd01801ca3d9b1609161efa4ae882c8e4916e7,6ed29b6999b4b8e1c6690a62cb13fcb2,240x240x155,1x1x1,float32,,
africa,BraTS-SSA-00163,000,t2,BraTS-SSA-00163-000-t2w.nii.gz,external_brats_africa/PKG - BraTS-Africa/BraTS-Africa/95_Glioma/BraTS-SSA-00163-000/BraTS-SSA-00163-000-t2w.nii.gz,external_brats_africa.tar,external_brats_africa/PKG - BraTS-Africa/BraTS-Africa/95_Glioma/BraTS-SSA-00163-000/BraTS-SSA-00163-000-t2w.nii.gz,2968873,aa6cc507d59d9eb351a3045022815f2f525b6bfb069a92ade2269b9f726c589b,64bbc71d20a6b4a64f2465fd538a2457,240x240x155,1x1x1,float32,,
africa,BraTS-SSA-00163,000,seg,BraTS-SSA-00163-000-seg.nii.gz,external_brats_africa/PKG - BraTS-Africa/BraTS-Africa/95_Glioma/BraTS-SSA-00163-000/BraTS-SSA-00163-000-seg.nii.gz,external_brats_africa.tar,external_brats_africa/PKG - BraTS-Africa/BraTS-Africa/95_Glioma/BraTS-SSA-00163-000/BraTS-SSA-00163-000-seg.nii.gz,74441,0fe9ed5349401a2ce122b4a3339e797368efdc0d4d3eb5c0cc0a57d00916469a,b9a89952ab3796fc52a7c6b8eff80a73,240x240x155,1x1x1,float32,"0,1,2,3",
africa,BraTS-SSA-00163,000,flair,BraTS-SSA-00163-000-t2f.nii.gz,external_brats_africa/PKG - BraTS-Africa/BraTS-Africa/95_Glioma/BraTS-SSA-00163-000/BraTS-SSA-00163-000-t2f.nii.gz,external_brats_africa.tar,external_brats_africa/PKG - BraTS-Africa/BraTS-Africa/95_Glioma/BraTS-SSA-00163-000/BraTS-SSA-00163-000-t2f.nii.gz,3032363,a3a76544da2a7322bdb0201d557b816ad0530ce9ba9a0c1a03190c731d0189ee,eac077b3732c606b35d24aa886656409,240x240x155,1x1x1,float32,,
africa,BraTS-SSA-00163,000,t1,BraTS-SSA-00163-000-t1n.nii.gz,external_brats_africa/PKG - BraTS-Africa/BraTS-Africa/95_Glioma/BraTS-SSA-00163-000/BraTS-SSA-00163-000-t1n.nii.gz,external_brats_africa.tar,external_brats_africa/PKG - BraTS-Africa/BraTS-Africa/95_Glioma/BraTS-SSA-00163-000/BraTS-SSA-00163-000-t1n.nii.gz,2872380,41426ce0efce5730c610a6fd23475d73e91e20ee613f6687aea00e2cb4d465c8,98800f4e13a2f94df612b3838d042aef,240x240x155,1x1x1,float32,,
africa,BraTS-SSA-00134,000,flair,BraTS-SSA-00134-000-t2f.nii.gz,external_brats_africa/PKG - BraTS-Africa/BraTS-Africa/95_Glioma/BraTS-SSA-00134-000/BraTS-SSA-00134-000-t2f.nii.gz,external_brats_africa.tar,external_brats_africa/PKG - BraTS-Africa/BraTS-Africa/95_Glioma/BraTS-SSA-00134-000/BraTS-SSA-00134-000-t2f.nii.gz,2723157,ddbb8dbf836f200f5dee91d07de8bc7048e33f357acc943e30523638b90f7ea4,9a83894d087a0b68379b473889609749,240x240x155,1x1x1,float32,,
africa,BraTS-SSA-00134,000,t1,BraTS-SSA-00134-000-t1n.nii.gz,external_brats_africa/PKG - BraTS-Africa/BraTS-Africa/95_Glioma/BraTS-SSA-00134-000/BraTS-SSA-00134-000-t1n.nii.gz,external_brats_africa.tar,external_brats_africa/PKG - BraTS-Africa/BraTS-Africa/95_Glioma/BraTS-SSA-00134-000/BraTS-SSA-00134-000-t1n.nii.gz,2530605,ebc4f3584402c3f5cf1961becddfbc0970cb0bd69db93a8f168d839adfc8987d,addee9b186200260bc29594fd2e36932,240x240x155,1x1x1,float32,,
africa,BraTS-SSA-00134,000,t2,BraTS-SSA-00134-000-t2w.nii.gz,external_brats_africa/PKG - BraTS-Africa/BraTS-Africa/95_Glioma/BraTS-SSA-00134-000/BraTS-SSA-00134-000-t2w.nii.gz,external_brats_africa.tar,external_brats_africa/PKG - BraTS-Africa/BraTS-Africa/95_Glioma/BraTS-SSA-00134-000/BraTS-SSA-00134-000-t2w.nii.gz,2636399,08525a6797591b0a4223821c00f1090df9a8b94a81d5ffe5433846fa74948616,8e1e787b0ce2fa6dcdb5f4b9dd0638e0,240x240x155,1x1x1,float32,,
africa,BraTS-SSA-00134,000,t1ce,BraTS-SSA-00134-000-t1c.nii.gz,external_brats_africa/PKG - BraTS-Africa/BraTS-Africa/95_Glioma/BraTS-SSA-00134-000/BraTS-SSA-00134-000-t1c.nii.gz,external_brats_africa.tar,external_brats_africa/PKG - BraTS-Africa/BraTS-Africa/95_Glioma/BraTS-SSA-00134-000/BraTS-SSA-00134-000-t1c.nii.gz,2470366,dbdb689a3444ccc1a5487a143589d70f7de0f595384b0a36b6a58644b97429c3,c8c496f13585a14d4cab88266f6f378a,240x240x155,1x1x1,float32,,
africa,BraTS-SSA-00134,000,seg,BraTS-SSA-00134-000-seg.nii.gz,external_brats_africa/PKG - BraTS-Africa/BraTS-Africa/95_Glioma/BraTS-SSA-00134-000/BraTS-SSA-00134-000-seg.nii.gz,external_brats_africa.tar,external_brats_africa/PKG - BraTS-Africa/BraTS-Africa/95_Glioma/BraTS-SSA-00134-000/BraTS-SSA-00134-000-seg.nii.gz,51748,8d3643813554c5c6947a70ad6637117d454867de62dba801bd4a27d03769b183,41b461e2311e412ce5ba09adbb7610a4,240x240x155,1x1x1,float32,"0,2,3",
africa,BraTS-SSA-00080,000,t1ce,BraTS-SSA-00080-000-t1c.nii.gz,external_brats_africa/PKG - BraTS-Africa/BraTS-Africa/95_Glioma/BraTS-SSA-00080-000/BraTS-SSA-00080-000-t1c.nii.gz,external_brats_africa.tar,external_brats_africa/PKG - BraTS-Africa/BraTS-Africa/95_Glioma/BraTS-SSA-00080-000/BraTS-SSA-00080-000-t1c.nii.gz,2090626,ee9a30738d6357e167d9a3b3ef3ed73bd946f4c07b74ef74fa46760145049e5d,91a585f5583f61f9ff87024b828d3c7b,240x240x155,1x1x1,float32,,
africa,BraTS-SSA-00080,000,t1,BraTS-SSA-00080-000-t1n.nii.gz,external_brats_africa/PKG - BraTS-Africa/BraTS-Africa/95_Glioma/BraTS-SSA-00080-000/BraTS-SSA-00080-000-t1n.nii.gz,external_brats_africa.tar,external_brats_africa/PKG - BraTS-Africa/BraTS-Africa/95_Glioma/BraTS-SSA-00080-000/BraTS-SSA-00080-000-t1n.nii.gz,2190547,5fe99e70798285c8fc73f77959648b8b5f55c41723947e1eab3a2c63980e5206,78050751df9b8c4ae5dae1dcbeaccf8e,240x240x155,1x1x1,float32,,
africa,BraTS-SSA-00080,000,flair,BraTS-SSA-00080-000-t2f.nii.gz,external_brats_africa/PKG - BraTS-Africa/BraTS-Africa/95_Glioma/BraTS-SSA-00080-000/BraTS-SSA-00080-000-t2f.nii.gz,external_brats_africa.tar,external_brats_africa/PKG - BraTS-Africa/BraTS-Africa/95_Glioma/BraTS-SSA-00080-000/BraTS-SSA-00080-000-t2f.nii.gz,2255618,a786229cf601bea6f73bf1681ca93e0ee1c37b444923ac381f580c3a7b514b4b,02614a2c1e41771704446cbc8a8b57e2,240x240x155,1x1x1,float32,,
africa,BraTS-SSA-00080,000,t2,BraTS-SSA-00080-000-t2w.nii.gz,external_brats_africa/PKG - BraTS-Africa/BraTS-Africa/95_Glioma/BraTS-SSA-00080-000/BraTS-SSA-00080-000-t2w.nii.gz,external_brats_africa.tar,external_brats_africa/PKG - BraTS-Africa/BraTS-Africa/95_Glioma/BraTS-SSA-00080-000/BraTS-SSA-00080-000-t2w.nii.gz,2461757,cfc064763c7d7bb32878dc30c7c81583db9307a8761e9e78f74648fa3408124c,326efddd67021b6994a1a257fa177c55,240x240x155,1x1x1,float32,,
africa,BraTS-SSA-00080,000,seg,BraTS-SSA-00080-000-seg.nii.gz,external_brats_africa/PKG - BraTS-Africa/BraTS-Africa/95_Glioma/BraTS-SSA-00080-000/BraTS-SSA-00080-000-seg.nii.gz,external_brats_africa.tar,external_brats_africa/PKG - BraTS-Africa/BraTS-Africa/95_Glioma/BraTS-SSA-00080-000/BraTS-SSA-00080-000-seg.nii.gz,47763,ba2b7bb8378323132151c77373d4642a6ccd2264630e4abb9374265779b78904,18c3e404be113f16020fefee9d53a3be,240x240x155,1x1x1,float32,"0,1,2,3",
africa,BraTS-SSA-00157,000,flair,BraTS-SSA-00157-000-t2f.nii.gz,external_brats_africa/PKG - BraTS-Africa/BraTS-Africa/95_Glioma/BraTS-SSA-00157-000/BraTS-SSA-00157-000-t2f.nii.gz,external_brats_africa.tar,external_brats_africa/PKG - BraTS-Africa/BraTS-Africa/95_Glioma/BraTS-SSA-00157-000/BraTS-SSA-00157-000-t2f.nii.gz,2760341,a9a48a6aec328a78c0df5d32ff4dd420c1fe7558f97c347727b94ca49b5fbb77,da93e8fa9d136b12f830f452e935bcf7,240x240x155,1x1x1,float32,,
africa,BraTS-SSA-00157,000,t2,BraTS-SSA-00157-000-t2w.nii.gz,external_brats_africa/PKG - BraTS-Africa/BraTS-Africa/95_Glioma/BraTS-SSA-00157-000/BraTS-SSA-00157-000-t2w.nii.gz,external_brats_africa.tar,external_brats_africa/PKG - BraTS-Africa/BraTS-Africa/95_Glioma/BraTS-SSA-00157-000/BraTS-SSA-00157-000-t2w.nii.gz,2719518,8c9aaf8d343718684a46f52f43aef256eff1116fc90bc887b98a2d702bd8ec5e,a29b530da0e400f932ef47c6268ea772,240x240x155,1x1x1,float32,,
africa,BraTS-SSA-00157,000,t1ce,BraTS-SSA-00157-000-t1c.nii.gz,external_brats_africa/PKG - BraTS-Africa/BraTS-Africa/95_Glioma/BraTS-SSA-00157-000/BraTS-SSA-00157-000-t1c.nii.gz,external_brats_africa.tar,external_brats_africa/PKG - BraTS-Africa/BraTS-Africa/95_Glioma/BraTS-SSA-00157-000/BraTS-SSA-00157-000-t1c.nii.gz,2601508,b33e284c2efe5321508b0e06a2d9e913dabee24a9eee0edd682aed8ccef7e646,470158fde363024949e5933d488e0843,240x240x155,1x1x1,float32,,
africa,BraTS-SSA-00157,000,t1,BraTS-SSA-00157-000-t1n.nii.gz,external_brats_africa/PKG - BraTS-Africa/BraTS-Africa/95_Glioma/BraTS-SSA-00157-000/BraTS-SSA-00157-000-t1n.nii.gz,external_brats_africa.tar,external_brats_africa/PKG - BraTS-Africa/BraTS-Africa/95_Glioma/BraTS-SSA-00157-000/BraTS-SSA-00157-000-t1n.nii.gz,2588582,18bf3561201dd2188a85cdbb82b2314ddffd3382bcba2434eb6af1ea28d338b5,3aff37adcacd595526a0f8ed47acfc1d,240x240x155,1x1x1,float32,,
africa,BraTS-SSA-00157,000,seg,BraTS-SSA-00157-000-seg.nii.gz,external_brats_africa/PKG - BraTS-Africa/BraTS-Africa/95_Glioma/BraTS-SSA-00157-000/BraTS-SSA-00157-000-seg.nii.gz,external_brats_africa.tar,external_brats_africa/PKG - BraTS-Africa/BraTS-Africa/95_Glioma/BraTS-SSA-00157-000/BraTS-SSA-00157-000-seg.nii.gz,48893,532e5946288f70eb87ae6b721f2be0f60582efa7d540f2d06d1cb92e13983df5,13498564d316eda0b5f8d403a6bbfac0,240x240x155,1x1x1,float32,"0,1,2,3",
africa,BraTS-SSA-00050,000,seg,BraTS-SSA-00050-000-seg.nii.gz,external_brats_africa/PKG - BraTS-Africa/BraTS-Africa/95_Glioma/BraTS-SSA-00050-000/BraTS-SSA-00050-000-seg.nii.gz,external_brats_africa.tar,external_brats_africa/PKG - BraTS-Africa/BraTS-Africa/95_Glioma/BraTS-SSA-00050-000/BraTS-SSA-00050-000-seg.nii.gz,49127,5b5e5cdc1f74d4839f20b583bbb2ae25d235b762e3b400c3229fe89c535e75a8,7ae865341a0544bdebfa58b3ccaef380,240x240x155,1x1x1,float32,"0,1,2,3",
africa,BraTS-SSA-00050,000,t1ce,BraTS-SSA-00050-000-t1c.nii.gz,external_brats_africa/PKG - BraTS-Africa/BraTS-Africa/95_Glioma/BraTS-SSA-00050-000/BraTS-SSA-00050-000-t1c.nii.gz,external_brats_africa.tar,external_brats_africa/PKG - BraTS-Africa/BraTS-Africa/95_Glioma/BraTS-SSA-00050-000/BraTS-SSA-00050-000-t1c.nii.gz,2454423,7c3970a8ec47e9b404ba2117252d2ee280733df55309d319096a4bde187d89e4,ab0767c5f5b1a4142c613854a8911255,240x240x155,1x1x1,float32,,
africa,BraTS-SSA-00050,000,flair,BraTS-SSA-00050-000-t2f.nii.gz,external_brats_africa/PKG - BraTS-Africa/BraTS-Africa/95_Glioma/BraTS-SSA-00050-000/BraTS-SSA-00050-000-t2f.nii.gz,external_brats_africa.tar,external_brats_africa/PKG - BraTS-Africa/BraTS-Africa/95_Glioma/BraTS-SSA-00050-000/BraTS-SSA-00050-000-t2f.nii.gz,2589370,dec855b7a4e34724b513ffd3dd3527129425ffd73334d70f8cae1e3918c1ea77,e471e82d8b6968718a83dc3444e9162d,240x240x155,1x1x1,float32,,
africa,BraTS-SSA-00050,000,t2,BraTS-SSA-00050-000-t2w.nii.gz,external_brats_africa/PKG - BraTS-Africa/BraTS-Africa/95_Glioma/BraTS-SSA-00050-000/BraTS-SSA-00050-000-t2w.nii.gz,external_brats_africa.tar,external_brats_africa/PKG - BraTS-Africa/BraTS-Africa/95_Glioma/BraTS-SSA-00050-000/BraTS-SSA-00050-000-t2w.nii.gz,2837995,73b95c060ca2b6edc9edac1c657cfe4dfb5c45a493c8e101bec87bfed2f337b2,e06ea90e5666a8ebbeaacaf2d2d1c7f4,240x240x155,1x1x1,float32,,
africa,BraTS-SSA-00050,000,t1,BraTS-SSA-00050-000-t1n.nii.gz,external_brats_africa/PKG - BraTS-Africa/BraTS-Africa/95_Glioma/BraTS-SSA-00050-000/BraTS-SSA-00050-000-t1n.nii.gz,external_brats_africa.tar,external_brats_africa/PKG - BraTS-Africa/BraTS-Africa/95_Glioma/BraTS-SSA-00050-000/BraTS-SSA-00050-000-t1n.nii.gz,2687162,d3a2f034f19e47dfa496f3127b224e5865098a8d325183c7c97702269377215a,502625b7ec8d9dcf894282d13f044bec,240x240x155,1x1x1,float32,,
africa,BraTS-SSA-00137,000,t2,BraTS-SSA-00137-000-t2w.nii.gz,external_brats_africa/PKG - BraTS-Africa/BraTS-Africa/95_Glioma/BraTS-SSA-00137-000/BraTS-SSA-00137-000-t2w.nii.gz,external_brats_africa.tar,external_brats_africa/PKG - BraTS-Africa/BraTS-Africa/95_Glioma/BraTS-SSA-00137-000/BraTS-SSA-00137-000-t2w.nii.gz,3089632,30a386a72f7016db6b6783e79436b0c86ad0c8e6aefaccdf8b9ae7abed8fec14,4f39c9d0a727d30be4280524aa52effd,240x240x155,1x1x1,float32,,
africa,BraTS-SSA-00137,000,t1ce,BraTS-SSA-00137-000-t1c.nii.gz,external_brats_africa/PKG - BraTS-Africa/BraTS-Africa/95_Glioma/BraTS-SSA-00137-000/BraTS-SSA-00137-000-t1c.nii.gz,external_brats_africa.tar,external_brats_africa/PKG - BraTS-Africa/BraTS-Africa/95_Glioma/BraTS-SSA-00137-000/BraTS-SSA-00137-000-t1c.nii.gz,2950919,247eccbe925b62af00b9f1063de884ff73671572c7760ca9dad62d5ea7aa7aa0,37c6b999df935fed30fd5e9aa837f522,240x240x155,1x1x1,float32,,
africa,BraTS-SSA-00137,000,t1,BraTS-SSA-00137-000-t1n.nii.gz,external_brats_africa/PKG - BraTS-Africa/BraTS-Africa/95_Glioma/BraTS-SSA-00137-000/BraTS-SSA-00137-000-t1n.nii.gz,external_brats_africa.tar,external_brats_africa/PKG - BraTS-Africa/BraTS-Africa/95_Glioma/BraTS-SSA-00137-000/BraTS-SSA-00137-000-t1n.nii.gz,2960835,778805bdf170b042d4865d706ee16991dbb074ac12c9e2c13e1205ec69abc389,7cdeadc0ee7b09cbff282514d30a0f11,240x240x155,1x1x1,float32,,
africa,BraTS-SSA-00137,000,flair,BraTS-SSA-00137-000-t2f.nii.gz,external_brats_africa/PKG - BraTS-Africa/BraTS-Africa/95_Glioma/BraTS-SSA-00137-000/BraTS-SSA-00137-000-t2f.nii.gz,external_brats_africa.tar,external_brats_africa/PKG - BraTS-Africa/BraTS-Africa/95_Glioma/BraTS-SSA-00137-000/BraTS-SSA-00137-000-t2f.nii.gz,3120729,142fb9188cf16b85388d2088d8f6847b6b77d79fc06c7e98e71646fd1a6aebb6,59d89a13946d256486860bdd0f722bb4,240x240x155,1x1x1,float32,,
africa,BraTS-SSA-00137,000,seg,BraTS-SSA-00137-000-seg.nii.gz,external_brats_africa/PKG - BraTS-Africa/BraTS-Africa/95_Glioma/BraTS-SSA-00137-000/BraTS-SSA-00137-000-seg.nii.gz,external_brats_africa.tar,external_brats_africa/PKG - BraTS-Africa/BraTS-Africa/95_Glioma/BraTS-SSA-00137-000/BraTS-SSA-00137-000-seg.nii.gz,53436,2b8accb0928d7d04583a7678a54b71c84a0302b209fdd478983d4e32766cdc68,9173d6d88883e1889a07db52279e7ac6,240x240x155,1x1x1,float32,"0,1,2,3",
africa,BraTS-SSA-00037,000,seg,BraTS-SSA-00037-000-seg.nii.gz,external_brats_africa/PKG - BraTS-Africa/BraTS-Africa/95_Glioma/BraTS-SSA-00037-000/BraTS-SSA-00037-000-seg.nii.gz,external_brats_africa.tar,external_brats_africa/PKG - BraTS-Africa/BraTS-Africa/95_Glioma/BraTS-SSA-00037-000/BraTS-SSA-00037-000-seg.nii.gz,39992,fc162d6a5fcd43068c2501dc59c4795d45c8976cb7e37386d81d042cd8b21b2c,6b2c94d17b7fd274275a29510b557e6e,240x240x155,1x1x1,float32,"0,1,2,3",
africa,BraTS-SSA-00037,000,t1,BraTS-SSA-00037-000-t1n.nii.gz,external_brats_africa/PKG - BraTS-Africa/BraTS-Africa/95_Glioma/BraTS-SSA-00037-000/BraTS-SSA-00037-000-t1n.nii.gz,external_brats_africa.tar,external_brats_africa/PKG - BraTS-Africa/BraTS-Africa/95_Glioma/BraTS-SSA-00037-000/BraTS-SSA-00037-000-t1n.nii.gz,2517285,3bebc5a0d7110c9b0a2d61ea243eae853fa04658984dd7d95bb56fb9b520ed3d,85bdc1e55edf8316b34ca4d3f5249402,240x240x155,1x1x1,float32,,
africa,BraTS-SSA-00037,000,flair,BraTS-SSA-00037-000-t2f.nii.gz,external_brats_africa/PKG - BraTS-Africa/BraTS-Africa/95_Glioma/BraTS-SSA-00037-000/BraTS-SSA-00037-000-t2f.nii.gz,external_brats_africa.tar,external_brats_africa/PKG - BraTS-Africa/BraTS-Africa/95_Glioma/BraTS-SSA-00037-000/BraTS-SSA-00037-000-t2f.nii.gz,2568239,3d09655462da7cf13dfb9cfe8c9ec700830d403ae0f6ea4d7983379584919760,79ac7b05c35bbd4a0a30d0c9761ffe45,240x240x155,1x1x1,float32,,
africa,BraTS-SSA-00037,000,t2,BraTS-SSA-00037-000-t2w.nii.gz,external_brats_africa/PKG - BraTS-Africa/BraTS-Africa/95_Glioma/BraTS-SSA-00037-000/BraTS-SSA-00037-000-t2w.nii.gz,external_brats_africa.tar,external_brats_africa/PKG - BraTS-Africa/BraTS-Africa/95_Glioma/BraTS-SSA-00037-000/BraTS-SSA-00037-000-t2w.nii.gz,2791663,912e8340e1d2d0704b5fe346fd22208795cb4aa1dca23cf2e20f0cad7bed4416,b2502611d83c43c602cf711b24ab25ca,240x240x155,1x1x1,float32,,
africa,BraTS-SSA-00037,000,t1ce,BraTS-SSA-00037-000-t1c.nii.gz,external_brats_africa/PKG - BraTS-Africa/BraTS-Africa/95_Glioma/BraTS-SSA-00037-000/BraTS-SSA-00037-000-t1c.nii.gz,external_brats_africa.tar,external_brats_africa/PKG - BraTS-Africa/BraTS-Africa/95_Glioma/BraTS-SSA-00037-000/BraTS-SSA-00037-000-t1c.nii.gz,2467555,08ecbe37c7f9980e0fdc98e69e70c787269c396aa95d4f062798bef83771de1a,4fce202e29e03f6540d0d21c00a6f9a6,240x240x155,1x1x1,float32,,
africa,BraTS-SSA-00139,000,t1ce,BraTS-SSA-00139-000-t1c.nii.gz,external_brats_africa/PKG - BraTS-Africa/BraTS-Africa/95_Glioma/BraTS-SSA-00139-000/BraTS-SSA-00139-000-t1c.nii.gz,external_brats_africa.tar,external_brats_africa/PKG - BraTS-Africa/BraTS-Africa/95_Glioma/BraTS-SSA-00139-000/BraTS-SSA-00139-000-t1c.nii.gz,2223037,f5b9747821959fcaeae7286c52730b77e9be023fa1bf1d9510f215ed32ddad6d,84d3cefbbb941cc68b8d97cfe53cdbd3,240x240x155,1x1x1,float32,,
africa,BraTS-SSA-00139,000,t2,BraTS-SSA-00139-000-t2w.nii.gz,external_brats_africa/PKG - BraTS-Africa/BraTS-Africa/95_Glioma/BraTS-SSA-00139-000/BraTS-SSA-00139-000-t2w.nii.gz,external_brats_africa.tar,external_brats_africa/PKG - BraTS-Africa/BraTS-Africa/95_Glioma/BraTS-SSA-00139-000/BraTS-SSA-00139-000-t2w.nii.gz,2297018,ba5b291a3803e5781655cacf4aff42bddd17545b13a7e457ba679913fcb43dd0,42c1903b01d3c5525c77f9d8a82b70a0,240x240x155,1x1x1,float32,,
africa,BraTS-SSA-00139,000,flair,BraTS-SSA-00139-000-t2f.nii.gz,external_brats_africa/PKG - BraTS-Africa/BraTS-Africa/95_Glioma/BraTS-SSA-00139-000/BraTS-SSA-00139-000-t2f.nii.gz,external_brats_africa.tar,external_brats_africa/PKG - BraTS-Africa/BraTS-Africa/95_Glioma/BraTS-SSA-00139-000/BraTS-SSA-00139-000-t2f.nii.gz,2340577,c4d8759299015092ae9594c464c4f38d4aee5bc32fbbdd41f4837157a419d552,35c39a029550bc44b629bb36b4bd0b8a,240x240x155,1x1x1,float32,,
africa,BraTS-SSA-00139,000,seg,BraTS-SSA-00139-000-seg.nii.gz,external_brats_africa/PKG - BraTS-Africa/BraTS-Africa/95_Glioma/BraTS-SSA-00139-000/BraTS-SSA-00139-000-seg.nii.gz,external_brats_africa.tar,external_brats_africa/PKG - BraTS-Africa/BraTS-Africa/95_Glioma/BraTS-SSA-00139-000/BraTS-SSA-00139-000-seg.nii.gz,60322,376ef9d8296d1a9bfe4b699af1bfe8c810a9e59ce29e8b512cfcd184cd908dde,dcdafdedb5d714e9a99861be6752e440,240x240x155,1x1x1,float32,"0,1,2,3",
africa,BraTS-SSA-00139,000,t1,BraTS-SSA-00139-000-t1n.nii.gz,external_brats_africa/PKG - BraTS-Africa/BraTS-Africa/95_Glioma/BraTS-SSA-00139-000/BraTS-SSA-00139-000-t1n.nii.gz,external_brats_africa.tar,external_brats_africa/PKG - BraTS-Africa/BraTS-Africa/95_Glioma/BraTS-SSA-00139-000/BraTS-SSA-00139-000-t1n.nii.gz,2238759,fdec62009c442df2767be23c2a6a3ac2952c8e712b0149927c19c1c35df4ab42,a122654c4adbe34494451ec380aac52e,240x240x155,1x1x1,float32,,
africa,BraTS-SSA-00146,000,t2,BraTS-SSA-00146-000-t2w.nii.gz,external_brats_africa/PKG - BraTS-Africa/BraTS-Africa/95_Glioma/BraTS-SSA-00146-000/BraTS-SSA-00146-000-t2w.nii.gz,external_brats_africa.tar,external_brats_africa/PKG - BraTS-Africa/BraTS-Africa/95_Glioma/BraTS-SSA-00146-000/BraTS-SSA-00146-000-t2w.nii.gz,2598970,b3f43daea5e0b444cae4c5480c7515931265b266750eed9e38cea43a054fa8a6,9da697d59e64697c6e61d3d5172fceca,240x240x155,1x1x1,float32,,
africa,BraTS-SSA-00146,000,t1,BraTS-SSA-00146-000-t1n.nii.gz,external_brats_africa/PKG - BraTS-Africa/BraTS-Africa/95_Glioma/BraTS-SSA-00146-000/BraTS-SSA-00146-000-t1n.nii.gz,external_brats_africa.tar,external_brats_africa/PKG - BraTS-Africa/BraTS-Africa/95_Glioma/BraTS-SSA-00146-000/BraTS-SSA-00146-000-t1n.nii.gz,2495406,814a4a6c806d5270d9e49471f8996f247770b816047e549af5af9a9d14ea0581,937aad16f7ae9f7394ac5ac5b549419a,240x240x155,1x1x1,float32,,
africa,BraTS-SSA-00146,000,flair,BraTS-SSA-00146-000-t2f.nii.gz,external_brats_africa/PKG - BraTS-Africa/BraTS-Africa/95_Glioma/BraTS-SSA-00146-000/BraTS-SSA-00146-000-t2f.nii.gz,external_brats_africa.tar,external_brats_africa/PKG - BraTS-Africa/BraTS-Africa/95_Glioma/BraTS-SSA-00146-000/BraTS-SSA-00146-000-t2f.nii.gz,2600786,09a0309104394de33361d9fe1fc62f8162a2488acfd63015e9cedd3c057f92c4,53f01dee959f2c9a1a91c4bab85ee97d,240x240x155,1x1x1,float32,,
africa,BraTS-SSA-00146,000,seg,BraTS-SSA-00146-000-seg.nii.gz,external_brats_africa/PKG - BraTS-Africa/BraTS-Africa/95_Glioma/BraTS-SSA-00146-000/BraTS-SSA-00146-000-seg.nii.gz,external_brats_africa.tar,external_brats_africa/PKG - BraTS-Africa/BraTS-Africa/95_Glioma/BraTS-SSA-00146-000/BraTS-SSA-00146-000-seg.nii.gz,39542,1d57bdb0cb46c4f3d5c10f2b9d7541e3f57562200ec75d6df678dd5fe02ef9d7,ebb2008f2b3fee0774ac7e94bd5e7354,240x240x155,1x1x1,float32,"0,2,3",
africa,BraTS-SSA-00146,000,t1ce,BraTS-SSA-00146-000-t1c.nii.gz,external_brats_africa/PKG - BraTS-Africa/BraTS-Africa/95_Glioma/BraTS-SSA-00146-000/BraTS-SSA-00146-000-t1c.nii.gz,external_brats_africa.tar,external_brats_africa/PKG - BraTS-Africa/BraTS-Africa/95_Glioma/BraTS-SSA-00146-000/BraTS-SSA-00146-000-t1c.nii.gz,2486545,0ee883a3947e98ccb8715e58ad77f7aefab675bb17d4a6121b420ec9f21faf2a,69e53dcbdf3d2a91b4ec67e637ab0925,240x240x155,1x1x1,float32,,
africa,BraTS-SSA-00221,000,t1,BraTS-SSA-00221-000-t1n.nii.gz,external_brats_africa/PKG - BraTS-Africa/BraTS-Africa/95_Glioma/BraTS-SSA-00221-000/BraTS-SSA-00221-000-t1n.nii.gz,external_brats_africa.tar,external_brats_africa/PKG - BraTS-Africa/BraTS-Africa/95_Glioma/BraTS-SSA-00221-000/BraTS-SSA-00221-000-t1n.nii.gz,2758528,6c8fea042cfb6e32a033701d0fe31bb962df2b07c8579a7b32303bad28db0bee,7b8c8f10174653d608a5edb30386b39b,240x240x155,1x1x1,float32,,
africa,BraTS-SSA-00221,000,t1ce,BraTS-SSA-00221-000-t1c.nii.gz,external_brats_africa/PKG - BraTS-Africa/BraTS-Africa/95_Glioma/BraTS-SSA-00221-000/BraTS-SSA-00221-000-t1c.nii.gz,external_brats_africa.tar,external_brats_africa/PKG - BraTS-Africa/BraTS-Africa/95_Glioma/BraTS-SSA-00221-000/BraTS-SSA-00221-000-t1c.nii.gz,2744306,a6a7f7d2acba932fe505dda4fd405c3cb86cc9ff9c3ba58ad7bca9350732a660,3b9e86697d4788f39d5916e75255ec1c,240x240x155,1x1x1,float32,,
africa,BraTS-SSA-00221,000,flair,BraTS-SSA-00221-000-t2f.nii.gz,external_brats_africa/PKG - BraTS-Africa/BraTS-Africa/95_Glioma/BraTS-SSA-00221-000/BraTS-SSA-00221-000-t2f.nii.gz,external_brats_africa.tar,external_brats_africa/PKG - BraTS-Africa/BraTS-Africa/95_Glioma/BraTS-SSA-00221-000/BraTS-SSA-00221-000-t2f.nii.gz,2763328,65cade0fcb4aa4973ed02a27ca724f44f9c0443c7970b0a9a7b6cd4bf5550df9,429abd495841f3c0b8e907daf5390d5c,240x240x155,1x1x1,float32,,
africa,BraTS-SSA-00221,000,t2,BraTS-SSA-00221-000-t2w.nii.gz,external_brats_africa/PKG - BraTS-Africa/BraTS-Africa/95_Glioma/BraTS-SSA-00221-000/BraTS-SSA-00221-000-t2w.nii.gz,external_brats_africa.tar,external_brats_africa/PKG - BraTS-Africa/BraTS-Africa/95_Glioma/BraTS-SSA-00221-000/BraTS-SSA-00221-000-t2w.nii.gz,2937658,429f4d078cb09ebe3a07527557765bc7b3a9f0711a39faac9c1beb64a9d13efb,6205b5d3d89584206047ba22d41d4e55,240x240x155,1x1x1,float32,,
africa,BraTS-SSA-00221,000,seg,BraTS-SSA-00221-000-seg.nii.gz,external_brats_africa/PKG - BraTS-Africa/BraTS-Africa/95_Glioma/BraTS-SSA-00221-000/BraTS-SSA-00221-000-seg.nii.gz,external_brats_africa.tar,external_brats_africa/PKG - BraTS-Africa/BraTS-Africa/95_Glioma/BraTS-SSA-00221-000/BraTS-SSA-00221-000-seg.nii.gz,52971,a0f8fc8dcf1827f10afa182a7822917aae44c11aaf7f9205631404fd714e4f23,f0a8d31de36e4af7a10771be2cbe784f,240x240x155,1x1x1,float32,"0,1,2,3",
africa,BraTS-SSA-00161,000,t1,BraTS-SSA-00161-000-t1n.nii.gz,external_brats_africa/PKG - BraTS-Africa/BraTS-Africa/95_Glioma/BraTS-SSA-00161-000/BraTS-SSA-00161-000-t1n.nii.gz,external_brats_africa.tar,external_brats_africa/PKG - BraTS-Africa/BraTS-Africa/95_Glioma/BraTS-SSA-00161-000/BraTS-SSA-00161-000-t1n.nii.gz,2468316,817cff317391b24817b287c452d6d28f370dbefd61e4df4b93e0f156ef21b32b,58b9a0c3163440c38fd797a4c18c9d28,240x240x155,1x1x1,float32,,
africa,BraTS-SSA-00161,000,t2,BraTS-SSA-00161-000-t2w.nii.gz,external_brats_africa/PKG - BraTS-Africa/BraTS-Africa/95_Glioma/BraTS-SSA-00161-000/BraTS-SSA-00161-000-t2w.nii.gz,external_brats_africa.tar,external_brats_africa/PKG - BraTS-Africa/BraTS-Africa/95_Glioma/BraTS-SSA-00161-000/BraTS-SSA-00161-000-t2w.nii.gz,2549863,93aff9181fde87ea97276ee3d8287c468311c39caa667528a482b4051073216e,1e0055d4548180d72302a56ce840b17a,240x240x155,1x1x1,float32,,
africa,BraTS-SSA-00161,000,seg,BraTS-SSA-00161-000-seg.nii.gz,external_brats_africa/PKG - BraTS-Africa/BraTS-Africa/95_Glioma/BraTS-SSA-00161-000/BraTS-SSA-00161-000-seg.nii.gz,external_brats_africa.tar,external_brats_africa/PKG - BraTS-Africa/BraTS-Africa/95_Glioma/BraTS-SSA-00161-000/BraTS-SSA-00161-000-seg.nii.gz,71393,2c4f6be5a1c35a23f6478bdca77de12e4d40e4c14883f884d44d934e9e308a05,52aa58ee8a966a7adfea23b67b5b9219,240x240x155,1x1x1,float32,"0,1,2,3",
africa,BraTS-SSA-00161,000,flair,BraTS-SSA-00161-000-t2f.nii.gz,external_brats_africa/PKG - BraTS-Africa/BraTS-Africa/95_Glioma/BraTS-SSA-00161-000/BraTS-SSA-00161-000-t2f.nii.gz,external_brats_africa.tar,external_brats_africa/PKG - BraTS-Africa/BraTS-Africa/95_Glioma/BraTS-SSA-00161-000/BraTS-SSA-00161-000-t2f.nii.gz,2580742,c349df1c15c6d341410ea98e05a684a1f96a82f5fd824c75b90a0d2506fe0a43,3bfbd19b384f657ca589c5e4017309ca,240x240x155,1x1x1,float32,,
africa,BraTS-SSA-00161,000,t1ce,BraTS-SSA-00161-000-t1c.nii.gz,external_brats_africa/PKG - BraTS-Africa/BraTS-Africa/95_Glioma/BraTS-SSA-00161-000/BraTS-SSA-00161-000-t1c.nii.gz,external_brats_africa.tar,external_brats_africa/PKG - BraTS-Africa/BraTS-Africa/95_Glioma/BraTS-SSA-00161-000/BraTS-SSA-00161-000-t1c.nii.gz,2463724,056ad8d62a0d4bc07ab755016eb6712e9e06a428b7c39b4057b18a3496def4a0,0b112e5b467009e35f106b19165f3e76,240x240x155,1x1x1,float32,,
africa,BraTS-SSA-00008,000,t2,BraTS-SSA-00008-000-t2w.nii.gz,external_brats_africa/PKG - BraTS-Africa/BraTS-Africa/95_Glioma/BraTS-SSA-00008-000/BraTS-SSA-00008-000-t2w.nii.gz,external_brats_africa.tar,external_brats_africa/PKG - BraTS-Africa/BraTS-Africa/95_Glioma/BraTS-SSA-00008-000/BraTS-SSA-00008-000-t2w.nii.gz,4368202,0ee2d5ffbce9ce912b4f6bcf10b9d8d85bbc15195ea48de00c848231c652f2a7,dd0066320148b0ff5b5a615baba08439,240x240x155,1x1x1,float32,,
africa,BraTS-SSA-00008,000,flair,BraTS-SSA-00008-000-t2f.nii.gz,external_brats_africa/PKG - BraTS-Africa/BraTS-Africa/95_Glioma/BraTS-SSA-00008-000/BraTS-SSA-00008-000-t2f.nii.gz,external_brats_africa.tar,external_brats_africa/PKG - BraTS-Africa/BraTS-Africa/95_Glioma/BraTS-SSA-00008-000/BraTS-SSA-00008-000-t2f.nii.gz,4346396,7545f574756da0aeb6e8a6ec8e95c6c989a136a2e520a905d3fed390ce7474fb,ad7a0b7c41c5d8e1fcc3825f46743932,240x240x155,1x1x1,float32,,
africa,BraTS-SSA-00008,000,t1,BraTS-SSA-00008-000-t1n.nii.gz,external_brats_africa/PKG - BraTS-Africa/BraTS-Africa/95_Glioma/BraTS-SSA-00008-000/BraTS-SSA-00008-000-t1n.nii.gz,external_brats_africa.tar,external_brats_africa/PKG - BraTS-Africa/BraTS-Africa/95_Glioma/BraTS-SSA-00008-000/BraTS-SSA-00008-000-t1n.nii.gz,4083666,7ea2f2738703e69d47d724ee482f05a70d0e1340b1b68bde866996686e51508a,ff757840f3ac8b7d1142b5d4ccef703c,240x240x155,1x1x1,float32,,
africa,BraTS-SSA-00008,000,t1ce,BraTS-SSA-00008-000-t1c.nii.gz,external_brats_africa/PKG - BraTS-Africa/BraTS-Africa/95_Glioma/BraTS-SSA-00008-000/BraTS-SSA-00008-000-t1c.nii.gz,external_brats_africa.tar,external_brats_africa/PKG - BraTS-Africa/BraTS-Africa/95_Glioma/BraTS-SSA-00008-000/BraTS-SSA-00008-000-t1c.nii.gz,4039129,f2d31073818fb5e34ffb5cb5451a1f63b1fb75d75ba2dfb3dd90853f02034b3b,4a7a189f6f427b9a5c8bb1c3168654c9,240x240x155,1x1x1,float32,,
africa,BraTS-SSA-00008,000,seg,BraTS-SSA-00008-000-seg.nii.gz,external_brats_africa/PKG - BraTS-Africa/BraTS-Africa/95_Glioma/BraTS-SSA-00008-000/BraTS-SSA-00008-000-seg.nii.gz,external_brats_africa.tar,external_brats_africa/PKG - BraTS-Africa/BraTS-Africa/95_Glioma/BraTS-SSA-00008-000/BraTS-SSA-00008-000-seg.nii.gz,57514,edeb9de38c6aaf7ca1e5c22a2e6a398e294665d13badd312b5c9436d0f446135,1f08be2e4071d854a36f52f9110f416e,240x240x155,1x1x1,float32,"0,1,2,3",
africa,BraTS-SSA-00218,000,flair,BraTS-SSA-00218-000-t2f.nii.gz,external_brats_africa/PKG - BraTS-Africa/BraTS-Africa/95_Glioma/BraTS-SSA-00218-000/BraTS-SSA-00218-000-t2f.nii.gz,external_brats_africa.tar,external_brats_africa/PKG - BraTS-Africa/BraTS-Africa/95_Glioma/BraTS-SSA-00218-000/BraTS-SSA-00218-000-t2f.nii.gz,2756742,cbe3ff88d5f93a42d3c8d96e5a35b77d3155f4c7fc0781dc9cb280baf944a294,39defb377b805ff4f30c40dc5898a6b1,240x240x155,1x1x1,float32,,
africa,BraTS-SSA-00218,000,seg,BraTS-SSA-00218-000-seg.nii.gz,external_brats_africa/PKG - BraTS-Africa/BraTS-Africa/95_Glioma/BraTS-SSA-00218-000/BraTS-SSA-00218-000-seg.nii.gz,external_brats_africa.tar,external_brats_africa/PKG - BraTS-Africa/BraTS-Africa/95_Glioma/BraTS-SSA-00218-000/BraTS-SSA-00218-000-seg.nii.gz,50329,7e5ac01b40d9301b26144f8f18ea734b6277797b5206e2bc7d07be6655562140,b53dcedfa5e146b3202689db06a00c46,240x240x155,1x1x1,float32,"0,1,2,3",
africa,BraTS-SSA-00218,000,t1ce,BraTS-SSA-00218-000-t1c.nii.gz,external_brats_africa/PKG - BraTS-Africa/BraTS-Africa/95_Glioma/BraTS-SSA-00218-000/BraTS-SSA-00218-000-t1c.nii.gz,external_brats_africa.tar,external_brats_africa/PKG - BraTS-Africa/BraTS-Africa/95_Glioma/BraTS-SSA-00218-000/BraTS-SSA-00218-000-t1c.nii.gz,2774842,ba8ee96270edd1218005943c92fdde194b13b0d493bb08f939080b21d13e1ffe,8e027a3142f843bbad58bf99dd1e2968,240x240x155,1x1x1,float32,,
africa,BraTS-SSA-00218,000,t1,BraTS-SSA-00218-000-t1n.nii.gz,external_brats_africa/PKG - BraTS-Africa/BraTS-Africa/95_Glioma/BraTS-SSA-00218-000/BraTS-SSA-00218-000-t1n.nii.gz,external_brats_africa.tar,external_brats_africa/PKG - BraTS-Africa/BraTS-Africa/95_Glioma/BraTS-SSA-00218-000/BraTS-SSA-00218-000-t1n.nii.gz,2779682,dbf24d3ec288ae70e7d51a3d33e11b8e62accfedbe57ac394b15a44f4fec0fa9,0e703602e72d5637cca384d22b541b33,240x240x155,1x1x1,float32,,
africa,BraTS-SSA-00218,000,t2,BraTS-SSA-00218-000-t2w.nii.gz,external_brats_africa/PKG - BraTS-Africa/BraTS-Africa/95_Glioma/BraTS-SSA-00218-000/BraTS-SSA-00218-000-t2w.nii.gz,external_brats_africa.tar,external_brats_africa/PKG - BraTS-Africa/BraTS-Africa/95_Glioma/BraTS-SSA-00218-000/BraTS-SSA-00218-000-t2w.nii.gz,2884575,6b6e11557e2967969d6f61324a399683d5b1160542453f08325ceff4e33d6180,88b83ce6ee52a24e28b12911111404de,240x240x155,1x1x1,float32,,
africa,BraTS-SSA-00171,000,t1ce,BraTS-SSA-00171-000-t1c.nii.gz,external_brats_africa/PKG - BraTS-Africa/BraTS-Africa/95_Glioma/BraTS-SSA-00171-000/BraTS-SSA-00171-000-t1c.nii.gz,external_brats_africa.tar,external_brats_africa/PKG - BraTS-Africa/BraTS-Africa/95_Glioma/BraTS-SSA-00171-000/BraTS-SSA-00171-000-t1c.nii.gz,2550961,97f1070a2462066f41070c757974781856b48e1d4386e83e156922097ffdfe86,fe75454619c5eafa6ea5072e228e39be,240x240x155,1x1x1,float32,,
africa,BraTS-SSA-00171,000,flair,BraTS-SSA-00171-000-t2f.nii.gz,external_brats_africa/PKG - BraTS-Africa/BraTS-Africa/95_Glioma/BraTS-SSA-00171-000/BraTS-SSA-00171-000-t2f.nii.gz,external_brats_africa.tar,external_brats_africa/PKG - BraTS-Africa/BraTS-Africa/95_Glioma/BraTS-SSA-00171-000/BraTS-SSA-00171-000-t2f.nii.gz,2664499,42eafaf230508952eeb13e9cc9940862d2cfd777052580e785636ee6d097bf07,7b53f036afda43f6adc92afd44042b06,240x240x155,1x1x1,float32,,
africa,BraTS-SSA-00171,000,t1,BraTS-SSA-00171-000-t1n.nii.gz,external_brats_africa/PKG - BraTS-Africa/BraTS-Africa/95_Glioma/BraTS-SSA-00171-000/BraTS-SSA-00171-000-t1n.nii.gz,external_brats_africa.tar,external_brats_africa/PKG - BraTS-Africa/BraTS-Africa/95_Glioma/BraTS-SSA-00171-000/BraTS-SSA-00171-000-t1n.nii.gz,2532740,fdef4e8caec7b12cc73266e5954a924927d3ecaa14fd4ede6d44716e42287206,051363ad87cebf63cebd6302d3da222d,240x240x155,1x1x1,float32,,
africa,BraTS-SSA-00171,000,t2,BraTS-SSA-00171-000-t2w.nii.gz,external_brats_africa/PKG - BraTS-Africa/BraTS-Africa/95_Glioma/BraTS-SSA-00171-000/BraTS-SSA-00171-000-t2w.nii.gz,external_brats_africa.tar,external_brats_africa/PKG - BraTS-Africa/BraTS-Africa/95_Glioma/BraTS-SSA-00171-000/BraTS-SSA-00171-000-t2w.nii.gz,2540572,cf73d14b6faedcdb5cd0a67e69776380de3cfe576e6e151759e8d0eec04b04d2,0730014e7856564c266ad85f05094697,240x240x155,1x1x1,float32,,
africa,BraTS-SSA-00171,000,seg,BraTS-SSA-00171-000-seg.nii.gz,external_brats_africa/PKG - BraTS-Africa/BraTS-Africa/95_Glioma/BraTS-SSA-00171-000/BraTS-SSA-00171-000-seg.nii.gz,external_brats_africa.tar,external_brats_africa/PKG - BraTS-Africa/BraTS-Africa/95_Glioma/BraTS-SSA-00171-000/BraTS-SSA-00171-000-seg.nii.gz,51279,b50a18a9cc804e78de2593be5f70ff9cf95ef91d15eb38f561e94567dcef243f,8122eb5253076afac1aaed79bbcdf002,240x240x155,1x1x1,float32,"0,1,2,3",
africa,BraTS-SSA-00148,000,seg,BraTS-SSA-00148-000-seg.nii.gz,external_brats_africa/PKG - BraTS-Africa/BraTS-Africa/95_Glioma/BraTS-SSA-00148-000/BraTS-SSA-00148-000-seg.nii.gz,external_brats_africa.tar,external_brats_africa/PKG - BraTS-Africa/BraTS-Africa/95_Glioma/BraTS-SSA-00148-000/BraTS-SSA-00148-000-seg.nii.gz,71985,78e846ad4c66acd67a78cb1a8c9b22c77f43ba5f795aaf069ff77c449d47a50d,7aec8a7036e6ab5ed69d9e9fc57c0355,240x240x155,1x1x1,float32,"0,1,2,3",
africa,BraTS-SSA-00148,000,flair,BraTS-SSA-00148-000-t2f.nii.gz,external_brats_africa/PKG - BraTS-Africa/BraTS-Africa/95_Glioma/BraTS-SSA-00148-000/BraTS-SSA-00148-000-t2f.nii.gz,external_brats_africa.tar,external_brats_africa/PKG - BraTS-Africa/BraTS-Africa/95_Glioma/BraTS-SSA-00148-000/BraTS-SSA-00148-000-t2f.nii.gz,2900821,c05cc2dbc6d0cc3e2c26bd1c435b1a71d937b02523f062a138f036f779b7b835,4c175cce3d88117fafd97446b7a9193d,240x240x155,1x1x1,float32,,
africa,BraTS-SSA-00148,000,t2,BraTS-SSA-00148-000-t2w.nii.gz,external_brats_africa/PKG - BraTS-Africa/BraTS-Africa/95_Glioma/BraTS-SSA-00148-000/BraTS-SSA-00148-000-t2w.nii.gz,external_brats_africa.tar,external_brats_africa/PKG - BraTS-Africa/BraTS-Africa/95_Glioma/BraTS-SSA-00148-000/BraTS-SSA-00148-000-t2w.nii.gz,2824202,f4f66de5070724f8599d2c3ed3e6ebf28bfd3efec2aedf2f073a6c2f0281f17a,493ce792a1c0d54974f3250128d910b1,240x240x155,1x1x1,float32,,
africa,BraTS-SSA-00148,000,t1,BraTS-SSA-00148-000-t1n.nii.gz,external_brats_africa/PKG - BraTS-Africa/BraTS-Africa/95_Glioma/BraTS-SSA-00148-000/BraTS-SSA-00148-000-t1n.nii.gz,external_brats_africa.tar,external_brats_africa/PKG - BraTS-Africa/BraTS-Africa/95_Glioma/BraTS-SSA-00148-000/BraTS-SSA-00148-000-t1n.nii.gz,2742588,a554d2ab421814a43251c4b916e51467769d71e003d7d12fe77eb588a512dfda,aab0adf38568d2ce1ec4c41f3a8c9130,240x240x155,1x1x1,float32,,
africa,BraTS-SSA-00148,000,t1ce,BraTS-SSA-00148-000-t1c.nii.gz,external_brats_africa/PKG - BraTS-Africa/BraTS-Africa/95_Glioma/BraTS-SSA-00148-000/BraTS-SSA-00148-000-t1c.nii.gz,external_brats_africa.tar,external_brats_africa/PKG - BraTS-Africa/BraTS-Africa/95_Glioma/BraTS-SSA-00148-000/BraTS-SSA-00148-000-t1c.nii.gz,2750082,b5b7616e1f306eea0ffe9741ab2daee12b5635cca462f99252bd15bb9e8bf414,1ced9526105d35aa469e18e15fb404b9,240x240x155,1x1x1,float32,,
africa,BraTS-SSA-00078,000,t1,BraTS-SSA-00078-000-t1n.nii.gz,external_brats_africa/PKG - BraTS-Africa/BraTS-Africa/95_Glioma/BraTS-SSA-00078-000/BraTS-SSA-00078-000-t1n.nii.gz,external_brats_africa.tar,external_brats_africa/PKG - BraTS-Africa/BraTS-Africa/95_Glioma/BraTS-SSA-00078-000/BraTS-SSA-00078-000-t1n.nii.gz,2702198,79d20e40270ba7a69dbf09405761e4708c5047b95a4c2f062090c34aaffe0a02,20dddfb5b73d47c185eddadfee94c8a2,240x240x155,1x1x1,float32,,
africa,BraTS-SSA-00078,000,t2,BraTS-SSA-00078-000-t2w.nii.gz,external_brats_africa/PKG - BraTS-Africa/BraTS-Africa/95_Glioma/BraTS-SSA-00078-000/BraTS-SSA-00078-000-t2w.nii.gz,external_brats_africa.tar,external_brats_africa/PKG - BraTS-Africa/BraTS-Africa/95_Glioma/BraTS-SSA-00078-000/BraTS-SSA-00078-000-t2w.nii.gz,3089284,6e8c09ae81671420c81237cd993ba5d63a30aa70bd81f43d5413b6fee7214ad6,d4d27d51c5d604d0fc62d36f017a72b5,240x240x155,1x1x1,float32,,
africa,BraTS-SSA-00078,000,flair,BraTS-SSA-00078-000-t2f.nii.gz,external_brats_africa/PKG - BraTS-Africa/BraTS-Africa/95_Glioma/BraTS-SSA-00078-000/BraTS-SSA-00078-000-t2f.nii.gz,external_brats_africa.tar,external_brats_africa/PKG - BraTS-Africa/BraTS-Africa/95_Glioma/BraTS-SSA-00078-000/BraTS-SSA-00078-000-t2f.nii.gz,2874249,9055a0f63fbc51e1f4a33dcebab92016e5e884433fb29c482bd3fc70b9b92ea8,f33a3a93bde2b6de5129fc6557767ebc,240x240x155,1x1x1,float32,,
africa,BraTS-SSA-00078,000,t1ce,BraTS-SSA-00078-000-t1c.nii.gz,external_brats_africa/PKG - BraTS-Africa/BraTS-Africa/95_Glioma/BraTS-SSA-00078-000/BraTS-SSA-00078-000-t1c.nii.gz,external_brats_africa.tar,external_brats_africa/PKG - BraTS-Africa/BraTS-Africa/95_Glioma/BraTS-SSA-00078-000/BraTS-SSA-00078-000-t1c.nii.gz,2797368,0501428a72623f60b95a38df626188559adb34308a4d22f196a23de893d00cb6,cbbfd6dd6f08385ea51b2e2961429781,240x240x155,1x1x1,float32,,
africa,BraTS-SSA-00078,000,seg,BraTS-SSA-00078-000-seg.nii.gz,external_brats_africa/PKG - BraTS-Africa/BraTS-Africa/95_Glioma/BraTS-SSA-00078-000/BraTS-SSA-00078-000-seg.nii.gz,external_brats_africa.tar,external_brats_africa/PKG - BraTS-Africa/BraTS-Africa/95_Glioma/BraTS-SSA-00078-000/BraTS-SSA-00078-000-seg.nii.gz,70956,9efacb63a023af04d2271ae27b98b77e4f22368ad175980e9e020bd27cc9da70,3b89bda35b92ea02c05b6ce4adb723e6,240x240x155,1x1x1,float32,"0,1,2,3",
africa,BraTS-SSA-00226,000,t1ce,BraTS-SSA-00226-000-t1c.nii.gz,external_brats_africa/PKG - BraTS-Africa/BraTS-Africa/95_Glioma/BraTS-SSA-00226-000/BraTS-SSA-00226-000-t1c.nii.gz,external_brats_africa.tar,external_brats_africa/PKG - BraTS-Africa/BraTS-Africa/95_Glioma/BraTS-SSA-00226-000/BraTS-SSA-00226-000-t1c.nii.gz,1759003,8700e3a84a78490ce8a196df01ffb8f2ef2a6d6b497338df9331cb1762a71e16,a0203077a95bcef7ab5da3a1a3d67c01,240x240x155,1x1x1,float32,,
africa,BraTS-SSA-00226,000,seg,BraTS-SSA-00226-000-seg.nii.gz,external_brats_africa/PKG - BraTS-Africa/BraTS-Africa/95_Glioma/BraTS-SSA-00226-000/BraTS-SSA-00226-000-seg.nii.gz,external_brats_africa.tar,external_brats_africa/PKG - BraTS-Africa/BraTS-Africa/95_Glioma/BraTS-SSA-00226-000/BraTS-SSA-00226-000-seg.nii.gz,43509,eb8d2219854e7236bb595dcb5882c0e59319b562bfc8bffb1af3c0fe9052510a,c9b6fbe7636080c44bce055f02a62e84,240x240x155,1x1x1,float32,"0,1,2,3",
africa,BraTS-SSA-00226,000,t1,BraTS-SSA-00226-000-t1n.nii.gz,external_brats_africa/PKG - BraTS-Africa/BraTS-Africa/95_Glioma/BraTS-SSA-00226-000/BraTS-SSA-00226-000-t1n.nii.gz,external_brats_africa.tar,external_brats_africa/PKG - BraTS-Africa/BraTS-Africa/95_Glioma/BraTS-SSA-00226-000/BraTS-SSA-00226-000-t1n.nii.gz,1852098,93dc448c4f87369d7a17e052981f50d97c76ca2e781c7e12a451ade944168416,ee45ba2e7266a78e57f2912296681ca3,240x240x155,1x1x1,float32,,
africa,BraTS-SSA-00226,000,flair,BraTS-SSA-00226-000-t2f.nii.gz,external_brats_africa/PKG - BraTS-Africa/BraTS-Africa/95_Glioma/BraTS-SSA-00226-000/BraTS-SSA-00226-000-t2f.nii.gz,external_brats_africa.tar,external_brats_africa/PKG - BraTS-Africa/BraTS-Africa/95_Glioma/BraTS-SSA-00226-000/BraTS-SSA-00226-000-t2f.nii.gz,1737445,c250811b191db7968fe10eb11aec699e99277f7cd3ad794de81f79b7d57b7078,2e566c479ec8a0b968a90f183d4246b7,240x240x155,1x1x1,float32,,
africa,BraTS-SSA-00226,000,t2,BraTS-SSA-00226-000-t2w.nii.gz,external_brats_africa/PKG - BraTS-Africa/BraTS-Africa/95_Glioma/BraTS-SSA-00226-000/BraTS-SSA-00226-000-t2w.nii.gz,external_brats_africa.tar,external_brats_africa/PKG - BraTS-Africa/BraTS-Africa/95_Glioma/BraTS-SSA-00226-000/BraTS-SSA-00226-000-t2w.nii.gz,2016949,4a613d56a267e14c6e1593c778fb2260c2d4f302580eda6d3bd53603fe2762af,6ec095857e8410efcb1f5d78acc6b069,240x240x155,1x1x1,float32,,
africa,BraTS-SSA-00202,000,seg,BraTS-SSA-00202-000-seg.nii.gz,external_brats_africa/PKG - BraTS-Africa/BraTS-Africa/95_Glioma/BraTS-SSA-00202-000/BraTS-SSA-00202-000-seg.nii.gz,external_brats_africa.tar,external_brats_africa/PKG - BraTS-Africa/BraTS-Africa/95_Glioma/BraTS-SSA-00202-000/BraTS-SSA-00202-000-seg.nii.gz,47753,b9064478664841f9ce8d83d205936fa0b1f9410bb1e08cd734fc3025ed87bb1e,6ff68f50312d6b347efd4e4a4f62c487,240x240x155,1x1x1,float32,"0,1,2,3",
africa,BraTS-SSA-00202,000,t1,BraTS-SSA-00202-000-t1n.nii.gz,external_brats_africa/PKG - BraTS-Africa/BraTS-Africa/95_Glioma/BraTS-SSA-00202-000/BraTS-SSA-00202-000-t1n.nii.gz,external_brats_africa.tar,external_brats_africa/PKG - BraTS-Africa/BraTS-Africa/95_Glioma/BraTS-SSA-00202-000/BraTS-SSA-00202-000-t1n.nii.gz,2299613,4245fa104f0d9d3aa3a14eacc58373d1d123bb2fa3a54caab61bf6b2985b7410,e1a8732f646d820204346c4f8a038283,240x240x155,1x1x1,float32,,
africa,BraTS-SSA-00202,000,t2,BraTS-SSA-00202-000-t2w.nii.gz,external_brats_africa/PKG - BraTS-Africa/BraTS-Africa/95_Glioma/BraTS-SSA-00202-000/BraTS-SSA-00202-000-t2w.nii.gz,external_brats_africa.tar,external_brats_africa/PKG - BraTS-Africa/BraTS-Africa/95_Glioma/BraTS-SSA-00202-000/BraTS-SSA-00202-000-t2w.nii.gz,2367390,6c9dad7e654624480e46ca644125fbde9851433dae7d86529cc0285ab5e1aff2,2afd467dcad9fe486e1b2933ec560192,240x240x155,1x1x1,float32,,
africa,BraTS-SSA-00202,000,t1ce,BraTS-SSA-00202-000-t1c.nii.gz,external_brats_africa/PKG - BraTS-Africa/BraTS-Africa/95_Glioma/BraTS-SSA-00202-000/BraTS-SSA-00202-000-t1c.nii.gz,external_brats_africa.tar,external_brats_africa/PKG - BraTS-Africa/BraTS-Africa/95_Glioma/BraTS-SSA-00202-000/BraTS-SSA-00202-000-t1c.nii.gz,2359955,c9f5560f0be70aa3cb2b556ccbae34e40eec51b8cc8c11a1d0a336c97cf5b090,7c46d6a0d5e4572f80969455b684722c,240x240x155,1x1x1,float32,,
africa,BraTS-SSA-00202,000,flair,BraTS-SSA-00202-000-t2f.nii.gz,external_brats_africa/PKG - BraTS-Africa/BraTS-Africa/95_Glioma/BraTS-SSA-00202-000/BraTS-SSA-00202-000-t2f.nii.gz,external_brats_africa.tar,external_brats_africa/PKG - BraTS-Africa/BraTS-Africa/95_Glioma/BraTS-SSA-00202-000/BraTS-SSA-00202-000-t2f.nii.gz,2257902,5d25db2240f60fc3902b705e484e47bbe2bc4b715e1b83b929fd4f5e60e6cb22,c1e127c20a5eb9fdcee40d08bb68773b,240x240x155,1x1x1,float32,,
africa,BraTS-SSA-00127,000,t1,BraTS-SSA-00127-000-t1n.nii.gz,external_brats_africa/PKG - BraTS-Africa/BraTS-Africa/95_Glioma/BraTS-SSA-00127-000/BraTS-SSA-00127-000-t1n.nii.gz,external_brats_africa.tar,external_brats_africa/PKG - BraTS-Africa/BraTS-Africa/95_Glioma/BraTS-SSA-00127-000/BraTS-SSA-00127-000-t1n.nii.gz,2432344,cd2cf622d8358b5e19f7b517c5edee6a6d6a916ad724ea1a53fb6fba55802da6,801e92947d12f284d81b9e197320a1ff,240x240x155,1x1x1,float32,,
africa,BraTS-SSA-00127,000,seg,BraTS-SSA-00127-000-seg.nii.gz,external_brats_africa/PKG - BraTS-Africa/BraTS-Africa/95_Glioma/BraTS-SSA-00127-000/BraTS-SSA-00127-000-seg.nii.gz,external_brats_africa.tar,external_brats_africa/PKG - BraTS-Africa/BraTS-Africa/95_Glioma/BraTS-SSA-00127-000/BraTS-SSA-00127-000-seg.nii.gz,46770,7a5367b43b7e7d8e61721b648fcc8720591681b7ce392649b347fbaf9665b07d,6ae6eae2775d5d44428210ea68f9450b,240x240x155,1x1x1,float32,"0,1,2,3",
africa,BraTS-SSA-00127,000,t1ce,BraTS-SSA-00127-000-t1c.nii.gz,external_brats_africa/PKG - BraTS-Africa/BraTS-Africa/95_Glioma/BraTS-SSA-00127-000/BraTS-SSA-00127-000-t1c.nii.gz,external_brats_africa.tar,external_brats_africa/PKG - BraTS-Africa/BraTS-Africa/95_Glioma/BraTS-SSA-00127-000/BraTS-SSA-00127-000-t1c.nii.gz,2467634,4de378316d908317346aa5cf6e0d9e2be33f5c7a981232151427e14a20c8b937,fe298adee2aa67ff01853c1e9cbe61fd,240x240x155,1x1x1,float32,,
africa,BraTS-SSA-00127,000,t2,BraTS-SSA-00127-000-t2w.nii.gz,external_brats_africa/PKG - BraTS-Africa/BraTS-Africa/95_Glioma/BraTS-SSA-00127-000/BraTS-SSA-00127-000-t2w.nii.gz,external_brats_africa.tar,external_brats_africa/PKG - BraTS-Africa/BraTS-Africa/95_Glioma/BraTS-SSA-00127-000/BraTS-SSA-00127-000-t2w.nii.gz,2554505,0df24346f895acd1045d2a8133039c080c40306f81e05c0ead340c18592f1e14,7fbdfcdf535d689118952ce9d85f8833,240x240x155,1x1x1,float32,,
africa,BraTS-SSA-00127,000,flair,BraTS-SSA-00127-000-t2f.nii.gz,external_brats_africa/PKG - BraTS-Africa/BraTS-Africa/95_Glioma/BraTS-SSA-00127-000/BraTS-SSA-00127-000-t2f.nii.gz,external_brats_africa.tar,external_brats_africa/PKG - BraTS-Africa/BraTS-Africa/95_Glioma/BraTS-SSA-00127-000/BraTS-SSA-00127-000-t2f.nii.gz,2539066,6c79fc349a2762e31435bd2fd3e35b3808ba4cfca01fe99c929c25756b6f08ed,24f684053bbdee8159bfbdfa768b39e9,240x240x155,1x1x1,float32,,
africa,BraTS-SSA-00119,000,t2,BraTS-SSA-00119-000-t2w.nii.gz,external_brats_africa/PKG - BraTS-Africa/BraTS-Africa/95_Glioma/BraTS-SSA-00119-000/BraTS-SSA-00119-000-t2w.nii.gz,external_brats_africa.tar,external_brats_africa/PKG - BraTS-Africa/BraTS-Africa/95_Glioma/BraTS-SSA-00119-000/BraTS-SSA-00119-000-t2w.nii.gz,2873407,37a69f7ec872c6e3ded7b068c9b6830fa8aadb0a769d59d222810df74422600e,3eb13e437ee30f77d6c40e4c6d12ff5b,240x240x155,1x1x1,float32,,
africa,BraTS-SSA-00119,000,flair,BraTS-SSA-00119-000-t2f.nii.gz,external_brats_africa/PKG - BraTS-Africa/BraTS-Africa/95_Glioma/BraTS-SSA-00119-000/BraTS-SSA-00119-000-t2f.nii.gz,external_brats_africa.tar,external_brats_africa/PKG - BraTS-Africa/BraTS-Africa/95_Glioma/BraTS-SSA-00119-000/BraTS-SSA-00119-000-t2f.nii.gz,2513842,8bb664252806fb6801ea6727fb3cc13b22645916b3920c224ba90cac6ac71b74,ee37cba9e70f9028ffbb1a1d737ff479,240x240x155,1x1x1,float32,,
africa,BraTS-SSA-00119,000,seg,BraTS-SSA-00119-000-seg.nii.gz,external_brats_africa/PKG - BraTS-Africa/BraTS-Africa/95_Glioma/BraTS-SSA-00119-000/BraTS-SSA-00119-000-seg.nii.gz,external_brats_africa.tar,external_brats_africa/PKG - BraTS-Africa/BraTS-Africa/95_Glioma/BraTS-SSA-00119-000/BraTS-SSA-00119-000-seg.nii.gz,50682,0ddab7ff81b95cccd6e1eb79fdf29a81bfc9f1dfb342d60ac50b1abc2bcaed47,22cf1d9de4521805a78a87698154e3ea,240x240x155,1x1x1,float32,"0,1,2,3",
africa,BraTS-SSA-00119,000,t1ce,BraTS-SSA-00119-000-t1c.nii.gz,external_brats_africa/PKG - BraTS-Africa/BraTS-Africa/95_Glioma/BraTS-SSA-00119-000/BraTS-SSA-00119-000-t1c.nii.gz,external_brats_africa.tar,external_brats_africa/PKG - BraTS-Africa/BraTS-Africa/95_Glioma/BraTS-SSA-00119-000/BraTS-SSA-00119-000-t1c.nii.gz,2532284,35e00a8c95a0284cceba8174520e459c5a1e5c65a5ad7879110db8af2ca8d6b4,e21f94a9c9361a31e303c1cd8331080c,240x240x155,1x1x1,float32,,
africa,BraTS-SSA-00119,000,t1,BraTS-SSA-00119-000-t1n.nii.gz,external_brats_africa/PKG - BraTS-Africa/BraTS-Africa/95_Glioma/BraTS-SSA-00119-000/BraTS-SSA-00119-000-t1n.nii.gz,external_brats_africa.tar,external_brats_africa/PKG - BraTS-Africa/BraTS-Africa/95_Glioma/BraTS-SSA-00119-000/BraTS-SSA-00119-000-t1n.nii.gz,2554015,7eaf156ca1fbda2bc92f846992f02b37460456a0165dcc22819cc8db8625f768,d4acec804ed2f7678f64b12be8a12ccc,240x240x155,1x1x1,float32,,
africa,BraTS-SSA-00002,000,seg,BraTS-SSA-00002-000-seg.nii.gz,external_brats_africa/PKG - BraTS-Africa/BraTS-Africa/95_Glioma/BraTS-SSA-00002-000/BraTS-SSA-00002-000-seg.nii.gz,external_brats_africa.tar,external_brats_africa/PKG - BraTS-Africa/BraTS-Africa/95_Glioma/BraTS-SSA-00002-000/BraTS-SSA-00002-000-seg.nii.gz,66548,cca50bf13e27815dc8ca7083ba0fa2f593d1065f644115ef0ac516190faa39f4,82860ea298736c8c7e3095f2269bdd90,240x240x155,1x1x1,float32,"0,1,2,3",
africa,BraTS-SSA-00002,000,t1,BraTS-SSA-00002-000-t1n.nii.gz,external_brats_africa/PKG - BraTS-Africa/BraTS-Africa/95_Glioma/BraTS-SSA-00002-000/BraTS-SSA-00002-000-t1n.nii.gz,external_brats_africa.tar,external_brats_africa/PKG - BraTS-Africa/BraTS-Africa/95_Glioma/BraTS-SSA-00002-000/BraTS-SSA-00002-000-t1n.nii.gz,3387117,cd78460e4225a1f145756c7fcda12a517ab3d13f62c52d8b287d78310e520cf7,29200a152c305402e4a5e713a4993dd7,240x240x155,1x1x1,float32,,
africa,BraTS-SSA-00002,000,t1ce,BraTS-SSA-00002-000-t1c.nii.gz,external_brats_africa/PKG - BraTS-Africa/BraTS-Africa/95_Glioma/BraTS-SSA-00002-000/BraTS-SSA-00002-000-t1c.nii.gz,external_brats_africa.tar,external_brats_africa/PKG - BraTS-Africa/BraTS-Africa/95_Glioma/BraTS-SSA-00002-000/BraTS-SSA-00002-000-t1c.nii.gz,3275208,b980aab6d6fb2e95f01e6f6c964d94a89ef32e717448e1b1c101e163219042b1,1d689b9624a330c2b8e395d120934127,240x240x155,1x1x1,float32,,
africa,BraTS-SSA-00002,000,flair,BraTS-SSA-00002-000-t2f.nii.gz,external_brats_africa/PKG - BraTS-Africa/BraTS-Africa/95_Glioma/BraTS-SSA-00002-000/BraTS-SSA-00002-000-t2f.nii.gz,external_brats_africa.tar,external_brats_africa/PKG - BraTS-Africa/BraTS-Africa/95_Glioma/BraTS-SSA-00002-000/BraTS-SSA-00002-000-t2f.nii.gz,3639566,b7067abe232daafbf5c46c9707462edc961cdb30cb5eb445e5d4407e0da70c08,8542438733ff345c90fbb8bfc9dbaf93,240x240x155,1x1x1,float32,,
africa,BraTS-SSA-00002,000,t2,BraTS-SSA-00002-000-t2w.nii.gz,external_brats_africa/PKG - BraTS-Africa/BraTS-Africa/95_Glioma/BraTS-SSA-00002-000/BraTS-SSA-00002-000-t2w.nii.gz,external_brats_africa.tar,external_brats_africa/PKG - BraTS-Africa/BraTS-Africa/95_Glioma/BraTS-SSA-00002-000/BraTS-SSA-00002-000-t2w.nii.gz,3674132,4d9810cd217a9504f8aa4313a0edec4a091ecb145bad09dab5b7955688639420,b4def4d119e59a298da5bc1e5b140eb4,240x240x155,1x1x1,float32,,
africa,BraTS-SSA-00049,000,t2,BraTS-SSA-00049-000-t2w.nii.gz,external_brats_africa/PKG - BraTS-Africa/BraTS-Africa/95_Glioma/BraTS-SSA-00049-000/BraTS-SSA-00049-000-t2w.nii.gz,external_brats_africa.tar,external_brats_africa/PKG - BraTS-Africa/BraTS-Africa/95_Glioma/BraTS-SSA-00049-000/BraTS-SSA-00049-000-t2w.nii.gz,2949076,c9e47379dfbc61578b1e41d47fe413120a89779bbc71d7b5ee89d2840339e6d4,0de517154074f8abe25a1b05f6cfddaa,240x240x155,1x1x1,float32,,
africa,BraTS-SSA-00049,000,t1,BraTS-SSA-00049-000-t1n.nii.gz,external_brats_africa/PKG - BraTS-Africa/BraTS-Africa/95_Glioma/BraTS-SSA-00049-000/BraTS-SSA-00049-000-t1n.nii.gz,external_brats_africa.tar,external_brats_africa/PKG - BraTS-Africa/BraTS-Africa/95_Glioma/BraTS-SSA-00049-000/BraTS-SSA-00049-000-t1n.nii.gz,2655805,19d5b9fa9dedfcbadaa80210060feeb387e2ff9fb875c55bb1c6bfeb2d9805a8,46be9f76ac1dd4056eafc1f573487087,240x240x155,1x1x1,float32,,
africa,BraTS-SSA-00049,000,t1ce,BraTS-SSA-00049-000-t1c.nii.gz,external_brats_africa/PKG - BraTS-Africa/BraTS-Africa/95_Glioma/BraTS-SSA-00049-000/BraTS-SSA-00049-000-t1c.nii.gz,external_brats_africa.tar,external_brats_africa/PKG - BraTS-Africa/BraTS-Africa/95_Glioma/BraTS-SSA-00049-000/BraTS-SSA-00049-000-t1c.nii.gz,2625539,a41b177104667f6ec116fbff7b8f3c6e73d29aafa5621877ad8353b6540f4420,69fd9e0c472524280edf00f5f6241f1c,240x240x155,1x1x1,float32,,
africa,BraTS-SSA-00049,000,flair,BraTS-SSA-00049-000-t2f.nii.gz,external_brats_africa/PKG - BraTS-Africa/BraTS-Africa/95_Glioma/BraTS-SSA-00049-000/BraTS-SSA-00049-000-t2f.nii.gz,external_brats_africa.tar,external_brats_africa/PKG - BraTS-Africa/BraTS-Africa/95_Glioma/BraTS-SSA-00049-000/BraTS-SSA-00049-000-t2f.nii.gz,2746651,f22ac46a2bcdf55c53f5cb8d99fb09d32f320045fd71e4c857622cd102db0197,cae65734809a0b1a6403a94ebb100ebc,240x240x155,1x1x1,float32,,
africa,BraTS-SSA-00049,000,seg,BraTS-SSA-00049-000-seg.nii.gz,external_brats_africa/PKG - BraTS-Africa/BraTS-Africa/95_Glioma/BraTS-SSA-00049-000/BraTS-SSA-00049-000-seg.nii.gz,external_brats_africa.tar,external_brats_africa/PKG - BraTS-Africa/BraTS-Africa/95_Glioma/BraTS-SSA-00049-000/BraTS-SSA-00049-000-seg.nii.gz,52447,53730b7f2bd015d41fa9629206f05f62fbd7e9acf0c917a49febf4acd894a660,3cf9f8b86d9afc3eef5193ebbdf696dd,240x240x155,1x1x1,float32,"0,1,2,3",
africa,BraTS-SSA-00025,000,t1,BraTS-SSA-00025-000-t1n.nii.gz,external_brats_africa/PKG - BraTS-Africa/BraTS-Africa/95_Glioma/BraTS-SSA-00025-000/BraTS-SSA-00025-000-t1n.nii.gz,external_brats_africa.tar,external_brats_africa/PKG - BraTS-Africa/BraTS-Africa/95_Glioma/BraTS-SSA-00025-000/BraTS-SSA-00025-000-t1n.nii.gz,4629540,686477ebc66fadfec02bb2c5fdd937519903e25b6f926a62da6a2c5189cf3cff,41fdbd26342a640a6bf3ee97916d3172,240x240x155,1x1x1,float32,,
africa,BraTS-SSA-00025,000,t2,BraTS-SSA-00025-000-t2w.nii.gz,external_brats_africa/PKG - BraTS-Africa/BraTS-Africa/95_Glioma/BraTS-SSA-00025-000/BraTS-SSA-00025-000-t2w.nii.gz,external_brats_africa.tar,external_brats_africa/PKG - BraTS-Africa/BraTS-Africa/95_Glioma/BraTS-SSA-00025-000/BraTS-SSA-00025-000-t2w.nii.gz,5016627,8899f3fdac8bef1515f0c8bc56a7e9a0467fa6e43776ae1355f7c18584350c99,84e3f93bc1e828c86afce61398e545dd,240x240x155,1x1x1,float32,,
africa,BraTS-SSA-00025,000,seg,BraTS-SSA-00025-000-seg.nii.gz,external_brats_africa/PKG - BraTS-Africa/BraTS-Africa/95_Glioma/BraTS-SSA-00025-000/BraTS-SSA-00025-000-seg.nii.gz,external_brats_africa.tar,external_brats_africa/PKG - BraTS-Africa/BraTS-Africa/95_Glioma/BraTS-SSA-00025-000/BraTS-SSA-00025-000-seg.nii.gz,79232,2765dace86d218c64826996faf8af31102b4d774e7cfc6a5f73091127f01dbbd,2cc94ce5c9dbd9333c3f58aa7cba604e,240x240x155,1x1x1,float32,"0,1,2,3",
africa,BraTS-SSA-00025,000,t1ce,BraTS-SSA-00025-000-t1c.nii.gz,external_brats_africa/PKG - BraTS-Africa/BraTS-Africa/95_Glioma/BraTS-SSA-00025-000/BraTS-SSA-00025-000-t1c.nii.gz,external_brats_africa.tar,external_brats_africa/PKG - BraTS-Africa/BraTS-Africa/95_Glioma/BraTS-SSA-00025-000/BraTS-SSA-00025-000-t1c.nii.gz,4558006,041719b41498972b9d91de9fa2fc200526b0292e2c2bd663d64611843bba35ae,210b986e27ef476c4a161c73f93254ae,240x240x155,1x1x1,float32,,
africa,BraTS-SSA-00025,000,flair,BraTS-SSA-00025-000-t2f.nii.gz,external_brats_africa/PKG - BraTS-Africa/BraTS-Africa/95_Glioma/BraTS-SSA-00025-000/BraTS-SSA-00025-000-t2f.nii.gz,external_brats_africa.tar,external_brats_africa/PKG - BraTS-Africa/BraTS-Africa/95_Glioma/BraTS-SSA-00025-000/BraTS-SSA-00025-000-t2f.nii.gz,4937582,9575a1fc7e1800ba9c87ce3a7c7682f9c02db97a55765a6d911ce2241684f5a1,2c285128067976c017794fbf4075dcae,240x240x155,1x1x1,float32,,
africa,BraTS-SSA-00096,000,t1,BraTS-SSA-00096-000-t1n.nii.gz,external_brats_africa/PKG - BraTS-Africa/BraTS-Africa/95_Glioma/BraTS-SSA-00096-000/BraTS-SSA-00096-000-t1n.nii.gz,external_brats_africa.tar,external_brats_africa/PKG - BraTS-Africa/BraTS-Africa/95_Glioma/BraTS-SSA-00096-000/BraTS-SSA-00096-000-t1n.nii.gz,2841710,dc9f1ea6eeccf421e98697199c51e4c6941797f2cb865293540650a71e2665da,1fd62ce866c6c6902d3ac8db5c1205a1,240x240x155,1x1x1,float32,,
africa,BraTS-SSA-00096,000,flair,BraTS-SSA-00096-000-t2f.nii.gz,external_brats_africa/PKG - BraTS-Africa/BraTS-Africa/95_Glioma/BraTS-SSA-00096-000/BraTS-SSA-00096-000-t2f.nii.gz,external_brats_africa.tar,external_brats_africa/PKG - BraTS-Africa/BraTS-Africa/95_Glioma/BraTS-SSA-00096-000/BraTS-SSA-00096-000-t2f.nii.gz,2777824,371cff329c161d40f89eaee36c018d1dec1e73927e46c2fc05c2bf77b27c1711,7c6b891b052a5945fd2bbf2c7e4aa98e,240x240x155,1x1x1,float32,,
africa,BraTS-SSA-00096,000,t2,BraTS-SSA-00096-000-t2w.nii.gz,external_brats_africa/PKG - BraTS-Africa/BraTS-Africa/95_Glioma/BraTS-SSA-00096-000/BraTS-SSA-00096-000-t2w.nii.gz,external_brats_africa.tar,external_brats_africa/PKG - BraTS-Africa/BraTS-Africa/95_Glioma/BraTS-SSA-00096-000/BraTS-SSA-00096-000-t2w.nii.gz,3019290,4333cdd1d8cc8cc1d077f3f0efbdb2b1c1d6ea9e6d2c7f5ab0f5977968b17e46,161896dcf5140150bf5fb4eb69311508,240x240x155,1x1x1,float32,,
africa,BraTS-SSA-00096,000,seg,BraTS-SSA-00096-000-seg.nii.gz,external_brats_africa/PKG - BraTS-Africa/BraTS-Africa/95_Glioma/BraTS-SSA-00096-000/BraTS-SSA-00096-000-seg.nii.gz,external_brats_africa.tar,external_brats_africa/PKG - BraTS-Africa/BraTS-Africa/95_Glioma/BraTS-SSA-00096-000/BraTS-SSA-00096-000-seg.nii.gz,68960,6f02529c6157ea85fe1000bf0b9d7fcbd5441467ad1f14444670d2e854efd1af,f4b97f7df37fe7167024001d994f6275,240x240x155,1x1x1,float32,"0,1,2,3",
africa,BraTS-SSA-00096,000,t1ce,BraTS-SSA-00096-000-t1c.nii.gz,external_brats_africa/PKG - BraTS-Africa/BraTS-Africa/95_Glioma/BraTS-SSA-00096-000/BraTS-SSA-00096-000-t1c.nii.gz,external_brats_africa.tar,external_brats_africa/PKG - BraTS-Africa/BraTS-Africa/95_Glioma/BraTS-SSA-00096-000/BraTS-SSA-00096-000-t1c.nii.gz,2847171,9b27be666b5382cf7afa2360e3b43dd20403fa137b08b92ef2f8a1456d9d3c7b,012df46cdd504c0a02743ca3530cf004,240x240x155,1x1x1,float32,,
africa,BraTS-SSA-00131,000,seg,BraTS-SSA-00131-000-seg.nii.gz,external_brats_africa/PKG - BraTS-Africa/BraTS-Africa/95_Glioma/BraTS-SSA-00131-000/BraTS-SSA-00131-000-seg.nii.gz,external_brats_africa.tar,external_brats_africa/PKG - BraTS-Africa/BraTS-Africa/95_Glioma/BraTS-SSA-00131-000/BraTS-SSA-00131-000-seg.nii.gz,76633,a290f9f4a313310d96944448bf8023deba2b748acc85b3212ba5870a8a13a71d,79447edf63e079dc53bdcd99e645a9cf,240x240x155,1x1x1,float32,"0,1,2,3",
africa,BraTS-SSA-00131,000,t2,BraTS-SSA-00131-000-t2w.nii.gz,external_brats_africa/PKG - BraTS-Africa/BraTS-Africa/95_Glioma/BraTS-SSA-00131-000/BraTS-SSA-00131-000-t2w.nii.gz,external_brats_africa.tar,external_brats_africa/PKG - BraTS-Africa/BraTS-Africa/95_Glioma/BraTS-SSA-00131-000/BraTS-SSA-00131-000-t2w.nii.gz,2918691,88e0b2bee4635210c9d4b13db2ef6f85e1e0ccfb2e88398d9364ff09cb78145b,5b51bdc040e4753bd9a4c0e26126d6fb,240x240x155,1x1x1,float32,,
africa,BraTS-SSA-00131,000,t1,BraTS-SSA-00131-000-t1n.nii.gz,external_brats_africa/PKG - BraTS-Africa/BraTS-Africa/95_Glioma/BraTS-SSA-00131-000/BraTS-SSA-00131-000-t1n.nii.gz,external_brats_africa.tar,external_brats_africa/PKG - BraTS-Africa/BraTS-Africa/95_Glioma/BraTS-SSA-00131-000/BraTS-SSA-00131-000-t1n.nii.gz,2739792,a3fec3a58d7c15c2c57ef89132393f7f9c38f529388688700fc7a828286f44f7,9bb8e89e8bfc61e3b079df1f0c6acff0,240x240x155,1x1x1,float32,,
africa,BraTS-SSA-00131,000,t1ce,BraTS-SSA-00131-000-t1c.nii.gz,external_brats_africa/PKG - BraTS-Africa/BraTS-Africa/95_Glioma/BraTS-SSA-00131-000/BraTS-SSA-00131-000-t1c.nii.gz,external_brats_africa.tar,external_brats_africa/PKG - BraTS-Africa/BraTS-Africa/95_Glioma/BraTS-SSA-00131-000/BraTS-SSA-00131-000-t1c.nii.gz,2775873,2091e37f3cc1b367112ae0042067954dd361a198656487ae57533901040794f7,16b319794eb0fab97bf5c2f0b72e8320,240x240x155,1x1x1,float32,,
africa,BraTS-SSA-00131,000,flair,BraTS-SSA-00131-000-t2f.nii.gz,external_brats_africa/PKG - BraTS-Africa/BraTS-Africa/95_Glioma/BraTS-SSA-00131-000/BraTS-SSA-00131-000-t2f.nii.gz,external_brats_africa.tar,external_brats_africa/PKG - BraTS-Africa/BraTS-Africa/95_Glioma/BraTS-SSA-00131-000/BraTS-SSA-00131-000-t2f.nii.gz,2941011,3cb199e15cffb12a7704482277498fbc01c2fcc8f6a2b27f0a898eb8128c7dec,b3871261b960d8423e0d74f9f5d8bba3,240x240x155,1x1x1,float32,,
africa,BraTS-SSA-00132,000,t1ce,BraTS-SSA-00132-000-t1c.nii.gz,external_brats_africa/PKG - BraTS-Africa/BraTS-Africa/95_Glioma/BraTS-SSA-00132-000/BraTS-SSA-00132-000-t1c.nii.gz,external_brats_africa.tar,external_brats_africa/PKG - BraTS-Africa/BraTS-Africa/95_Glioma/BraTS-SSA-00132-000/BraTS-SSA-00132-000-t1c.nii.gz,2744598,2a05766f8738c9d7e1775da9bf44c27604f77f44fd9d977ab530edbfbf6057d2,6f63063b55d2f0d752c1f7fa72416061,240x240x155,1x1x1,float32,,
africa,BraTS-SSA-00132,000,seg,BraTS-SSA-00132-000-seg.nii.gz,external_brats_africa/PKG - BraTS-Africa/BraTS-Africa/95_Glioma/BraTS-SSA-00132-000/BraTS-SSA-00132-000-seg.nii.gz,external_brats_africa.tar,external_brats_africa/PKG - BraTS-Africa/BraTS-Africa/95_Glioma/BraTS-SSA-00132-000/BraTS-SSA-00132-000-seg.nii.gz,80248,c702888001e93e6ec38b74023767fc8047e610bb964f93f620505e483ac0e803,83e5a421a8f8cc78e904855feee09106,240x240x155,1x1x1,float32,"0,1,2,3",
africa,BraTS-SSA-00132,000,t2,BraTS-SSA-00132-000-t2w.nii.gz,external_brats_africa/PKG - BraTS-Africa/BraTS-Africa/95_Glioma/BraTS-SSA-00132-000/BraTS-SSA-00132-000-t2w.nii.gz,external_brats_africa.tar,external_brats_africa/PKG - BraTS-Africa/BraTS-Africa/95_Glioma/BraTS-SSA-00132-000/BraTS-SSA-00132-000-t2w.nii.gz,2910219,32a56b0c9307c619287377117457519916ec83e740da5e0a87b3d21decb8f2d3,efa6a7b170c1cc1096ee28a2c2d7c6d2,240x240x155,1x1x1,float32,,
africa,BraTS-SSA-00132,000,flair,BraTS-SSA-00132-000-t2f.nii.gz,external_brats_africa/PKG - BraTS-Africa/BraTS-Africa/95_Glioma/BraTS-SSA-00132-000/BraTS-SSA-00132-000-t2f.nii.gz,external_brats_africa.tar,external_brats_africa/PKG - BraTS-Africa/BraTS-Africa/95_Glioma/BraTS-SSA-00132-000/BraTS-SSA-00132-000-t2f.nii.gz,2978409,7862e7e336a60176ed057ac016811606d9abaecf9e2cbe207980a342152035a9,b54e7a9cb1edf9f6984e213e5d878e15,240x240x155,1x1x1,float32,,
africa,BraTS-SSA-00132,000,t1,BraTS-SSA-00132-000-t1n.nii.gz,external_brats_africa/PKG - BraTS-Africa/BraTS-Africa/95_Glioma/BraTS-SSA-00132-000/BraTS-SSA-00132-000-t1n.nii.gz,external_brats_africa.tar,external_brats_africa/PKG - BraTS-Africa/BraTS-Africa/95_Glioma/BraTS-SSA-00132-000/BraTS-SSA-00132-000-t1n.nii.gz,2732576,809c0929613667688f6b7cf66dfbeef2f178f98b8321db564af7035b3e3a265c,e93996838f9e64358166328bafefb719,240x240x155,1x1x1,float32,,
africa,BraTS-SSA-00179,000,t1ce,BraTS-SSA-00179-000-t1c.nii.gz,external_brats_africa/PKG - BraTS-Africa/BraTS-Africa/95_Glioma/BraTS-SSA-00179-000/BraTS-SSA-00179-000-t1c.nii.gz,external_brats_africa.tar,external_brats_africa/PKG - BraTS-Africa/BraTS-Africa/95_Glioma/BraTS-SSA-00179-000/BraTS-SSA-00179-000-t1c.nii.gz,2494683,53f523f3211044a03c725c7353b7be6b3b54559923a66a03efe2c51e96083910,3385cc0ce779cbdfced1d4200adde622,240x240x155,1x1x1,float32,,
africa,BraTS-SSA-00179,000,t1,BraTS-SSA-00179-000-t1n.nii.gz,external_brats_africa/PKG - BraTS-Africa/BraTS-Africa/95_Glioma/BraTS-SSA-00179-000/BraTS-SSA-00179-000-t1n.nii.gz,external_brats_africa.tar,external_brats_africa/PKG - BraTS-Africa/BraTS-Africa/95_Glioma/BraTS-SSA-00179-000/BraTS-SSA-00179-000-t1n.nii.gz,2424515,aa4715b20d80e7d39ab80c1f178b067341c7d0466282686e23f8d1c51bcbd65b,ed7bf31d6dddf822efa115058cd55aca,240x240x155,1x1x1,float32,,
africa,BraTS-SSA-00179,000,seg,BraTS-SSA-00179-000-seg.nii.gz,external_brats_africa/PKG - BraTS-Africa/BraTS-Africa/95_Glioma/BraTS-SSA-00179-000/BraTS-SSA-00179-000-seg.nii.gz,external_brats_africa.tar,external_brats_africa/PKG - BraTS-Africa/BraTS-Africa/95_Glioma/BraTS-SSA-00179-000/BraTS-SSA-00179-000-seg.nii.gz,66363,1daad271a0da3f1c4271e64cb655c2d307e14b8965279704aa6735f4da1c42e8,d9d1a189006a33d3997ec1fc88b8042c,240x240x155,1x1x1,float32,"0,1,2,3",
africa,BraTS-SSA-00179,000,t2,BraTS-SSA-00179-000-t2w.nii.gz,external_brats_africa/PKG - BraTS-Africa/BraTS-Africa/95_Glioma/BraTS-SSA-00179-000/BraTS-SSA-00179-000-t2w.nii.gz,external_brats_africa.tar,external_brats_africa/PKG - BraTS-Africa/BraTS-Africa/95_Glioma/BraTS-SSA-00179-000/BraTS-SSA-00179-000-t2w.nii.gz,2500803,ac1a152621e5cb9041e53bf9b7033937f9d6c79c7694040a3b73c9ac8d2d0b36,3cf17d6c7bef74c7d53a6a93eab4f08a,240x240x155,1x1x1,float32,,
africa,BraTS-SSA-00179,000,flair,BraTS-SSA-00179-000-t2f.nii.gz,external_brats_africa/PKG - BraTS-Africa/BraTS-Africa/95_Glioma/BraTS-SSA-00179-000/BraTS-SSA-00179-000-t2f.nii.gz,external_brats_africa.tar,external_brats_africa/PKG - BraTS-Africa/BraTS-Africa/95_Glioma/BraTS-SSA-00179-000/BraTS-SSA-00179-000-t2f.nii.gz,2611374,b4c1bfd6de1b417e675159601d1fb8de35a6236241b641e139311c601ef109b6,dad502fc443bcc5b66753b8f172ebf2b,240x240x155,1x1x1,float32,,
africa,BraTS-SSA-00213,000,flair,BraTS-SSA-00213-000-t2f.nii.gz,external_brats_africa/PKG - BraTS-Africa/BraTS-Africa/95_Glioma/BraTS-SSA-00213-000/BraTS-SSA-00213-000-t2f.nii.gz,external_brats_africa.tar,external_brats_africa/PKG - BraTS-Africa/BraTS-Africa/95_Glioma/BraTS-SSA-00213-000/BraTS-SSA-00213-000-t2f.nii.gz,2532588,7da918feacd64eff4c4bb626ff3318f2dd98092d4b7890942d221fd02c90e023,4b4b049f78652955313adcd81f91f3b8,240x240x155,1x1x1,float32,,
africa,BraTS-SSA-00213,000,t1ce,BraTS-SSA-00213-000-t1c.nii.gz,external_brats_africa/PKG - BraTS-Africa/BraTS-Africa/95_Glioma/BraTS-SSA-00213-000/BraTS-SSA-00213-000-t1c.nii.gz,external_brats_africa.tar,external_brats_africa/PKG - BraTS-Africa/BraTS-Africa/95_Glioma/BraTS-SSA-00213-000/BraTS-SSA-00213-000-t1c.nii.gz,2590052,ffa4b7baaecf25aa822635b192a4d59cc0573d7990590b433dad83659034c108,e73e3eb0807879d539d8067c8a33aa89,240x240x155,1x1x1,float32,,
africa,BraTS-SSA-00213,000,t1,BraTS-SSA-00213-000-t1n.nii.gz,external_brats_africa/PKG - BraTS-Africa/BraTS-Africa/95_Glioma/BraTS-SSA-00213-000/BraTS-SSA-00213-000-t1n.nii.gz,external_brats_africa.tar,external_brats_africa/PKG - BraTS-Africa/BraTS-Africa/95_Glioma/BraTS-SSA-00213-000/BraTS-SSA-00213-000-t1n.nii.gz,2180923,a4d6b3f12f48b1d9337965c73b2c374417a56b29ff2b200e91c15f24005bac2f,80bb7925da48ff504aede909ff86a65e,240x240x155,1x1x1,float32,,
africa,BraTS-SSA-00213,000,seg,BraTS-SSA-00213-000-seg.nii.gz,external_brats_africa/PKG - BraTS-Africa/BraTS-Africa/95_Glioma/BraTS-SSA-00213-000/BraTS-SSA-00213-000-seg.nii.gz,external_brats_africa.tar,external_brats_africa/PKG - BraTS-Africa/BraTS-Africa/95_Glioma/BraTS-SSA-00213-000/BraTS-SSA-00213-000-seg.nii.gz,89223,e77137a21ac7ccf0b76c2bf2204d42aa284f079880602cf0f9a2c824a59d54fd,d0c0bd03bf209c67322667bb8be0393a,240x240x155,1x1x1,float32,"0,1,2,3",
africa,BraTS-SSA-00213,000,t2,BraTS-SSA-00213-000-t2w.nii.gz,external_brats_africa/PKG - BraTS-Africa/BraTS-Africa/95_Glioma/BraTS-SSA-00213-000/BraTS-SSA-00213-000-t2w.nii.gz,external_brats_africa.tar,external_brats_africa/PKG - BraTS-Africa/BraTS-Africa/95_Glioma/BraTS-SSA-00213-000/BraTS-SSA-00213-000-t2w.nii.gz,2256361,d5f19e7abc4d2ca4408cce3c29cf2342a6b9d843cc6a3b2a58543c63dbed3488,55cae0605959f6ef3af54b75462521bf,240x240x155,1x1x1,float32,,
africa,BraTS-SSA-00012,000,seg,BraTS-SSA-00012-000-seg.nii.gz,external_brats_africa/PKG - BraTS-Africa/BraTS-Africa/95_Glioma/BraTS-SSA-00012-000/BraTS-SSA-00012-000-seg.nii.gz,external_brats_africa.tar,external_brats_africa/PKG - BraTS-Africa/BraTS-Africa/95_Glioma/BraTS-SSA-00012-000/BraTS-SSA-00012-000-seg.nii.gz,57067,63abacb58fc8c4f36254ac873b56afc1d56f341233a5340ff55a160abfa5f20b,d9354bd2fcc4a7bbcb43105a6676936b,240x240x155,1x1x1,float32,"0,1,2,3",
africa,BraTS-SSA-00012,000,flair,BraTS-SSA-00012-000-t2f.nii.gz,external_brats_africa/PKG - BraTS-Africa/BraTS-Africa/95_Glioma/BraTS-SSA-00012-000/BraTS-SSA-00012-000-t2f.nii.gz,external_brats_africa.tar,external_brats_africa/PKG - BraTS-Africa/BraTS-Africa/95_Glioma/BraTS-SSA-00012-000/BraTS-SSA-00012-000-t2f.nii.gz,3442270,15392e742193d27325dd59cc04e8773e325ebebddad2fd456fb221abd320f123,fd0adcb1d379a30ff1fc7689771e5163,240x240x155,1x1x1,float32,,
africa,BraTS-SSA-00012,000,t2,BraTS-SSA-00012-000-t2w.nii.gz,external_brats_africa/PKG - BraTS-Africa/BraTS-Africa/95_Glioma/BraTS-SSA-00012-000/BraTS-SSA-00012-000-t2w.nii.gz,external_brats_africa.tar,external_brats_africa/PKG - BraTS-Africa/BraTS-Africa/95_Glioma/BraTS-SSA-00012-000/BraTS-SSA-00012-000-t2w.nii.gz,3461495,3855c8f6b5907477bb5bb0d7a37296c81684ed6ba317e258e23df2302d2516ef,35acdb43ee379b1ba7310b96ce5f8f7a,240x240x155,1x1x1,float32,,
africa,BraTS-SSA-00012,000,t1ce,BraTS-SSA-00012-000-t1c.nii.gz,external_brats_africa/PKG - BraTS-Africa/BraTS-Africa/95_Glioma/BraTS-SSA-00012-000/BraTS-SSA-00012-000-t1c.nii.gz,external_brats_africa.tar,external_brats_africa/PKG - BraTS-Africa/BraTS-Africa/95_Glioma/BraTS-SSA-00012-000/BraTS-SSA-00012-000-t1c.nii.gz,3122387,278980affecffac9c848bd307e6e92734480810a7e36ac6522d2996759f6fc1f,a2af83b9214d41dc7bd9e19024fdaa16,240x240x155,1x1x1,float32,,
africa,BraTS-SSA-00012,000,t1,BraTS-SSA-00012-000-t1n.nii.gz,external_brats_africa/PKG - BraTS-Africa/BraTS-Africa/95_Glioma/BraTS-SSA-00012-000/BraTS-SSA-00012-000-t1n.nii.gz,external_brats_africa.tar,external_brats_africa/PKG - BraTS-Africa/BraTS-Africa/95_Glioma/BraTS-SSA-00012-000/BraTS-SSA-00012-000-t1n.nii.gz,3229198,0924cf01a9d8b0729b35f2f90766700c4c3d312eaae01793eb25c21eb6f550dd,c7ace7a17f4b0d772f962da24d42ddac,240x240x155,1x1x1,float32,,
africa,BraTS-SSA-00113,000,t1,BraTS-SSA-00113-000-t1n.nii.gz,external_brats_africa/PKG - BraTS-Africa/BraTS-Africa/95_Glioma/BraTS-SSA-00113-000/BraTS-SSA-00113-000-t1n.nii.gz,external_brats_africa.tar,external_brats_africa/PKG - BraTS-Africa/BraTS-Africa/95_Glioma/BraTS-SSA-00113-000/BraTS-SSA-00113-000-t1n.nii.gz,2905077,dbe8ca1c40ec03354d579f522e9f8757737e71952b3a1f2c7117aca8ac7ff39d,3ebd6a3968f62b9b7241764822299d76,240x240x155,1x1x1,float32,,
africa,BraTS-SSA-00113,000,flair,BraTS-SSA-00113-000-t2f.nii.gz,external_brats_africa/PKG - BraTS-Africa/BraTS-Africa/95_Glioma/BraTS-SSA-00113-000/BraTS-SSA-00113-000-t2f.nii.gz,external_brats_africa.tar,external_brats_africa/PKG - BraTS-Africa/BraTS-Africa/95_Glioma/BraTS-SSA-00113-000/BraTS-SSA-00113-000-t2f.nii.gz,2911869,7b65ed8e26bb03853fb3bb5fb9a7139bfef5686d7345e41cea5eaed5becfb99e,412b3a5bc3128ad991902a97f3438dad,240x240x155,1x1x1,float32,,
africa,BraTS-SSA-00113,000,t2,BraTS-SSA-00113-000-t2w.nii.gz,external_brats_africa/PKG - BraTS-Africa/BraTS-Africa/95_Glioma/BraTS-SSA-00113-000/BraTS-SSA-00113-000-t2w.nii.gz,external_brats_africa.tar,external_brats_africa/PKG - BraTS-Africa/BraTS-Africa/95_Glioma/BraTS-SSA-00113-000/BraTS-SSA-00113-000-t2w.nii.gz,3291373,341a9f90c876da223ca8f513c3c223051b6f210f26b4ab2f5830854156cc8f66,7b8b2e623cd8ede28f544ab21ab37948,240x240x155,1x1x1,float32,,
africa,BraTS-SSA-00113,000,seg,BraTS-SSA-00113-000-seg.nii.gz,external_brats_africa/PKG - BraTS-Africa/BraTS-Africa/95_Glioma/BraTS-SSA-00113-000/BraTS-SSA-00113-000-seg.nii.gz,external_brats_africa.tar,external_brats_africa/PKG - BraTS-Africa/BraTS-Africa/95_Glioma/BraTS-SSA-00113-000/BraTS-SSA-00113-000-seg.nii.gz,84858,74c065b3f872d591599f2bac1ed5341f5c5a170a080c22d9f1e581ea5105590d,cf091a1325282a56f7390c934ee3e051,240x240x155,1x1x1,float32,"0,1,2,3",
africa,BraTS-SSA-00113,000,t1ce,BraTS-SSA-00113-000-t1c.nii.gz,external_brats_africa/PKG - BraTS-Africa/BraTS-Africa/95_Glioma/BraTS-SSA-00113-000/BraTS-SSA-00113-000-t1c.nii.gz,external_brats_africa.tar,external_brats_africa/PKG - BraTS-Africa/BraTS-Africa/95_Glioma/BraTS-SSA-00113-000/BraTS-SSA-00113-000-t1c.nii.gz,2953121,98d5ab1b8acc0755753f8e635b4bbfabe4fc2400e09f971697f21532a08b10f6,66f5e09ce10946f251b02d4d656ffe10,240x240x155,1x1x1,float32,,
africa,BraTS-SSA-00010,000,t2,BraTS-SSA-00010-000-t2w.nii.gz,external_brats_africa/PKG - BraTS-Africa/BraTS-Africa/95_Glioma/BraTS-SSA-00010-000/BraTS-SSA-00010-000-t2w.nii.gz,external_brats_africa.tar,external_brats_africa/PKG - BraTS-Africa/BraTS-Africa/95_Glioma/BraTS-SSA-00010-000/BraTS-SSA-00010-000-t2w.nii.gz,4015320,b842f2b66ae2e4ca668f7227fa4de90593867075b381733149e0fea363032e88,fff046bdc18892eb4b2d947387db68e8,240x240x155,1x1x1,float32,,
africa,BraTS-SSA-00010,000,t1ce,BraTS-SSA-00010-000-t1c.nii.gz,external_brats_africa/PKG - BraTS-Africa/BraTS-Africa/95_Glioma/BraTS-SSA-00010-000/BraTS-SSA-00010-000-t1c.nii.gz,external_brats_africa.tar,external_brats_africa/PKG - BraTS-Africa/BraTS-Africa/95_Glioma/BraTS-SSA-00010-000/BraTS-SSA-00010-000-t1c.nii.gz,3629034,6375a92d7b9c3a5571732d0d4b58bc63551adc7fdbe8349aed4c596c7eb28079,91c21dd4bee4198f20e0425894b602ed,240x240x155,1x1x1,float32,,
africa,BraTS-SSA-00010,000,seg,BraTS-SSA-00010-000-seg.nii.gz,external_brats_africa/PKG - BraTS-Africa/BraTS-Africa/95_Glioma/BraTS-SSA-00010-000/BraTS-SSA-00010-000-seg.nii.gz,external_brats_africa.tar,external_brats_africa/PKG - BraTS-Africa/BraTS-Africa/95_Glioma/BraTS-SSA-00010-000/BraTS-SSA-00010-000-seg.nii.gz,70585,e9fb787e177bd8a845cde3da0d501484b02e6ed01ce98c85005294810d82625b,91e9eb364c3621c208e8c3ee56c2466c,240x240x155,1x1x1,float32,"0,1,2,3",
africa,BraTS-SSA-00010,000,t1,BraTS-SSA-00010-000-t1n.nii.gz,external_brats_africa/PKG - BraTS-Africa/BraTS-Africa/95_Glioma/BraTS-SSA-00010-000/BraTS-SSA-00010-000-t1n.nii.gz,external_brats_africa.tar,external_brats_africa/PKG - BraTS-Africa/BraTS-Africa/95_Glioma/BraTS-SSA-00010-000/BraTS-SSA-00010-000-t1n.nii.gz,3654626,c88e63a52ae3573e3d1d083506148710fa79c3104ff09852f5ef3bcf2906a734,bedaf14f24991cf9cd632ad4f24c03c8,240x240x155,1x1x1,float32,,
africa,BraTS-SSA-00010,000,flair,BraTS-SSA-00010-000-t2f.nii.gz,external_brats_africa/PKG - BraTS-Africa/BraTS-Africa/95_Glioma/BraTS-SSA-00010-000/BraTS-SSA-00010-000-t2f.nii.gz,external_brats_africa.tar,external_brats_africa/PKG - BraTS-Africa/BraTS-Africa/95_Glioma/BraTS-SSA-00010-000/BraTS-SSA-00010-000-t2f.nii.gz,3864798,c1b33ca7ddafbac4567c72a8da386267e6387afc72b5252391dafc8802a24cd1,db646bcff56d21e1259e6566ee770bbc,240x240x155,1x1x1,float32,,
africa,BraTS-SSA-00126,000,t1ce,BraTS-SSA-00126-000-t1c.nii.gz,external_brats_africa/PKG - BraTS-Africa/BraTS-Africa/95_Glioma/BraTS-SSA-00126-000/BraTS-SSA-00126-000-t1c.nii.gz,external_brats_africa.tar,external_brats_africa/PKG - BraTS-Africa/BraTS-Africa/95_Glioma/BraTS-SSA-00126-000/BraTS-SSA-00126-000-t1c.nii.gz,2815941,b3be13c995923469a94d5d1cf5b7cf66ffdd97647fdf674e0a10bdc8b7dabcdb,27df2e8ec6362a97197fd700ca2e12db,240x240x155,1x1x1,float32,,
africa,BraTS-SSA-00126,000,t1,BraTS-SSA-00126-000-t1n.nii.gz,external_brats_africa/PKG - BraTS-Africa/BraTS-Africa/95_Glioma/BraTS-SSA-00126-000/BraTS-SSA-00126-000-t1n.nii.gz,external_brats_africa.tar,external_brats_africa/PKG - BraTS-Africa/BraTS-Africa/95_Glioma/BraTS-SSA-00126-000/BraTS-SSA-00126-000-t1n.nii.gz,2744747,de6e4855b3ca14ab142cbc40f9ffb613c12a35d084e31d5d792a2df67ce045e3,7bc9df99c5db61b5177eaaf361e2666d,240x240x155,1x1x1,float32,,
africa,BraTS-SSA-00126,000,flair,BraTS-SSA-00126-000-t2f.nii.gz,external_brats_africa/PKG - BraTS-Africa/BraTS-Africa/95_Glioma/BraTS-SSA-00126-000/BraTS-SSA-00126-000-t2f.nii.gz,external_brats_africa.tar,external_brats_africa/PKG - BraTS-Africa/BraTS-Africa/95_Glioma/BraTS-SSA-00126-000/BraTS-SSA-00126-000-t2f.nii.gz,2751673,878b0cab22ec468eb5645171ce5e367ec60ccc003cdb0c4e3a0a90da42a8d7c7,dd610730cf678bc2e321230ba66a2434,240x240x155,1x1x1,float32,,
africa,BraTS-SSA-00126,000,t2,BraTS-SSA-00126-000-t2w.nii.gz,external_brats_africa/PKG - BraTS-Africa/BraTS-Africa/95_Glioma/BraTS-SSA-00126-000/BraTS-SSA-00126-000-t2w.nii.gz,external_brats_africa.tar,external_brats_africa/PKG - BraTS-Africa/BraTS-Africa/95_Glioma/BraTS-SSA-00126-000/BraTS-SSA-00126-000-t2w.nii.gz,2933490,cf6affe45b1e9192befce0c198b155fd518ed862a52bb64603a6b1272e9b059b,f1c9c3e91bfb51ca502e55f6a12d096d,240x240x155,1x1x1,float32,,
africa,BraTS-SSA-00126,000,seg,BraTS-SSA-00126-000-seg.nii.gz,external_brats_africa/PKG - BraTS-Africa/BraTS-Africa/95_Glioma/BraTS-SSA-00126-000/BraTS-SSA-00126-000-seg.nii.gz,external_brats_africa.tar,external_brats_africa/PKG - BraTS-Africa/BraTS-Africa/95_Glioma/BraTS-SSA-00126-000/BraTS-SSA-00126-000-seg.nii.gz,73251,5c350f5481e7cc32ee0d4db8d44b9495965c88246c11f42650444b1b2b0b8958,27f25340e4bd7b264839f303b70cfb4c,240x240x155,1x1x1,float32,"0,1,2,3",
africa,BraTS-SSA-00116,000,flair,BraTS-SSA-00116-000-t2f.nii.gz,external_brats_africa/PKG - BraTS-Africa/BraTS-Africa/95_Glioma/BraTS-SSA-00116-000/BraTS-SSA-00116-000-t2f.nii.gz,external_brats_africa.tar,external_brats_africa/PKG - BraTS-Africa/BraTS-Africa/95_Glioma/BraTS-SSA-00116-000/BraTS-SSA-00116-000-t2f.nii.gz,3274833,8a2ec3c781fbda5976c73ac323a3444d1762a7b18fd2a60d25a5f13bed554ae0,0a9f468b7ccee0d6cf69bb544d3a11c9,240x240x155,1x1x1,float32,,
africa,BraTS-SSA-00116,000,t1ce,BraTS-SSA-00116-000-t1c.nii.gz,external_brats_africa/PKG - BraTS-Africa/BraTS-Africa/95_Glioma/BraTS-SSA-00116-000/BraTS-SSA-00116-000-t1c.nii.gz,external_brats_africa.tar,external_brats_africa/PKG - BraTS-Africa/BraTS-Africa/95_Glioma/BraTS-SSA-00116-000/BraTS-SSA-00116-000-t1c.nii.gz,3320608,ffcd665742fbbeae223a6292a528699c95b40cb54cffa06057aa464af20acaeb,07ae761a9626b4485ce0e01d0d650d5d,240x240x155,1x1x1,float32,,
africa,BraTS-SSA-00116,000,seg,BraTS-SSA-00116-000-seg.nii.gz,external_brats_africa/PKG - BraTS-Africa/BraTS-Africa/95_Glioma/BraTS-SSA-00116-000/BraTS-SSA-00116-000-seg.nii.gz,external_brats_africa.tar,external_brats_africa/PKG - BraTS-Africa/BraTS-Africa/95_Glioma/BraTS-SSA-00116-000/BraTS-SSA-00116-000-seg.nii.gz,79695,27d1482da916efab3838de27ff90f870987be09203ba0b4e5748d5b3d421761b,5078132420fdea65b753c4997548aa22,240x240x155,1x1x1,float32,"0,1,2,3",
africa,BraTS-SSA-00116,000,t2,BraTS-SSA-00116-000-t2w.nii.gz,external_brats_africa/PKG - BraTS-Africa/BraTS-Africa/95_Glioma/BraTS-SSA-00116-000/BraTS-SSA-00116-000-t2w.nii.gz,external_brats_africa.tar,external_brats_africa/PKG - BraTS-Africa/BraTS-Africa/95_Glioma/BraTS-SSA-00116-000/BraTS-SSA-00116-000-t2w.nii.gz,3746870,ada43c9ca248842574a3582c198e562dc9582999adb3a8ac56dffd21b6314de9,a8bcd17d51cbd200bb17911c39d5c2e0,240x240x155,1x1x1,float32,,
africa,BraTS-SSA-00116,000,t1,BraTS-SSA-00116-000-t1n.nii.gz,external_brats_africa/PKG - BraTS-Africa/BraTS-Africa/95_Glioma/BraTS-SSA-00116-000/BraTS-SSA-00116-000-t1n.nii.gz,external_brats_africa.tar,external_brats_africa/PKG - BraTS-Africa/BraTS-Africa/95_Glioma/BraTS-SSA-00116-000/BraTS-SSA-00116-000-t1n.nii.gz,3298771,56f918acc0980d507e0afce216f34a58daa9275c38bcb500caf3dfbb85967718,f631f9f28bd099b3a600b4bbfcbfe917,240x240x155,1x1x1,float32,,
africa,BraTS-SSA-00120,000,t1,BraTS-SSA-00120-000-t1n.nii.gz,external_brats_africa/PKG - BraTS-Africa/BraTS-Africa/95_Glioma/BraTS-SSA-00120-000/BraTS-SSA-00120-000-t1n.nii.gz,external_brats_africa.tar,external_brats_africa/PKG - BraTS-Africa/BraTS-Africa/95_Glioma/BraTS-SSA-00120-000/BraTS-SSA-00120-000-t1n.nii.gz,2808715,3e65c4040bb66f3746defaab273f817bcdb2f8a8e7718d8e93e3da27a0d312f0,f8e9443056f514936d178048725b27a6,240x240x155,1x1x1,float32,,
africa,BraTS-SSA-00120,000,seg,BraTS-SSA-00120-000-seg.nii.gz,external_brats_africa/PKG - BraTS-Africa/BraTS-Africa/95_Glioma/BraTS-SSA-00120-000/BraTS-SSA-00120-000-seg.nii.gz,external_brats_africa.tar,external_brats_africa/PKG - BraTS-Africa/BraTS-Africa/95_Glioma/BraTS-SSA-00120-000/BraTS-SSA-00120-000-seg.nii.gz,56924,f9a73316d70f508204be3e54e0c1949de40233bbcb1072955c968c8ddd5b3c9f,066efe2f442fe6c720e2c13ae685da25,240x240x155,1x1x1,float32,"0,1,2,3",
africa,BraTS-SSA-00120,000,flair,BraTS-SSA-00120-000-t2f.nii.gz,external_brats_africa/PKG - BraTS-Africa/BraTS-Africa/95_Glioma/BraTS-SSA-00120-000/BraTS-SSA-00120-000-t2f.nii.gz,external_brats_africa.tar,external_brats_africa/PKG - BraTS-Africa/BraTS-Africa/95_Glioma/BraTS-SSA-00120-000/BraTS-SSA-00120-000-t2f.nii.gz,2989774,97fc379de43bfed302fc87bc24ddfe25a6341bb298d2d1b8efc5306ca6a85399,39ffa4b4ccb78ab255fef0c312e4b650,240x240x155,1x1x1,float32,,
africa,BraTS-SSA-00120,000,t1ce,BraTS-SSA-00120-000-t1c.nii.gz,external_brats_africa/PKG - BraTS-Africa/BraTS-Africa/95_Glioma/BraTS-SSA-00120-000/BraTS-SSA-00120-000-t1c.nii.gz,external_brats_africa.tar,external_brats_africa/PKG - BraTS-Africa/BraTS-Africa/95_Glioma/BraTS-SSA-00120-000/BraTS-SSA-00120-000-t1c.nii.gz,2812655,d3bd97855a6d0f865558dd472099df42c70e9ecabc81b260689a4ab1f7c3315d,c81f4434809e974e44e09e079a9fe781,240x240x155,1x1x1,float32,,
africa,BraTS-SSA-00120,000,t2,BraTS-SSA-00120-000-t2w.nii.gz,external_brats_africa/PKG - BraTS-Africa/BraTS-Africa/95_Glioma/BraTS-SSA-00120-000/BraTS-SSA-00120-000-t2w.nii.gz,external_brats_africa.tar,external_brats_africa/PKG - BraTS-Africa/BraTS-Africa/95_Glioma/BraTS-SSA-00120-000/BraTS-SSA-00120-000-t2w.nii.gz,3055390,d463d211a7381aa4dbfc467bfde782f11abba51e6a34366675b3414b14949ff2,78b3937f205f92f39c9814fb16438d26,240x240x155,1x1x1,float32,,
africa,BraTS-SSA-00174,000,t2,BraTS-SSA-00174-000-t2w.nii.gz,external_brats_africa/PKG - BraTS-Africa/BraTS-Africa/95_Glioma/BraTS-SSA-00174-000/BraTS-SSA-00174-000-t2w.nii.gz,external_brats_africa.tar,external_brats_africa/PKG - BraTS-Africa/BraTS-Africa/95_Glioma/BraTS-SSA-00174-000/BraTS-SSA-00174-000-t2w.nii.gz,2788886,df83c75780060514e12fdf3278348d00f98bf162868287e619387a542e5fcc6a,1aecccf386aeab53267549a1499dadb9,240x240x155,1x1x1,float32,,
africa,BraTS-SSA-00174,000,flair,BraTS-SSA-00174-000-t2f.nii.gz,external_brats_africa/PKG - BraTS-Africa/BraTS-Africa/95_Glioma/BraTS-SSA-00174-000/BraTS-SSA-00174-000-t2f.nii.gz,external_brats_africa.tar,external_brats_africa/PKG - BraTS-Africa/BraTS-Africa/95_Glioma/BraTS-SSA-00174-000/BraTS-SSA-00174-000-t2f.nii.gz,2870771,7950e83301742c6cc2b3f554e8b9abc1d288f32f853f2875023ce1c8d9300241,df686f052eb633d213869ca5eeda2be5,240x240x155,1x1x1,float32,,
africa,BraTS-SSA-00174,000,seg,BraTS-SSA-00174-000-seg.nii.gz,external_brats_africa/PKG - BraTS-Africa/BraTS-Africa/95_Glioma/BraTS-SSA-00174-000/BraTS-SSA-00174-000-seg.nii.gz,external_brats_africa.tar,external_brats_africa/PKG - BraTS-Africa/BraTS-Africa/95_Glioma/BraTS-SSA-00174-000/BraTS-SSA-00174-000-seg.nii.gz,74066,4f8826df7b59cd46ca36a2e04f035d4c9f6e074033cc664e710869ec161a00d4,aec58385573cd3e689908543b2958a95,240x240x155,1x1x1,float32,"0,1,2,3",
africa,BraTS-SSA-00174,000,t1ce,BraTS-SSA-00174-000-t1c.nii.gz,external_brats_africa/PKG - BraTS-Africa/BraTS-Africa/95_Glioma/BraTS-SSA-00174-000/BraTS-SSA-00174-000-t1c.nii.gz,external_brats_africa.tar,external_brats_africa/PKG - BraTS-Africa/BraTS-Africa/95_Glioma/BraTS-SSA-00174-000/BraTS-SSA-00174-000-t1c.nii.gz,2709899,70374b30b269a2a2555741635e503bb1be65652e18f7480443f00d99986b0d0b,ef51fd1502d69d5f10d5d32a23db3668,240x240x155,1x1x1,float32,,
africa,BraTS-SSA-00174,000,t1,BraTS-SSA-00174-000-t1n.nii.gz,external_brats_africa/PKG - BraTS-Africa/BraTS-Africa/95_Glioma/BraTS-SSA-00174-000/BraTS-SSA-00174-000-t1n.nii.gz,external_brats_africa.tar,external_brats_africa/PKG - BraTS-Africa/BraTS-Africa/95_Glioma/BraTS-SSA-00174-000/BraTS-SSA-00174-000-t1n.nii.gz,2714232,17a90e6a72be37cd20d1799736ebe41e1af6805d7a702329cdaa1d50ae690b98,5fde20cc4ccf44e5e7eef8d659dad436,240x240x155,1x1x1,float32,,
africa,BraTS-SSA-00135,000,seg,BraTS-SSA-00135-000-seg.nii.gz,external_brats_africa/PKG - BraTS-Africa/BraTS-Africa/95_Glioma/BraTS-SSA-00135-000/BraTS-SSA-00135-000-seg.nii.gz,external_brats_africa.tar,external_brats_africa/PKG - BraTS-Africa/BraTS-Africa/95_Glioma/BraTS-SSA-00135-000/BraTS-SSA-00135-000-seg.nii.gz,81281,3b096109c9d71aaf6c6926a27cc2671a61e3defaaf8185a235474a075881088d,7ad0dd526fa61c07d35961ae38d5bccf,240x240x155,1x1x1,float32,"0,1,2,3",
africa,BraTS-SSA-00135,000,t1ce,BraTS-SSA-00135-000-t1c.nii.gz,external_brats_africa/PKG - BraTS-Africa/BraTS-Africa/95_Glioma/BraTS-SSA-00135-000/BraTS-SSA-00135-000-t1c.nii.gz,external_brats_africa.tar,external_brats_africa/PKG - BraTS-Africa/BraTS-Africa/95_Glioma/BraTS-SSA-00135-000/BraTS-SSA-00135-000-t1c.nii.gz,2886656,f6d97591823f39214a1eda5bd5c7573337979344196fcf4d990e7fa7d60ae5b0,f6d1288c2b5498703417ac6351be85ad,240x240x155,1x1x1,float32,,
africa,BraTS-SSA-00135,000,t2,BraTS-SSA-00135-000-t2w.nii.gz,external_brats_africa/PKG - BraTS-Africa/BraTS-Africa/95_Glioma/BraTS-SSA-00135-000/BraTS-SSA-00135-000-t2w.nii.gz,external_brats_africa.tar,external_brats_africa/PKG - BraTS-Africa/BraTS-Africa/95_Glioma/BraTS-SSA-00135-000/BraTS-SSA-00135-000-t2w.nii.gz,2961433,f53fe0c42a390f7543df17475055e5c3ee2c83b6296826f10aa9fd529d64d4bf,87e219832018770d62afa6e7c1cfd91f,240x240x155,1x1x1,float32,,
africa,BraTS-SSA-00135,000,t1,BraTS-SSA-00135-000-t1n.nii.gz,external_brats_africa/PKG - BraTS-Africa/BraTS-Africa/95_Glioma/BraTS-SSA-00135-000/BraTS-SSA-00135-000-t1n.nii.gz,external_brats_africa.tar,external_brats_africa/PKG - BraTS-Africa/BraTS-Africa/95_Glioma/BraTS-SSA-00135-000/BraTS-SSA-00135-000-t1n.nii.gz,2890924,b27317a2dc4d668631602509a0da2738ecaaf000188a860687caa79b4b25f12b,4ab1b062d1641073b9dd17cca85b05cb,240x240x155,1x1x1,float32,,
africa,BraTS-SSA-00135,000,flair,BraTS-SSA-00135-000-t2f.nii.gz,external_brats_africa/PKG - BraTS-Africa/BraTS-Africa/95_Glioma/BraTS-SSA-00135-000/BraTS-SSA-00135-000-t2f.nii.gz,external_brats_africa.tar,external_brats_africa/PKG - BraTS-Africa/BraTS-Africa/95_Glioma/BraTS-SSA-00135-000/BraTS-SSA-00135-000-t2f.nii.gz,3085516,254fe4f144d4ebab3cec4070492bf42ca5cdd6abe6dbb2393dffdae763eb9de8,27d627fdaf3e4fab1e1fe72f9a92c28e,240x240x155,1x1x1,float32,,
africa,BraTS-SSA-00175,000,t2,BraTS-SSA-00175-000-t2w.nii.gz,external_brats_africa/PKG - BraTS-Africa/BraTS-Africa/95_Glioma/BraTS-SSA-00175-000/BraTS-SSA-00175-000-t2w.nii.gz,external_brats_africa.tar,external_brats_africa/PKG - BraTS-Africa/BraTS-Africa/95_Glioma/BraTS-SSA-00175-000/BraTS-SSA-00175-000-t2w.nii.gz,3090762,8f7c251574c0432db49aa77a5bf791b9d462d01a5fda1aaa7f4f25353dec7bb8,11bf5de7fac454c1a124f98d959a7225,240x240x155,1x1x1,float32,,
africa,BraTS-SSA-00175,000,t1ce,BraTS-SSA-00175-000-t1c.nii.gz,external_brats_africa/PKG - BraTS-Africa/BraTS-Africa/95_Glioma/BraTS-SSA-00175-000/BraTS-SSA-00175-000-t1c.nii.gz,external_brats_africa.tar,external_brats_africa/PKG - BraTS-Africa/BraTS-Africa/95_Glioma/BraTS-SSA-00175-000/BraTS-SSA-00175-000-t1c.nii.gz,2946922,bd6e6c8f268d4761835dcce72749d7a92ba062b5ad8e0548883874a62727628e,7e693a21e7f2c41fae0da5db7283f6c4,240x240x155,1x1x1,float32,,
africa,BraTS-SSA-00175,000,seg,BraTS-SSA-00175-000-seg.nii.gz,external_brats_africa/PKG - BraTS-Africa/BraTS-Africa/95_Glioma/BraTS-SSA-00175-000/BraTS-SSA-00175-000-seg.nii.gz,external_brats_africa.tar,external_brats_africa/PKG - BraTS-Africa/BraTS-Africa/95_Glioma/BraTS-SSA-00175-000/BraTS-SSA-00175-000-seg.nii.gz,83825,82102742ae394d3b763693d6ee974fa6173422b2033542b7f84bb94da23c2231,6938c514beca19a4a1f42543fa7718c4,240x240x155,1x1x1,float32,"0,1,2,3",
africa,BraTS-SSA-00175,000,flair,BraTS-SSA-00175-000-t2f.nii.gz,external_brats_africa/PKG - BraTS-Africa/BraTS-Africa/95_Glioma/BraTS-SSA-00175-000/BraTS-SSA-00175-000-t2f.nii.gz,external_brats_africa.tar,external_brats_africa/PKG - BraTS-Africa/BraTS-Africa/95_Glioma/BraTS-SSA-00175-000/BraTS-SSA-00175-000-t2f.nii.gz,3193033,a7fb686bb01785de5c7c5ed3bbca3ec41994c40b6e077350fedf218a18e2692d,b65fc8bb095062c9e7cd81b72f324b88,240x240x155,1x1x1,float32,,
africa,BraTS-SSA-00175,000,t1,BraTS-SSA-00175-000-t1n.nii.gz,external_brats_africa/PKG - BraTS-Africa/BraTS-Africa/95_Glioma/BraTS-SSA-00175-000/BraTS-SSA-00175-000-t1n.nii.gz,external_brats_africa.tar,external_brats_africa/PKG - BraTS-Africa/BraTS-Africa/95_Glioma/BraTS-SSA-00175-000/BraTS-SSA-00175-000-t1n.nii.gz,2926810,9d59bf287f17a02bcf79c2950634078be3c553667721c7d7ea04026f8ae8f3dd,61aab1c5dc71d591dd5e71e80310c0b4,240x240x155,1x1x1,float32,,
africa,BraTS-SSA-00057,000,t2,BraTS-SSA-00057-000-t2w.nii.gz,external_brats_africa/PKG - BraTS-Africa/BraTS-Africa/95_Glioma/BraTS-SSA-00057-000/BraTS-SSA-00057-000-t2w.nii.gz,external_brats_africa.tar,external_brats_africa/PKG - BraTS-Africa/BraTS-Africa/95_Glioma/BraTS-SSA-00057-000/BraTS-SSA-00057-000-t2w.nii.gz,3448118,5646140ebfb1476f9ffdc0a81becc7780f6831da6d1be24946e6641d7c5d21c7,4632f54df519864f3d72a83646f302a0,240x240x155,1x1x1,float32,,
africa,BraTS-SSA-00057,000,flair,BraTS-SSA-00057-000-t2f.nii.gz,external_brats_africa/PKG - BraTS-Africa/BraTS-Africa/95_Glioma/BraTS-SSA-00057-000/BraTS-SSA-00057-000-t2f.nii.gz,external_brats_africa.tar,external_brats_africa/PKG - BraTS-Africa/BraTS-Africa/95_Glioma/BraTS-SSA-00057-000/BraTS-SSA-00057-000-t2f.nii.gz,3187925,432b1fea991d93d98c379ab05a5f71dfb80ca367f282c8e4d7cbfba0f82a96b8,3ead3edf6db2fa44e0ab90f750801d78,240x240x155,1x1x1,float32,,
africa,BraTS-SSA-00057,000,t1,BraTS-SSA-00057-000-t1n.nii.gz,external_brats_africa/PKG - BraTS-Africa/BraTS-Africa/95_Glioma/BraTS-SSA-00057-000/BraTS-SSA-00057-000-t1n.nii.gz,external_brats_africa.tar,external_brats_africa/PKG - BraTS-Africa/BraTS-Africa/95_Glioma/BraTS-SSA-00057-000/BraTS-SSA-00057-000-t1n.nii.gz,3066121,b12b796a42abd8910e2f0bb2805b69183e38da5a93c6e9a23893724db4a531bf,f6d8a55c4349d99a8e0418b83c191eca,240x240x155,1x1x1,float32,,
africa,BraTS-SSA-00057,000,t1ce,BraTS-SSA-00057-000-t1c.nii.gz,external_brats_africa/PKG - BraTS-Africa/BraTS-Africa/95_Glioma/BraTS-SSA-00057-000/BraTS-SSA-00057-000-t1c.nii.gz,external_brats_africa.tar,external_brats_africa/PKG - BraTS-Africa/BraTS-Africa/95_Glioma/BraTS-SSA-00057-000/BraTS-SSA-00057-000-t1c.nii.gz,3178387,3f02362dbc4aab28dafd51706e432a65ea917cdd870be083e7682686e7da3ce0,9a9ee4b24d0fc4360f86730bb519f6d3,240x240x155,1x1x1,float32,,
africa,BraTS-SSA-00057,000,seg,BraTS-SSA-00057-000-seg.nii.gz,external_brats_africa/PKG - BraTS-Africa/BraTS-Africa/95_Glioma/BraTS-SSA-00057-000/BraTS-SSA-00057-000-seg.nii.gz,external_brats_africa.tar,external_brats_africa/PKG - BraTS-Africa/BraTS-Africa/95_Glioma/BraTS-SSA-00057-000/BraTS-SSA-00057-000-seg.nii.gz,80537,3f9337741bf1163b006fb8b89ea84f5fca749d9a93fe7361456cc6b7b06c5ca5,3d02035dae6e5f4d574d121325df2a24,240x240x155,1x1x1,float32,"0,1,2,3",
africa,BraTS-SSA-00144,000,t1ce,BraTS-SSA-00144-000-t1c.nii.gz,external_brats_africa/PKG - BraTS-Africa/BraTS-Africa/95_Glioma/BraTS-SSA-00144-000/BraTS-SSA-00144-000-t1c.nii.gz,external_brats_africa.tar,external_brats_africa/PKG - BraTS-Africa/BraTS-Africa/95_Glioma/BraTS-SSA-00144-000/BraTS-SSA-00144-000-t1c.nii.gz,2802261,05fefafa9a0b370ec8f98a10ae89b8ec9db006ea498cf7813bb5a323eeb9d026,b2e5e8bcd0b0ea81b82630a221741253,240x240x155,1x1x1,float32,,
africa,BraTS-SSA-00144,000,seg,BraTS-SSA-00144-000-seg.nii.gz,external_brats_africa/PKG - BraTS-Africa/BraTS-Africa/95_Glioma/BraTS-SSA-00144-000/BraTS-SSA-00144-000-seg.nii.gz,external_brats_africa.tar,external_brats_africa/PKG - BraTS-Africa/BraTS-Africa/95_Glioma/BraTS-SSA-00144-000/BraTS-SSA-00144-000-seg.nii.gz,44006,36e915e747c1d9f87e905f55f90cbcd8b5475a792bc06a525c32b8301f4d693f,cb47e8918c1b61ef6a1d8e433c68f34e,240x240x155,1x1x1,float32,"0,1,2,3",
africa,BraTS-SSA-00144,000,t2,BraTS-SSA-00144-000-t2w.nii.gz,external_brats_africa/PKG - BraTS-Africa/BraTS-Africa/95_Glioma/BraTS-SSA-00144-000/BraTS-SSA-00144-000-t2w.nii.gz,external_brats_africa.tar,external_brats_africa/PKG - BraTS-Africa/BraTS-Africa/95_Glioma/BraTS-SSA-00144-000/BraTS-SSA-00144-000-t2w.nii.gz,3032401,71dd0124e2f63dfc79a49d0e81f3505c985709c092d316935add6d774c01f6f4,e8018d9e49feb58cc290fa3a0adeeb7f,240x240x155,1x1x1,float32,,
africa,BraTS-SSA-00144,000,t1,BraTS-SSA-00144-000-t1n.nii.gz,external_brats_africa/PKG - BraTS-Africa/BraTS-Africa/95_Glioma/BraTS-SSA-00144-000/BraTS-SSA-00144-000-t1n.nii.gz,external_brats_africa.tar,external_brats_africa/PKG - BraTS-Africa/BraTS-Africa/95_Glioma/BraTS-SSA-00144-000/BraTS-SSA-00144-000-t1n.nii.gz,2839554,aa88f176dc8e11f5899abf418386ca1fa31cbfbf44fa3c9fb99be98c092bea20,a96b02061393b0594211449f44ff7881,240x240x155,1x1x1,float32,,
africa,BraTS-SSA-00144,000,flair,BraTS-SSA-00144-000-t2f.nii.gz,external_brats_africa/PKG - BraTS-Africa/BraTS-Africa/95_Glioma/BraTS-SSA-00144-000/BraTS-SSA-00144-000-t2f.nii.gz,external_brats_africa.tar,external_brats_africa/PKG - BraTS-Africa/BraTS-Africa/95_Glioma/BraTS-SSA-00144-000/BraTS-SSA-00144-000-t2f.nii.gz,2955398,b1d6e0d70c046234a151b98b40446a614d9f63a20f729b7f0372f2f9cc02c458,c60a8cab54bee927635617820167c82d,240x240x155,1x1x1,float32,,
africa,BraTS-SSA-00150,000,t1,BraTS-SSA-00150-000-t1n.nii.gz,external_brats_africa/PKG - BraTS-Africa/BraTS-Africa/95_Glioma/BraTS-SSA-00150-000/BraTS-SSA-00150-000-t1n.nii.gz,external_brats_africa.tar,external_brats_africa/PKG - BraTS-Africa/BraTS-Africa/95_Glioma/BraTS-SSA-00150-000/BraTS-SSA-00150-000-t1n.nii.gz,2789350,85d8492c8a07f820bf4fe612dbe766efae723ec8188a17775e97e968351dc8e6,ce87a1b1d4c7f09610c03eb776f2ac46,240x240x155,1x1x1,float32,,
africa,BraTS-SSA-00150,000,seg,BraTS-SSA-00150-000-seg.nii.gz,external_brats_africa/PKG - BraTS-Africa/BraTS-Africa/95_Glioma/BraTS-SSA-00150-000/BraTS-SSA-00150-000-seg.nii.gz,external_brats_africa.tar,external_brats_africa/PKG - BraTS-Africa/BraTS-Africa/95_Glioma/BraTS-SSA-00150-000/BraTS-SSA-00150-000-seg.nii.gz,78598,6f26276b7bcc3221e537c66ce4f454a94c839cd16e73f98967da550f1a45a96a,cbacd774c9628e9c272898f8bcb4becb,240x240x155,1x1x1,float32,"0,1,2,3",
africa,BraTS-SSA-00150,000,t1ce,BraTS-SSA-00150-000-t1c.nii.gz,external_brats_africa/PKG - BraTS-Africa/BraTS-Africa/95_Glioma/BraTS-SSA-00150-000/BraTS-SSA-00150-000-t1c.nii.gz,external_brats_africa.tar,external_brats_africa/PKG - BraTS-Africa/BraTS-Africa/95_Glioma/BraTS-SSA-00150-000/BraTS-SSA-00150-000-t1c.nii.gz,2821718,4793c2b1a2180a0122f201070fc2aad74cd6bcd746f615a773019ff8f79def4d,3dd8e8aff74672195e49a0dfade790e3,240x240x155,1x1x1,float32,,
africa,BraTS-SSA-00150,000,t2,BraTS-SSA-00150-000-t2w.nii.gz,external_brats_africa/PKG - BraTS-Africa/BraTS-Africa/95_Glioma/BraTS-SSA-00150-000/BraTS-SSA-00150-000-t2w.nii.gz,external_brats_africa.tar,external_brats_africa/PKG - BraTS-Africa/BraTS-Africa/95_Glioma/BraTS-SSA-00150-000/BraTS-SSA-00150-000-t2w.nii.gz,2917462,55cb8e14f076022233b0aeab109aa84940fc282746d53789859f43e3e9cf23fb,9b7030a2955e7a647fc3785b1de2cf13,240x240x155,1x1x1,float32,,
africa,BraTS-SSA-00150,000,flair,BraTS-SSA-00150-000-t2f.nii.gz,external_brats_africa/PKG - BraTS-Africa/BraTS-Africa/95_Glioma/BraTS-SSA-00150-000/BraTS-SSA-00150-000-t2f.nii.gz,external_brats_africa.tar,external_brats_africa/PKG - BraTS-Africa/BraTS-Africa/95_Glioma/BraTS-SSA-00150-000/BraTS-SSA-00150-000-t2f.nii.gz,2923439,fe40cd437b56d8a223954017961e984711061d412870f074863184c9c10586d6,0e2bed389c219bd6591804919672f61f,240x240x155,1x1x1,float32,,
africa,BraTS-SSA-00129,000,flair,BraTS-SSA-00129-000-t2f.nii.gz,external_brats_africa/PKG - BraTS-Africa/BraTS-Africa/95_Glioma/BraTS-SSA-00129-000/BraTS-SSA-00129-000-t2f.nii.gz,external_brats_africa.tar,external_brats_africa/PKG - BraTS-Africa/BraTS-Africa/95_Glioma/BraTS-SSA-00129-000/BraTS-SSA-00129-000-t2f.nii.gz,1616416,ca8d56b2c8a2dfc5979fc64a2181ee30343fa7cc23624df1dede95ebb16665b4,c9647f320684e9d5f46055db6e3611b8,240x240x155,1x1x1,float32,,
africa,BraTS-SSA-00129,000,seg,BraTS-SSA-00129-000-seg.nii.gz,external_brats_africa/PKG - BraTS-Africa/BraTS-Africa/95_Glioma/BraTS-SSA-00129-000/BraTS-SSA-00129-000-seg.nii.gz,external_brats_africa.tar,external_brats_africa/PKG - BraTS-Africa/BraTS-Africa/95_Glioma/BraTS-SSA-00129-000/BraTS-SSA-00129-000-seg.nii.gz,35690,fdd943d089164e263a766a9074d29b58a2212ffe63d04fb04e7709db9d3efeca,7c151e8f053b39d78765d00da0a76327,240x240x155,1x1x1,float32,"0,2,3",
africa,BraTS-SSA-00129,000,t1ce,BraTS-SSA-00129-000-t1c.nii.gz,external_brats_africa/PKG - BraTS-Africa/BraTS-Africa/95_Glioma/BraTS-SSA-00129-000/BraTS-SSA-00129-000-t1c.nii.gz,external_brats_africa.tar,external_brats_africa/PKG - BraTS-Africa/BraTS-Africa/95_Glioma/BraTS-SSA-00129-000/BraTS-SSA-00129-000-t1c.nii.gz,1501153,5dcff0724310e6293bae87aacf53e0e6645f84470ad68b690431bab816b0e10c,1ed19c8e010ac9174beb33dc50ca9be5,240x240x155,1x1x1,float32,,
africa,BraTS-SSA-00129,000,t2,BraTS-SSA-00129-000-t2w.nii.gz,external_brats_africa/PKG - BraTS-Africa/BraTS-Africa/95_Glioma/BraTS-SSA-00129-000/BraTS-SSA-00129-000-t2w.nii.gz,external_brats_africa.tar,external_brats_africa/PKG - BraTS-Africa/BraTS-Africa/95_Glioma/BraTS-SSA-00129-000/BraTS-SSA-00129-000-t2w.nii.gz,1501824,a57ee1982798504bd5ff88af01ff9ffc351c8392db0a2ec180f3e3a5e717f964,9809cbc614fe68e8c7d68eb225ab0919,240x240x155,1x1x1,float32,,
africa,BraTS-SSA-00129,000,t1,BraTS-SSA-00129-000-t1n.nii.gz,external_brats_africa/PKG - BraTS-Africa/BraTS-Africa/95_Glioma/BraTS-SSA-00129-000/BraTS-SSA-00129-000-t1n.nii.gz,external_brats_africa.tar,external_brats_africa/PKG - BraTS-Africa/BraTS-Africa/95_Glioma/BraTS-SSA-00129-000/BraTS-SSA-00129-000-t1n.nii.gz,1524076,6c4367d3d6fc65022c89e7bfc62136a9e453acbf14049c2f28a3fd1c2e72c19f,a5ffe03584eda62ab63ff3f1ee42b026,240x240x155,1x1x1,float32,,
africa,BraTS-SSA-00143,000,t1ce,BraTS-SSA-00143-000-t1c.nii.gz,external_brats_africa/PKG - BraTS-Africa/BraTS-Africa/95_Glioma/BraTS-SSA-00143-000/BraTS-SSA-00143-000-t1c.nii.gz,external_brats_africa.tar,external_brats_africa/PKG - BraTS-Africa/BraTS-Africa/95_Glioma/BraTS-SSA-00143-000/BraTS-SSA-00143-000-t1c.nii.gz,2841319,f54f2a674d57be1fc28c087a87d0adc6f39af020a0cec484eeb28926faa1d19c,f447cd8c39e98a4461d816bffd451abd,240x240x155,1x1x1,float32,,
africa,BraTS-SSA-00143,000,t2,BraTS-SSA-00143-000-t2w.nii.gz,external_brats_africa/PKG - BraTS-Africa/BraTS-Africa/95_Glioma/BraTS-SSA-00143-000/BraTS-SSA-00143-000-t2w.nii.gz,external_brats_africa.tar,external_brats_africa/PKG - BraTS-Africa/BraTS-Africa/95_Glioma/BraTS-SSA-00143-000/BraTS-SSA-00143-000-t2w.nii.gz,2935756,9853f4c7b15550c18cfa753e7970e20d094ddf5def64916ed9c7f7d04856b25e,e6afb6ed4d190a6d3528cb544fa3d85d,240x240x155,1x1x1,float32,,
africa,BraTS-SSA-00143,000,seg,BraTS-SSA-00143-000-seg.nii.gz,external_brats_africa/PKG - BraTS-Africa/BraTS-Africa/95_Glioma/BraTS-SSA-00143-000/BraTS-SSA-00143-000-seg.nii.gz,external_brats_africa.tar,external_brats_africa/PKG - BraTS-Africa/BraTS-Africa/95_Glioma/BraTS-SSA-00143-000/BraTS-SSA-00143-000-seg.nii.gz,78021,d49c3fed74c50025973cf4869fce8eec4ff564d37a209ed1c65f3b8f9700cb28,4e709ebd1dbffc74be334c1995c43905,240x240x155,1x1x1,float32,"0,1,2,3",
africa,BraTS-SSA-00143,000,t1,BraTS-SSA-00143-000-t1n.nii.gz,external_brats_africa/PKG - BraTS-Africa/BraTS-Africa/95_Glioma/BraTS-SSA-00143-000/BraTS-SSA-00143-000-t1n.nii.gz,external_brats_africa.tar,external_brats_africa/PKG - BraTS-Africa/BraTS-Africa/95_Glioma/BraTS-SSA-00143-000/BraTS-SSA-00143-000-t1n.nii.gz,2812161,adc1e212b901e31ba690547e7b4aef53a02f83a0cc25a9060653fb3992b5df6c,3e63371027634abc0ac64739dc6b6b09,240x240x155,1x1x1,float32,,
africa,BraTS-SSA-00143,000,flair,BraTS-SSA-00143-000-t2f.nii.gz,external_brats_africa/PKG - BraTS-Africa/BraTS-Africa/95_Glioma/BraTS-SSA-00143-000/BraTS-SSA-00143-000-t2f.nii.gz,external_brats_africa.tar,external_brats_africa/PKG - BraTS-Africa/BraTS-Africa/95_Glioma/BraTS-SSA-00143-000/BraTS-SSA-00143-000-t2f.nii.gz,3002264,d23fe570fd1135b1c18036d5a4693f848a80d6972d6f502f6cbea77b916a8f47,bf72c91111af41fc3081e19d32a11a8a,240x240x155,1x1x1,float32,,
africa,BraTS-SSA-00068,000,t2,BraTS-SSA-00068-000-t2w.nii.gz,external_brats_africa/PKG - BraTS-Africa/BraTS-Africa/95_Glioma/BraTS-SSA-00068-000/BraTS-SSA-00068-000-t2w.nii.gz,external_brats_africa.tar,external_brats_africa/PKG - BraTS-Africa/BraTS-Africa/95_Glioma/BraTS-SSA-00068-000/BraTS-SSA-00068-000-t2w.nii.gz,2256313,bc0daf5588e05b3d64cde332b7364dafae682a2702c111826014dd8a36e0d479,0eceb8dce1b5f0e343d50211de39f031,240x240x155,1x1x1,float32,,
africa,BraTS-SSA-00068,000,t1,BraTS-SSA-00068-000-t1n.nii.gz,external_brats_africa/PKG - BraTS-Africa/BraTS-Africa/95_Glioma/BraTS-SSA-00068-000/BraTS-SSA-00068-000-t1n.nii.gz,external_brats_africa.tar,external_brats_africa/PKG - BraTS-Africa/BraTS-Africa/95_Glioma/BraTS-SSA-00068-000/BraTS-SSA-00068-000-t1n.nii.gz,2034119,e740e7490a5aaf1e703c8722550d2e9fdc21e094932d59f155b55bb4b38e49ab,c74e8760c17593548007d6e8e5df411f,240x240x155,1x1x1,float32,,
africa,BraTS-SSA-00068,000,t1ce,BraTS-SSA-00068-000-t1c.nii.gz,external_brats_africa/PKG - BraTS-Africa/BraTS-Africa/95_Glioma/BraTS-SSA-00068-000/BraTS-SSA-00068-000-t1c.nii.gz,external_brats_africa.tar,external_brats_africa/PKG - BraTS-Africa/BraTS-Africa/95_Glioma/BraTS-SSA-00068-000/BraTS-SSA-00068-000-t1c.nii.gz,1934111,ca72eae46f2d40fd7ba13bd75afce5ce9078d395aec7b406237d0d81eb3d87b6,b48128967c55ad35ead5d5ff2d5689ea,240x240x155,1x1x1,float32,,
africa,BraTS-SSA-00068,000,seg,BraTS-SSA-00068-000-seg.nii.gz,external_brats_africa/PKG - BraTS-Africa/BraTS-Africa/95_Glioma/BraTS-SSA-00068-000/BraTS-SSA-00068-000-seg.nii.gz,external_brats_africa.tar,external_brats_africa/PKG - BraTS-Africa/BraTS-Africa/95_Glioma/BraTS-SSA-00068-000/BraTS-SSA-00068-000-seg.nii.gz,46016,7383b47dd34111d9c22fc6d3c2ef7efe50f3af1ace1c5cc0ac218b2a47accccf,3667e6076b51cd19dfec77eb3ee592ec,240x240x155,1x1x1,float32,"0,1,2,3",
africa,BraTS-SSA-00068,000,flair,BraTS-SSA-00068-000-t2f.nii.gz,external_brats_africa/PKG - BraTS-Africa/BraTS-Africa/95_Glioma/BraTS-SSA-00068-000/BraTS-SSA-00068-000-t2f.nii.gz,external_brats_africa.tar,external_brats_africa/PKG - BraTS-Africa/BraTS-Africa/95_Glioma/BraTS-SSA-00068-000/BraTS-SSA-00068-000-t2f.nii.gz,2111298,2a2ab00a3a89a3b745b702f09add410e80891124ac57af8db5f99fea6be377df,5ccf1857d963400448731e90b8cc31ca,240x240x155,1x1x1,float32,,
africa,BraTS-SSA-00056,000,t1ce,BraTS-SSA-00056-000-t1c.nii.gz,external_brats_africa/PKG - BraTS-Africa/BraTS-Africa/95_Glioma/BraTS-SSA-00056-000/BraTS-SSA-00056-000-t1c.nii.gz,external_brats_africa.tar,external_brats_africa/PKG - BraTS-Africa/BraTS-Africa/95_Glioma/BraTS-SSA-00056-000/BraTS-SSA-00056-000-t1c.nii.gz,2514063,55a55c2b6f20c6d8cfb175401a6d2ef6ee43e9477bc5b4d14cb0a452b7535f85,c0c0d81308135cf884afc8aff7521f37,240x240x155,1x1x1,float32,,
africa,BraTS-SSA-00056,000,t2,BraTS-SSA-00056-000-t2w.nii.gz,external_brats_africa/PKG - BraTS-Africa/BraTS-Africa/95_Glioma/BraTS-SSA-00056-000/BraTS-SSA-00056-000-t2w.nii.gz,external_brats_africa.tar,external_brats_africa/PKG - BraTS-Africa/BraTS-Africa/95_Glioma/BraTS-SSA-00056-000/BraTS-SSA-00056-000-t2w.nii.gz,2766376,a0f006eec4e7e44c8f7d57302f05735c9da3780603c999bb6c2a656efd13ee4f,7d20e16fc60b88322adfdf8ca81a9ed2,240x240x155,1x1x1,float32,,
africa,BraTS-SSA-00056,000,seg,BraTS-SSA-00056-000-seg.nii.gz,external_brats_africa/PKG - BraTS-Africa/BraTS-Africa/95_Glioma/BraTS-SSA-00056-000/BraTS-SSA-00056-000-seg.nii.gz,external_brats_africa.tar,external_brats_africa/PKG - BraTS-Africa/BraTS-Africa/95_Glioma/BraTS-SSA-00056-000/BraTS-SSA-00056-000-seg.nii.gz,64941,aff827a93b718a25d5b3da0710bef8dd72f4a6aea0050b663bc1c1fc77df5231,d39418e8889426d10eb3dc7dda42d610,240x240x155,1x1x1,float32,"0,1,2,3",
africa,BraTS-SSA-00056,000,t1,BraTS-SSA-00056-000-t1n.nii.gz,external_brats_africa/PKG - BraTS-Africa/BraTS-Africa/95_Glioma/BraTS-SSA-00056-000/BraTS-SSA-00056-000-t1n.nii.gz,external_brats_africa.tar,external_brats_africa/PKG - BraTS-Africa/BraTS-Africa/95_Glioma/BraTS-SSA-00056-000/BraTS-SSA-00056-000-t1n.nii.gz,2511382,90baa0e742ec2e19f153a352556efc043136b33cfd8e92260fb8cb70168527ef,0c321ce2cff6408bd28ef06f732e60a7,240x240x155,1x1x1,float32,,
africa,BraTS-SSA-00056,000,flair,BraTS-SSA-00056-000-t2f.nii.gz,external_brats_africa/PKG - BraTS-Africa/BraTS-Africa/95_Glioma/BraTS-SSA-00056-000/BraTS-SSA-00056-000-t2f.nii.gz,external_brats_africa.tar,external_brats_africa/PKG - BraTS-Africa/BraTS-Africa/95_Glioma/BraTS-SSA-00056-000/BraTS-SSA-00056-000-t2f.nii.gz,2559385,de38b07ac99643748474890ace33d1d2355afdbd315e184f85fc03d100901db8,da222f926f808c74293cc446a3a93bf6,240x240x155,1x1x1,float32,,
africa,BraTS-SSA-00130,000,t1ce,BraTS-SSA-00130-000-t1c.nii.gz,external_brats_africa/PKG - BraTS-Africa/BraTS-Africa/95_Glioma/BraTS-SSA-00130-000/BraTS-SSA-00130-000-t1c.nii.gz,external_brats_africa.tar,external_brats_africa/PKG - BraTS-Africa/BraTS-Africa/95_Glioma/BraTS-SSA-00130-000/BraTS-SSA-00130-000-t1c.nii.gz,2641562,609d016d5cd92ea7575554751107e943cebdb34609e8bea5beded75e8c52e4b2,e1f19c9d08ccb0adfe2804a3b4ffc375,240x240x155,1x1x1,float32,,
africa,BraTS-SSA-00130,000,seg,BraTS-SSA-00130-000-seg.nii.gz,external_brats_africa/PKG - BraTS-Africa/BraTS-Africa/95_Glioma/BraTS-SSA-00130-000/BraTS-SSA-00130-000-seg.nii.gz,external_brats_africa.tar,external_brats_africa/PKG - BraTS-Africa/BraTS-Africa/95_Glioma/BraTS-SSA-00130-000/BraTS-SSA-00130-000-seg.nii.gz,96885,0cc26da5b2aa9fef5db32b060f7de8bdfe02a31b236559800a5d66368a09024f,96f8ca21c3a44ab7ac2e6acc82cc04ce,240x240x155,1x1x1,float32,"0,1,2,3",
africa,BraTS-SSA-00130,000,t1,BraTS-SSA-00130-000-t1n.nii.gz,external_brats_africa/PKG - BraTS-Africa/BraTS-Africa/95_Glioma/BraTS-SSA-00130-000/BraTS-SSA-00130-000-t1n.nii.gz,external_brats_africa.tar,external_brats_africa/PKG - BraTS-Africa/BraTS-Africa/95_Glioma/BraTS-SSA-00130-000/BraTS-SSA-00130-000-t1n.nii.gz,2509555,11869f340c45a5d5daf1c60b6ebe41a1c084b825d9726bf4c4941208fc2a20fd,24727be66b66309880b977313a896ca3,240x240x155,1x1x1,float32,,
africa,BraTS-SSA-00130,000,flair,BraTS-SSA-00130-000-t2f.nii.gz,external_brats_africa/PKG - BraTS-Africa/BraTS-Africa/95_Glioma/BraTS-SSA-00130-000/BraTS-SSA-00130-000-t2f.nii.gz,external_brats_africa.tar,external_brats_africa/PKG - BraTS-Africa/BraTS-Africa/95_Glioma/BraTS-SSA-00130-000/BraTS-SSA-00130-000-t2f.nii.gz,2783819,8b1a40c3400917aa67a6061ac0968cfc5cb3293f8ff42983e4d9abe9fb6bb5cb,9ca68198645aea380293b60968011c11,240x240x155,1x1x1,float32,,
africa,BraTS-SSA-00130,000,t2,BraTS-SSA-00130-000-t2w.nii.gz,external_brats_africa/PKG - BraTS-Africa/BraTS-Africa/95_Glioma/BraTS-SSA-00130-000/BraTS-SSA-00130-000-t2w.nii.gz,external_brats_africa.tar,external_brats_africa/PKG - BraTS-Africa/BraTS-Africa/95_Glioma/BraTS-SSA-00130-000/BraTS-SSA-00130-000-t2w.nii.gz,2715696,79baf804fe81f69a57c0adcba421c94e2278eb55e83a839e41699eb56a51133b,6084acb324f0f1bd69f42aee15610497,240x240x155,1x1x1,float32,,
africa,BraTS-SSA-00044,000,t1ce,BraTS-SSA-00044-000-t1c.nii.gz,external_brats_africa/PKG - BraTS-Africa/BraTS-Africa/95_Glioma/BraTS-SSA-00044-000/BraTS-SSA-00044-000-t1c.nii.gz,external_brats_africa.tar,external_brats_africa/PKG - BraTS-Africa/BraTS-Africa/95_Glioma/BraTS-SSA-00044-000/BraTS-SSA-00044-000-t1c.nii.gz,4636608,4a0d749e1dbe6dfbe4b36db991166ec56466eda5465f61f0100468d81265da7e,6873173aec91d312315af716f24d653c,240x240x155,1x1x1,float32,,
africa,BraTS-SSA-00044,000,t2,BraTS-SSA-00044-000-t2w.nii.gz,external_brats_africa/PKG - BraTS-Africa/BraTS-Africa/95_Glioma/BraTS-SSA-00044-000/BraTS-SSA-00044-000-t2w.nii.gz,external_brats_africa.tar,external_brats_africa/PKG - BraTS-Africa/BraTS-Africa/95_Glioma/BraTS-SSA-00044-000/BraTS-SSA-00044-000-t2w.nii.gz,4780224,1044005259423ab778d478332fe68faa4a3a8eb965d00d0f74f587b6b95f799e,5da02019759e624bcf8eed8281cba778,240x240x155,1x1x1,float32,,
africa,BraTS-SSA-00044,000,seg,BraTS-SSA-00044-000-seg.nii.gz,external_brats_africa/PKG - BraTS-Africa/BraTS-Africa/95_Glioma/BraTS-SSA-00044-000/BraTS-SSA-00044-000-seg.nii.gz,external_brats_africa.tar,external_brats_africa/PKG - BraTS-Africa/BraTS-Africa/95_Glioma/BraTS-SSA-00044-000/BraTS-SSA-00044-000-seg.nii.gz,63634,c7552d02c9aa293a855c4268f96c2517bd8ad67677e0ce55b604b3985374217d,514f4609ac049b63a8deb4e6f0d6260c,240x240x155,1x1x1,float32,"0,1,2,3",
africa,BraTS-SSA-00044,000,flair,BraTS-SSA-00044-000-t2f.nii.gz,external_brats_africa/PKG - BraTS-Africa/BraTS-Africa/95_Glioma/BraTS-SSA-00044-000/BraTS-SSA-00044-000-t2f.nii.gz,external_brats_africa.tar,external_brats_africa/PKG - BraTS-Africa/BraTS-Africa/95_Glioma/BraTS-SSA-00044-000/BraTS-SSA-00044-000-t2f.nii.gz,4698593,68a61f73bfa4daa998ef2147e6c487ccb908fa16b131755892eb92da70083dc2,5e0e78794f05bf8d690ecccec9d62a69,240x240x155,1x1x1,float32,,
africa,BraTS-SSA-00044,000,t1,BraTS-SSA-00044-000-t1n.nii.gz,external_brats_africa/PKG - BraTS-Africa/BraTS-Africa/95_Glioma/BraTS-SSA-00044-000/BraTS-SSA-00044-000-t1n.nii.gz,external_brats_africa.tar,external_brats_africa/PKG - BraTS-Africa/BraTS-Africa/95_Glioma/BraTS-SSA-00044-000/BraTS-SSA-00044-000-t1n.nii.gz,4626729,973aa02c145ea73a963e26b43a416d94af1fdf26b7d69cbc249b42e94b3e6d2c,5c5b45158a41750bec29d0bb0d3f827f,240x240x155,1x1x1,float32,,
africa,BraTS-SSA-00046,000,t2,BraTS-SSA-00046-000-t2w.nii.gz,external_brats_africa/PKG - BraTS-Africa/BraTS-Africa/95_Glioma/BraTS-SSA-00046-000/BraTS-SSA-00046-000-t2w.nii.gz,external_brats_africa.tar,external_brats_africa/PKG - BraTS-Africa/BraTS-Africa/95_Glioma/BraTS-SSA-00046-000/BraTS-SSA-00046-000-t2w.nii.gz,2473499,a746df3fafd69e53bf2e587b8c80929e5c886bd442a9c8be8593e40b9f7ed063,50a12a1fc7518a2c66a0a17e24a4132f,240x240x155,1x1x1,float32,,
africa,BraTS-SSA-00046,000,t1ce,BraTS-SSA-00046-000-t1c.nii.gz,external_brats_africa/PKG - BraTS-Africa/BraTS-Africa/95_Glioma/BraTS-SSA-00046-000/BraTS-SSA-00046-000-t1c.nii.gz,external_brats_africa.tar,external_brats_africa/PKG - BraTS-Africa/BraTS-Africa/95_Glioma/BraTS-SSA-00046-000/BraTS-SSA-00046-000-t1c.nii.gz,2151961,c33b94747f9800efbe8aa3de673f6b72f39071460e5bbc8807d763e326a7860b,97fbb6351deb4791bae3dac154d00696,240x240x155,1x1x1,float32,,
africa,BraTS-SSA-00046,000,flair,BraTS-SSA-00046-000-t2f.nii.gz,external_brats_africa/PKG - BraTS-Africa/BraTS-Africa/95_Glioma/BraTS-SSA-00046-000/BraTS-SSA-00046-000-t2f.nii.gz,external_brats_africa.tar,external_brats_africa/PKG - BraTS-Africa/BraTS-Africa/95_Glioma/BraTS-SSA-00046-000/BraTS-SSA-00046-000-t2f.nii.gz,2258352,3dfefe1980733d056c9da22f629cc99aab88b13d8f4f6ffaf31bcdee23ac64c8,18d2d35789f5eafc2013e7d7dc420d53,240x240x155,1x1x1,float32,,
africa,BraTS-SSA-00046,000,t1,BraTS-SSA-00046-000-t1n.nii.gz,external_brats_africa/PKG - BraTS-Africa/BraTS-Africa/95_Glioma/BraTS-SSA-00046-000/BraTS-SSA-00046-000-t1n.nii.gz,external_brats_africa.tar,external_brats_africa/PKG - BraTS-Africa/BraTS-Africa/95_Glioma/BraTS-SSA-00046-000/BraTS-SSA-00046-000-t1n.nii.gz,2205377,480cb43944274578b30f11edb20d475f1e4dbaf7d75e4667fa40d2a645037d29,3d67dc24696fcec464f60a011eacc2ce,240x240x155,1x1x1,float32,,
africa,BraTS-SSA-00046,000,seg,BraTS-SSA-00046-000-seg.nii.gz,external_brats_africa/PKG - BraTS-Africa/BraTS-Africa/95_Glioma/BraTS-SSA-00046-000/BraTS-SSA-00046-000-seg.nii.gz,external_brats_africa.tar,external_brats_africa/PKG - BraTS-Africa/BraTS-Africa/95_Glioma/BraTS-SSA-00046-000/BraTS-SSA-00046-000-seg.nii.gz,43445,7dc90ccca85e87615c45e0e7de4b6890204684085563b54536f4954792088312,4128bbf165c6a93027f74fcb229231f1,240x240x155,1x1x1,float32,"0,2,3",
africa,BraTS-SSA-00180,000,t2,BraTS-SSA-00180-000-t2w.nii.gz,external_brats_africa/PKG - BraTS-Africa/BraTS-Africa/95_Glioma/BraTS-SSA-00180-000/BraTS-SSA-00180-000-t2w.nii.gz,external_brats_africa.tar,external_brats_africa/PKG - BraTS-Africa/BraTS-Africa/95_Glioma/BraTS-SSA-00180-000/BraTS-SSA-00180-000-t2w.nii.gz,2487001,e10f212b0b0b6d792bceadbd953ce52ea970db4a964a9e2bcf7738381f986e81,dc4237aed18732a807ee919a608c66f7,240x240x155,1x1x1,float32,,
africa,BraTS-SSA-00180,000,flair,BraTS-SSA-00180-000-t2f.nii.gz,external_brats_africa/PKG - BraTS-Africa/BraTS-Africa/95_Glioma/BraTS-SSA-00180-000/BraTS-SSA-00180-000-t2f.nii.gz,external_brats_africa.tar,external_brats_africa/PKG - BraTS-Africa/BraTS-Africa/95_Glioma/BraTS-SSA-00180-000/BraTS-SSA-00180-000-t2f.nii.gz,2559209,ae4ef57b2f8022be7b64f94c540d8d00f8fb87a885058a8b01f97e6614ce9560,a8469d995cb807ab69609686dedc2ba6,240x240x155,1x1x1,float32,,
africa,BraTS-SSA-00180,000,t1ce,BraTS-SSA-00180-000-t1c.nii.gz,external_brats_africa/PKG - BraTS-Africa/BraTS-Africa/95_Glioma/BraTS-SSA-00180-000/BraTS-SSA-00180-000-t1c.nii.gz,external_brats_africa.tar,external_brats_africa/PKG - BraTS-Africa/BraTS-Africa/95_Glioma/BraTS-SSA-00180-000/BraTS-SSA-00180-000-t1c.nii.gz,2415461,af5fab75595ad52fdc5acd114bf9464b63bac1a8bed3459635dd17d3d3894201,8e63d35f65707cc33cc667a3634f9a96,240x240x155,1x1x1,float32,,
africa,BraTS-SSA-00180,000,t1,BraTS-SSA-00180-000-t1n.nii.gz,external_brats_africa/PKG - BraTS-Africa/BraTS-Africa/95_Glioma/BraTS-SSA-00180-000/BraTS-SSA-00180-000-t1n.nii.gz,external_brats_africa.tar,external_brats_africa/PKG - BraTS-Africa/BraTS-Africa/95_Glioma/BraTS-SSA-00180-000/BraTS-SSA-00180-000-t1n.nii.gz,2418091,74e5fc66ee9d267edd5867fbafae9ee479ab477960cbe39823e2109910ffb0b8,ee26ed9074b00c76adefeabccffd1d1c,240x240x155,1x1x1,float32,,
africa,BraTS-SSA-00180,000,seg,BraTS-SSA-00180-000-seg.nii.gz,external_brats_africa/PKG - BraTS-Africa/BraTS-Africa/95_Glioma/BraTS-SSA-00180-000/BraTS-SSA-00180-000-seg.nii.gz,external_brats_africa.tar,external_brats_africa/PKG - BraTS-Africa/BraTS-Africa/95_Glioma/BraTS-SSA-00180-000/BraTS-SSA-00180-000-seg.nii.gz,43553,d2209d56c1e37dc5e3e48707d36253735e4fb244db34b5292437b9238d38c7cb,a88d40fc6acba985873ccbf8264feb0e,240x240x155,1x1x1,float32,"0,1,2,3",
africa,BraTS-SSA-00152,000,t1,BraTS-SSA-00152-000-t1n.nii.gz,external_brats_africa/PKG - BraTS-Africa/BraTS-Africa/95_Glioma/BraTS-SSA-00152-000/BraTS-SSA-00152-000-t1n.nii.gz,external_brats_africa.tar,external_brats_africa/PKG - BraTS-Africa/BraTS-Africa/95_Glioma/BraTS-SSA-00152-000/BraTS-SSA-00152-000-t1n.nii.gz,2760383,cd434233356fbd1aaa5a012caf3351aa8e5704bd907d5f9992041d1db0cfec18,b386eb1f4c9378d76b0d12bed5ee905b,240x240x155,1x1x1,float32,,
africa,BraTS-SSA-00152,000,seg,BraTS-SSA-00152-000-seg.nii.gz,external_brats_africa/PKG - BraTS-Africa/BraTS-Africa/95_Glioma/BraTS-SSA-00152-000/BraTS-SSA-00152-000-seg.nii.gz,external_brats_africa.tar,external_brats_africa/PKG - BraTS-Africa/BraTS-Africa/95_Glioma/BraTS-SSA-00152-000/BraTS-SSA-00152-000-seg.nii.gz,77918,e62b11a757c7877e9f0ce520c6541fc1563ca646353cf1c3c6aae0d143b20995,4cbb21ab47c0d693d48a3d0f5e922d3f,240x240x155,1x1x1,float32,"0,1,2,3",
africa,BraTS-SSA-00152,000,t1ce,BraTS-SSA-00152-000-t1c.nii.gz,external_brats_africa/PKG - BraTS-Africa/BraTS-Africa/95_Glioma/BraTS-SSA-00152-000/BraTS-SSA-00152-000-t1c.nii.gz,external_brats_africa.tar,external_brats_africa/PKG - BraTS-Africa/BraTS-Africa/95_Glioma/BraTS-SSA-00152-000/BraTS-SSA-00152-000-t1c.nii.gz,2771142,605f3db42f43bd1aa02e69889431c8cf1903496267b40815abc842b2b32fbfa2,a7f09cab1823bad07b51ae0f4e27aa05,240x240x155,1x1x1,float32,,
africa,BraTS-SSA-00152,000,flair,BraTS-SSA-00152-000-t2f.nii.gz,external_brats_africa/PKG - BraTS-Africa/BraTS-Africa/95_Glioma/BraTS-SSA-00152-000/BraTS-SSA-00152-000-t2f.nii.gz,external_brats_africa.tar,external_brats_africa/PKG - BraTS-Africa/BraTS-Africa/95_Glioma/BraTS-SSA-00152-000/BraTS-SSA-00152-000-t2f.nii.gz,2967025,21bbec4aca18058926f664df79239e81d13cce47545eb97d8bb531d3a761c50c,703ca1fcc9daaa7757591287ac7a02ad,240x240x155,1x1x1,float32,,
africa,BraTS-SSA-00152,000,t2,BraTS-SSA-00152-000-t2w.nii.gz,external_brats_africa/PKG - BraTS-Africa/BraTS-Africa/95_Glioma/BraTS-SSA-00152-000/BraTS-SSA-00152-000-t2w.nii.gz,external_brats_africa.tar,external_brats_africa/PKG - BraTS-Africa/BraTS-Africa/95_Glioma/BraTS-SSA-00152-000/BraTS-SSA-00152-000-t2w.nii.gz,2883734,15751621d0cb11240c69512d78a1ea4551c21cf5eda272974ec042e3f8139ca5,1870f149ffcaa4359ae719a55440a2fa,240x240x155,1x1x1,float32,,
africa,BraTS-SSA-00081,000,t2,BraTS-SSA-00081-000-t2w.nii.gz,external_brats_africa/PKG - BraTS-Africa/BraTS-Africa/95_Glioma/BraTS-SSA-00081-000/BraTS-SSA-00081-000-t2w.nii.gz,external_brats_africa.tar,external_brats_africa/PKG - BraTS-Africa/BraTS-Africa/95_Glioma/BraTS-SSA-00081-000/BraTS-SSA-00081-000-t2w.nii.gz,2882339,a8a8e48945dbadc1d91446ce3ca05bab13ec5f78dc3d4ae789f870072c95d155,b861514e515bfd3d31a2ade76390e550,240x240x155,1x1x1,float32,,
africa,BraTS-SSA-00081,000,seg,BraTS-SSA-00081-000-seg.nii.gz,external_brats_africa/PKG - BraTS-Africa/BraTS-Africa/95_Glioma/BraTS-SSA-00081-000/BraTS-SSA-00081-000-seg.nii.gz,external_brats_africa.tar,external_brats_africa/PKG - BraTS-Africa/BraTS-Africa/95_Glioma/BraTS-SSA-00081-000/BraTS-SSA-00081-000-seg.nii.gz,77849,187d74afecc9fc1fe0a0d81befe04f478883c7f6e677c229d0bd55d10fd716da,75c8a69639244e66cbea925432374ad1,240x240x155,1x1x1,float32,"0,1,2,3",
africa,BraTS-SSA-00081,000,t1ce,BraTS-SSA-00081-000-t1c.nii.gz,external_brats_africa/PKG - BraTS-Africa/BraTS-Africa/95_Glioma/BraTS-SSA-00081-000/BraTS-SSA-00081-000-t1c.nii.gz,external_brats_africa.tar,external_brats_africa/PKG - BraTS-Africa/BraTS-Africa/95_Glioma/BraTS-SSA-00081-000/BraTS-SSA-00081-000-t1c.nii.gz,2473887,25f49737e0bb8ad9c6d16fbc522ed37a21a12b420ea0c691f9cb39c66b228872,f1ea250cc9b5891d5cbd1f4bd26010e2,240x240x155,1x1x1,float32,,
africa,BraTS-SSA-00081,000,t1,BraTS-SSA-00081-000-t1n.nii.gz,external_brats_africa/PKG - BraTS-Africa/BraTS-Africa/95_Glioma/BraTS-SSA-00081-000/BraTS-SSA-00081-000-t1n.nii.gz,external_brats_africa.tar,external_brats_africa/PKG - BraTS-Africa/BraTS-Africa/95_Glioma/BraTS-SSA-00081-000/BraTS-SSA-00081-000-t1n.nii.gz,2554695,072cdf237e0c697262d16865d6ddd591b570c414676b36cc91ba99732fb162a7,d768c78fb272c1279f49e6d53bd04ccc,240x240x155,1x1x1,float32,,
africa,BraTS-SSA-00081,000,flair,BraTS-SSA-00081-000-t2f.nii.gz,external_brats_africa/PKG - BraTS-Africa/BraTS-Africa/95_Glioma/BraTS-SSA-00081-000/BraTS-SSA-00081-000-t2f.nii.gz,external_brats_africa.tar,external_brats_africa/PKG - BraTS-Africa/BraTS-Africa/95_Glioma/BraTS-SSA-00081-000/BraTS-SSA-00081-000-t2f.nii.gz,2727817,563963097cb8c645de59b9ace8a644fe7f508b8e215b7e79635845b6cd53c9c9,bb6611290a038cda3e93f33f1fe38c73,240x240x155,1x1x1,float32,,
africa,BraTS-SSA-00140,000,flair,BraTS-SSA-00140-000-t2f.nii.gz,external_brats_africa/PKG - BraTS-Africa/BraTS-Africa/95_Glioma/BraTS-SSA-00140-000/BraTS-SSA-00140-000-t2f.nii.gz,external_brats_africa.tar,external_brats_africa/PKG - BraTS-Africa/BraTS-Africa/95_Glioma/BraTS-SSA-00140-000/BraTS-SSA-00140-000-t2f.nii.gz,2732765,0b1a139c424188c1f0a41efb07e7645491d355ac6ab359e0a954bbcc7a49c25c,904b2455ed64e02120c0c4d63c4d7c6f,240x240x155,1x1x1,float32,,
africa,BraTS-SSA-00140,000,t1,BraTS-SSA-00140-000-t1n.nii.gz,external_brats_africa/PKG - BraTS-Africa/BraTS-Africa/95_Glioma/BraTS-SSA-00140-000/BraTS-SSA-00140-000-t1n.nii.gz,external_brats_africa.tar,external_brats_africa/PKG - BraTS-Africa/BraTS-Africa/95_Glioma/BraTS-SSA-00140-000/BraTS-SSA-00140-000-t1n.nii.gz,2532732,4f9a5a274efd859d0e179c2885ccf1393cdf1352375cf6cf63dc79a9fd3e1d05,11594c495ac75cdd42910c0a8625028a,240x240x155,1x1x1,float32,,
africa,BraTS-SSA-00140,000,seg,BraTS-SSA-00140-000-seg.nii.gz,external_brats_africa/PKG - BraTS-Africa/BraTS-Africa/95_Glioma/BraTS-SSA-00140-000/BraTS-SSA-00140-000-seg.nii.gz,external_brats_africa.tar,external_brats_africa/PKG - BraTS-Africa/BraTS-Africa/95_Glioma/BraTS-SSA-00140-000/BraTS-SSA-00140-000-seg.nii.gz,62754,10c2592e4a90077a114078ee0e6a9bfbc7b6c5bff1eae91d28618cde8b750966,0e6f98a0441eaf7d1b0a4eec8a2a46be,240x240x155,1x1x1,float32,"0,1,2,3",
africa,BraTS-SSA-00140,000,t2,BraTS-SSA-00140-000-t2w.nii.gz,external_brats_africa/PKG - BraTS-Africa/BraTS-Africa/95_Glioma/BraTS-SSA-00140-000/BraTS-SSA-00140-000-t2w.nii.gz,external_brats_africa.tar,external_brats_africa/PKG - BraTS-Africa/BraTS-Africa/95_Glioma/BraTS-SSA-00140-000/BraTS-SSA-00140-000-t2w.nii.gz,2592301,af1d8a6b87e07801f44927ca9359c7ccdb492652abcc6a47fc2ec03e84ff3b24,7295c75981804c8740b93345a28887da,240x240x155,1x1x1,float32,,
africa,BraTS-SSA-00140,000,t1ce,BraTS-SSA-00140-000-t1c.nii.gz,external_brats_africa/PKG - BraTS-Africa/BraTS-Africa/95_Glioma/BraTS-SSA-00140-000/BraTS-SSA-00140-000-t1c.nii.gz,external_brats_africa.tar,external_brats_africa/PKG - BraTS-Africa/BraTS-Africa/95_Glioma/BraTS-SSA-00140-000/BraTS-SSA-00140-000-t1c.nii.gz,2593850,0e350f1054f339fe0533d05a5702fb0842e9896c57b19f74207fc80dcc9f9592,67f92c95c2d71d8a5e24425fc32eb0b9,240x240x155,1x1x1,float32,,
africa,BraTS-SSA-00225,000,t1,BraTS-SSA-00225-000-t1n.nii.gz,external_brats_africa/PKG - BraTS-Africa/BraTS-Africa/95_Glioma/BraTS-SSA-00225-000/BraTS-SSA-00225-000-t1n.nii.gz,external_brats_africa.tar,external_brats_africa/PKG - BraTS-Africa/BraTS-Africa/95_Glioma/BraTS-SSA-00225-000/BraTS-SSA-00225-000-t1n.nii.gz,2153097,50457751b268663960ae05675059a3e8861607ef4bbca0c8fd5509427f56d29c,4c8855fae3c642affd5b4eef6cf2808c,240x240x155,1x1x1,float32,,
africa,BraTS-SSA-00225,000,flair,BraTS-SSA-00225-000-t2f.nii.gz,external_brats_africa/PKG - BraTS-Africa/BraTS-Africa/95_Glioma/BraTS-SSA-00225-000/BraTS-SSA-00225-000-t2f.nii.gz,external_brats_africa.tar,external_brats_africa/PKG - BraTS-Africa/BraTS-Africa/95_Glioma/BraTS-SSA-00225-000/BraTS-SSA-00225-000-t2f.nii.gz,2146579,94285cff9f6df5f5eedeb18839c48c031b5f5fddf9683906f16c4f933bea7606,6db2929620d216941fb579aba878e279,240x240x155,1x1x1,float32,,
africa,BraTS-SSA-00225,000,seg,BraTS-SSA-00225-000-seg.nii.gz,external_brats_africa/PKG - BraTS-Africa/BraTS-Africa/95_Glioma/BraTS-SSA-00225-000/BraTS-SSA-00225-000-seg.nii.gz,external_brats_africa.tar,external_brats_africa/PKG - BraTS-Africa/BraTS-Africa/95_Glioma/BraTS-SSA-00225-000/BraTS-SSA-00225-000-seg.nii.gz,57605,401853a2339a665e3e12eba163b9b9faf7a0c49c954905f2bf27bfb53b23e0ec,346b5d898c644343a2b0a1ed26a8210b,240x240x155,1x1x1,float32,"0,1,2,3",
africa,BraTS-SSA-00225,000,t2,BraTS-SSA-00225-000-t2w.nii.gz,external_brats_africa/PKG - BraTS-Africa/BraTS-Africa/95_Glioma/BraTS-SSA-00225-000/BraTS-SSA-00225-000-t2w.nii.gz,external_brats_africa.tar,external_brats_africa/PKG - BraTS-Africa/BraTS-Africa/95_Glioma/BraTS-SSA-00225-000/BraTS-SSA-00225-000-t2w.nii.gz,2264700,a27d202407408b1e02313104ddc3c0828abf6312b1c030f0f417e9a04ee67acf,03c12ad495438315394d4cfe04815d9e,240x240x155,1x1x1,float32,,
africa,BraTS-SSA-00225,000,t1ce,BraTS-SSA-00225-000-t1c.nii.gz,external_brats_africa/PKG - BraTS-Africa/BraTS-Africa/95_Glioma/BraTS-SSA-00225-000/BraTS-SSA-00225-000-t1c.nii.gz,external_brats_africa.tar,external_brats_africa/PKG - BraTS-Africa/BraTS-Africa/95_Glioma/BraTS-SSA-00225-000/BraTS-SSA-00225-000-t1c.nii.gz,2137481,4363cbe1e06c0377a965d877a5fa961ed8302324aa56216899eabca563f99d14,287fca24970e63e4ebe3c018b7d5915e,240x240x155,1x1x1,float32,,
africa,BraTS-SSA-00206,000,t1,BraTS-SSA-00206-000-t1n.nii.gz,external_brats_africa/PKG - BraTS-Africa/BraTS-Africa/95_Glioma/BraTS-SSA-00206-000/BraTS-SSA-00206-000-t1n.nii.gz,external_brats_africa.tar,external_brats_africa/PKG - BraTS-Africa/BraTS-Africa/95_Glioma/BraTS-SSA-00206-000/BraTS-SSA-00206-000-t1n.nii.gz,2707080,1524e98c20a16e18b1f29f01aba7a7ea8a578ea0e16c5246d985acac773cda86,c9da253037c0fe8f86ed74c16a9fc51f,240x240x155,1x1x1,float32,,
africa,BraTS-SSA-00206,000,seg,BraTS-SSA-00206-000-seg.nii.gz,external_brats_africa/PKG - BraTS-Africa/BraTS-Africa/95_Glioma/BraTS-SSA-00206-000/BraTS-SSA-00206-000-seg.nii.gz,external_brats_africa.tar,external_brats_africa/PKG - BraTS-Africa/BraTS-Africa/95_Glioma/BraTS-SSA-00206-000/BraTS-SSA-00206-000-seg.nii.gz,87103,06c9565b0fa428f89297f83d4dd65aca3b370f376b5b38e568a77a8bd7a28c1e,ce0361fd9f25a7a28004d007af8f3c7f,240x240x155,1x1x1,float32,"0,1,2,3",
africa,BraTS-SSA-00206,000,t2,BraTS-SSA-00206-000-t2w.nii.gz,external_brats_africa/PKG - BraTS-Africa/BraTS-Africa/95_Glioma/BraTS-SSA-00206-000/BraTS-SSA-00206-000-t2w.nii.gz,external_brats_africa.tar,external_brats_africa/PKG - BraTS-Africa/BraTS-Africa/95_Glioma/BraTS-SSA-00206-000/BraTS-SSA-00206-000-t2w.nii.gz,2860259,4817711e2900134953b79e3ebeefe5c3cf73badbf5b36ac4d4444225f74e6c78,1c671658c40f79abc519c7839c38a2eb,240x240x155,1x1x1,float32,,
africa,BraTS-SSA-00206,000,t1ce,BraTS-SSA-00206-000-t1c.nii.gz,external_brats_africa/PKG - BraTS-Africa/BraTS-Africa/95_Glioma/BraTS-SSA-00206-000/BraTS-SSA-00206-000-t1c.nii.gz,external_brats_africa.tar,external_brats_africa/PKG - BraTS-Africa/BraTS-Africa/95_Glioma/BraTS-SSA-00206-000/BraTS-SSA-00206-000-t1c.nii.gz,2698761,d4875f0d021311a88086653d0e48d0b7b254eb18426406d36821af3d78edea06,fc8e1fcf9f86f191ac7bfaa16a2247f2,240x240x155,1x1x1,float32,,
africa,BraTS-SSA-00206,000,flair,BraTS-SSA-00206-000-t2f.nii.gz,external_brats_africa/PKG - BraTS-Africa/BraTS-Africa/95_Glioma/BraTS-SSA-00206-000/BraTS-SSA-00206-000-t2f.nii.gz,external_brats_africa.tar,external_brats_africa/PKG - BraTS-Africa/BraTS-Africa/95_Glioma/BraTS-SSA-00206-000/BraTS-SSA-00206-000-t2f.nii.gz,2680478,f99ad45cc0c9f7207b6e78f6ef18f5ac6722491cd9965c3d13753e5304bf95d3,be9894e39ace8df82b06451d8e51a78d,240x240x155,1x1x1,float32,,
africa,BraTS-SSA-00121,000,t2,BraTS-SSA-00121-000-t2w.nii.gz,external_brats_africa/PKG - BraTS-Africa/BraTS-Africa/95_Glioma/BraTS-SSA-00121-000/BraTS-SSA-00121-000-t2w.nii.gz,external_brats_africa.tar,external_brats_africa/PKG - BraTS-Africa/BraTS-Africa/95_Glioma/BraTS-SSA-00121-000/BraTS-SSA-00121-000-t2w.nii.gz,3100340,8e32ee2203054f886c5d9c474f91ed168e9cf181f2282c3e24f6c5d19ec58fac,ec5d17b0e8f0b42d9a2cec110475b9ef,240x240x155,1x1x1,float32,,
africa,BraTS-SSA-00121,000,seg,BraTS-SSA-00121-000-seg.nii.gz,external_brats_africa/PKG - BraTS-Africa/BraTS-Africa/95_Glioma/BraTS-SSA-00121-000/BraTS-SSA-00121-000-seg.nii.gz,external_brats_africa.tar,external_brats_africa/PKG - BraTS-Africa/BraTS-Africa/95_Glioma/BraTS-SSA-00121-000/BraTS-SSA-00121-000-seg.nii.gz,85370,00b7684b910c52db7b0b5c52d49526acea3443cd791fb5b087f001d88fc62604,e4929d5c47d841d4e7d4883ba889d4d8,240x240x155,1x1x1,float32,"0,1,2,3",
africa,BraTS-SSA-00121,000,t1ce,BraTS-SSA-00121-000-t1c.nii.gz,external_brats_africa/PKG - BraTS-Africa/BraTS-Africa/95_Glioma/BraTS-SSA-00121-000/BraTS-SSA-00121-000-t1c.nii.gz,external_brats_africa.tar,external_brats_africa/PKG - BraTS-Africa/BraTS-Africa/95_Glioma/BraTS-SSA-00121-000/BraTS-SSA-00121-000-t1c.nii.gz,2876784,c8fc4c693a067b151f98a8a2c6e387dd36dbc47717a2fc9d932d264668d7b527,a4185dc8627964c5b29891d43e5653d6,240x240x155,1x1x1,float32,,
africa,BraTS-SSA-00121,000,t1,BraTS-SSA-00121-000-t1n.nii.gz,external_brats_africa/PKG - BraTS-Africa/BraTS-Africa/95_Glioma/BraTS-SSA-00121-000/BraTS-SSA-00121-000-t1n.nii.gz,external_brats_africa.tar,external_brats_africa/PKG - BraTS-Africa/BraTS-Africa/95_Glioma/BraTS-SSA-00121-000/BraTS-SSA-00121-000-t1n.nii.gz,2891450,e245dd17bf083abd7eff32aba297263f5ba803f170a6efde737d816242d598ff,0eea23897dd1aa992fbbc7930734d7ae,240x240x155,1x1x1,float32,,
africa,BraTS-SSA-00121,000,flair,BraTS-SSA-00121-000-t2f.nii.gz,external_brats_africa/PKG - BraTS-Africa/BraTS-Africa/95_Glioma/BraTS-SSA-00121-000/BraTS-SSA-00121-000-t2f.nii.gz,external_brats_africa.tar,external_brats_africa/PKG - BraTS-Africa/BraTS-Africa/95_Glioma/BraTS-SSA-00121-000/BraTS-SSA-00121-000-t2f.nii.gz,2823892,9af986e01d231f249112ab18d07360ddebebad5ca36254ac5187c917ecbd6e3e,daf92f630dbba0a75efe4d9b27d78a3a,240x240x155,1x1x1,float32,,
africa,BraTS-SSA-00028,000,seg,BraTS-SSA-00028-000-seg.nii.gz,external_brats_africa/PKG - BraTS-Africa/BraTS-Africa/95_Glioma/BraTS-SSA-00028-000/BraTS-SSA-00028-000-seg.nii.gz,external_brats_africa.tar,external_brats_africa/PKG - BraTS-Africa/BraTS-Africa/95_Glioma/BraTS-SSA-00028-000/BraTS-SSA-00028-000-seg.nii.gz,63434,540b99136149543c036136c389beedb486db42ec46efc7a4627dbd98a0f8f2af,d5946739b059446d21e56fb6ebde9d96,240x240x155,1x1x1,float32,"0,1,2,3",
africa,BraTS-SSA-00028,000,flair,BraTS-SSA-00028-000-t2f.nii.gz,external_brats_africa/PKG - BraTS-Africa/BraTS-Africa/95_Glioma/BraTS-SSA-00028-000/BraTS-SSA-00028-000-t2f.nii.gz,external_brats_africa.tar,external_brats_africa/PKG - BraTS-Africa/BraTS-Africa/95_Glioma/BraTS-SSA-00028-000/BraTS-SSA-00028-000-t2f.nii.gz,3824370,ef07e78e490aee7332bd29a9f87a6cfd08100bf18da57cfcce49740b8301c536,d2565e01b6deec444103017b62ef23fc,240x240x155,1x1x1,float32,,
africa,BraTS-SSA-00028,000,t2,BraTS-SSA-00028-000-t2w.nii.gz,external_brats_africa/PKG - BraTS-Africa/BraTS-Africa/95_Glioma/BraTS-SSA-00028-000/BraTS-SSA-00028-000-t2w.nii.gz,external_brats_africa.tar,external_brats_africa/PKG - BraTS-Africa/BraTS-Africa/95_Glioma/BraTS-SSA-00028-000/BraTS-SSA-00028-000-t2w.nii.gz,3868960,1256142b6f1add98cc5646def25def8072e07f3df4fe5edd9ea3f300518995d9,7deff446dfb75cca1ff4ca971dc4191a,240x240x155,1x1x1,float32,,
africa,BraTS-SSA-00028,000,t1,BraTS-SSA-00028-000-t1n.nii.gz,external_brats_africa/PKG - BraTS-Africa/BraTS-Africa/95_Glioma/BraTS-SSA-00028-000/BraTS-SSA-00028-000-t1n.nii.gz,external_brats_africa.tar,external_brats_africa/PKG - BraTS-Africa/BraTS-Africa/95_Glioma/BraTS-SSA-00028-000/BraTS-SSA-00028-000-t1n.nii.gz,3542210,978052d8d7cf743a447c3daade0e5771ea094aa875960d07c4291f384b656084,37f2fb57afb33805e1526c41c97896e6,240x240x155,1x1x1,float32,,
africa,BraTS-SSA-00028,000,t1ce,BraTS-SSA-00028-000-t1c.nii.gz,external_brats_africa/PKG - BraTS-Africa/BraTS-Africa/95_Glioma/BraTS-SSA-00028-000/BraTS-SSA-00028-000-t1c.nii.gz,external_brats_africa.tar,external_brats_africa/PKG - BraTS-Africa/BraTS-Africa/95_Glioma/BraTS-SSA-00028-000/BraTS-SSA-00028-000-t1c.nii.gz,3444492,abde70dd4b30f3bbc18afa2d09c83d6558983a9f066cff250f5ad18911c95611,c00e88d13b35ca9dd4378bd91c2834e6,240x240x155,1x1x1,float32,,
africa,BraTS-SSA-00117,000,flair,BraTS-SSA-00117-000-t2f.nii.gz,external_brats_africa/PKG - BraTS-Africa/BraTS-Africa/95_Glioma/BraTS-SSA-00117-000/BraTS-SSA-00117-000-t2f.nii.gz,external_brats_africa.tar,external_brats_africa/PKG - BraTS-Africa/BraTS-Africa/95_Glioma/BraTS-SSA-00117-000/BraTS-SSA-00117-000-t2f.nii.gz,3657661,db6ebb10df9acdd3156b6a9cfb43c5143162ea2b599a1064617ef59aa5048374,befc9f29e740594d44d70238eb6c4515,240x240x155,1x1x1,float32,,
africa,BraTS-SSA-00117,000,seg,BraTS-SSA-00117-000-seg.nii.gz,external_brats_africa/PKG - BraTS-Africa/BraTS-Africa/95_Glioma/BraTS-SSA-00117-000/BraTS-SSA-00117-000-seg.nii.gz,external_brats_africa.tar,external_brats_africa/PKG - BraTS-Africa/BraTS-Africa/95_Glioma/BraTS-SSA-00117-000/BraTS-SSA-00117-000-seg.nii.gz,69921,244dd779018b3b3895dba23267c814b038313c0dbf8b59bd18d270879a1f3bed,63f1d14f783ce4a8147bdf42d1aa1d4c,240x240x155,1x1x1,float32,"0,1,2,3",
africa,BraTS-SSA-00117,000,t2,BraTS-SSA-00117-000-t2w.nii.gz,external_brats_africa/PKG - BraTS-Africa/BraTS-Africa/95_Glioma/BraTS-SSA-00117-000/BraTS-SSA-00117-000-t2w.nii.gz,external_brats_africa.tar,external_brats_africa/PKG - BraTS-Africa/BraTS-Africa/95_Glioma/BraTS-SSA-00117-000/BraTS-SSA-00117-000-t2w.nii.gz,3816317,f3c7e77a21bdbbe565e6d07f49e8c11efc75d0ac18bc1af9edb1c1619d473375,1bba59a9e987e33960ce979d149e72ec,240x240x155,1x1x1,float32,,
africa,BraTS-SSA-00117,000,t1,BraTS-SSA-00117-000-t1n.nii.gz,external_brats_africa/PKG - BraTS-Africa/BraTS-Africa/95_Glioma/BraTS-SSA-00117-000/BraTS-SSA-00117-000-t1n.nii.gz,external_brats_africa.tar,external_brats_africa/PKG - BraTS-Africa/BraTS-Africa/95_Glioma/BraTS-SSA-00117-000/BraTS-SSA-00117-000-t1n.nii.gz,3429258,7f7601c402da1602d6ec3b2ab1969533d93f87a7841a251c94edc49848c0ec9b,0b1f69a56a7b449e513baf14e7a122a2,240x240x155,1x1x1,float32,,
africa,BraTS-SSA-00117,000,t1ce,BraTS-SSA-00117-000-t1c.nii.gz,external_brats_africa/PKG - BraTS-Africa/BraTS-Africa/95_Glioma/BraTS-SSA-00117-000/BraTS-SSA-00117-000-t1c.nii.gz,external_brats_africa.tar,external_brats_africa/PKG - BraTS-Africa/BraTS-Africa/95_Glioma/BraTS-SSA-00117-000/BraTS-SSA-00117-000-t1c.nii.gz,3479394,c8f99e42b6ae2a5e29af99f7964ac724fc004556a47a6b489cc7e6de6c5f9159,5885a5111460f6ac8bf51e76e3da33e6,240x240x155,1x1x1,float32,,
africa,BraTS-SSA-00223,000,t1,BraTS-SSA-00223-000-t1n.nii.gz,external_brats_africa/PKG - BraTS-Africa/BraTS-Africa/95_Glioma/BraTS-SSA-00223-000/BraTS-SSA-00223-000-t1n.nii.gz,external_brats_africa.tar,external_brats_africa/PKG - BraTS-Africa/BraTS-Africa/95_Glioma/BraTS-SSA-00223-000/BraTS-SSA-00223-000-t1n.nii.gz,2719209,731315a8fac9211d4ec3d649418b7dccd09b9c90ee746537e5eb7e3a43c02b19,46411eef47d6de556389f9aab78a217b,240x240x155,1x1x1,float32,,
africa,BraTS-SSA-00223,000,t2,BraTS-SSA-00223-000-t2w.nii.gz,external_brats_africa/PKG - BraTS-Africa/BraTS-Africa/95_Glioma/BraTS-SSA-00223-000/BraTS-SSA-00223-000-t2w.nii.gz,external_brats_africa.tar,external_brats_africa/PKG - BraTS-Africa/BraTS-Africa/95_Glioma/BraTS-SSA-00223-000/BraTS-SSA-00223-000-t2w.nii.gz,2815246,359c62cfeb95ea8cf293067faa741efdf13f4f4257f46edb62901c914f3118c1,ab3cb0aa6ccf37b9df0a4cfd1075d21e,240x240x155,1x1x1,float32,,
africa,BraTS-SSA-00223,000,seg,BraTS-SSA-00223-000-seg.nii.gz,external_brats_africa/PKG - BraTS-Africa/BraTS-Africa/95_Glioma/BraTS-SSA-00223-000/BraTS-SSA-00223-000-seg.nii.gz,external_brats_africa.tar,external_brats_africa/PKG - BraTS-Africa/BraTS-Africa/95_Glioma/BraTS-SSA-00223-000/BraTS-SSA-00223-000-seg.nii.gz,65348,c9825a0053579507fed5adae24e15969f6ee124ddaac91985a29a1e0e1c2a296,50cfef0edbb14bd268d74cc7ef8127f2,240x240x155,1x1x1,float32,"0,1,2,3",
africa,BraTS-SSA-00223,000,t1ce,BraTS-SSA-00223-000-t1c.nii.gz,external_brats_africa/PKG - BraTS-Africa/BraTS-Africa/95_Glioma/BraTS-SSA-00223-000/BraTS-SSA-00223-000-t1c.nii.gz,external_brats_africa.tar,external_brats_africa/PKG - BraTS-Africa/BraTS-Africa/95_Glioma/BraTS-SSA-00223-000/BraTS-SSA-00223-000-t1c.nii.gz,2692718,56918dd5f5c9895c348d3e1382f5bcf09cbbbb0e5c58e6562e395318edfb8664,aa60da0b8cc8cd41f85ca2523559e561,240x240x155,1x1x1,float32,,
africa,BraTS-SSA-00223,000,flair,BraTS-SSA-00223-000-t2f.nii.gz,external_brats_africa/PKG - BraTS-Africa/BraTS-Africa/95_Glioma/BraTS-SSA-00223-000/BraTS-SSA-00223-000-t2f.nii.gz,external_brats_africa.tar,external_brats_africa/PKG - BraTS-Africa/BraTS-Africa/95_Glioma/BraTS-SSA-00223-000/BraTS-SSA-00223-000-t2f.nii.gz,2967468,ead8ef210c7449bcf160f1e488574bee75363b0e5fd1f4978caaee0ee45fd834,a99ea2f09ddb34656a1f7a996d77b0e4,240x240x155,1x1x1,float32,,
africa,BraTS-SSA-00192,000,t1,BraTS-SSA-00192-000-t1n.nii.gz,external_brats_africa/PKG - BraTS-Africa/BraTS-Africa/95_Glioma/BraTS-SSA-00192-000/BraTS-SSA-00192-000-t1n.nii.gz,external_brats_africa.tar,external_brats_africa/PKG - BraTS-Africa/BraTS-Africa/95_Glioma/BraTS-SSA-00192-000/BraTS-SSA-00192-000-t1n.nii.gz,2255918,5c9e96cdf498b1cde052b8b7fa5ba4002a4567ca502a4f92cc88d64a0c742cf1,9654d76854483925420548ca84e3a748,240x240x155,1x1x1,float32,,
africa,BraTS-SSA-00192,000,t2,BraTS-SSA-00192-000-t2w.nii.gz,external_brats_africa/PKG - BraTS-Africa/BraTS-Africa/95_Glioma/BraTS-SSA-00192-000/BraTS-SSA-00192-000-t2w.nii.gz,external_brats_africa.tar,external_brats_africa/PKG - BraTS-Africa/BraTS-Africa/95_Glioma/BraTS-SSA-00192-000/BraTS-SSA-00192-000-t2w.nii.gz,2358130,8aa6978d0106fc03f79e4585e0ef532fe28961cbc1d631d0b448acf85cdebb4a,4d667ce75071986d35fb243c76e208f7,240x240x155,1x1x1,float32,,
africa,BraTS-SSA-00192,000,t1ce,BraTS-SSA-00192-000-t1c.nii.gz,external_brats_africa/PKG - BraTS-Africa/BraTS-Africa/95_Glioma/BraTS-SSA-00192-000/BraTS-SSA-00192-000-t1c.nii.gz,external_brats_africa.tar,external_brats_africa/PKG - BraTS-Africa/BraTS-Africa/95_Glioma/BraTS-SSA-00192-000/BraTS-SSA-00192-000-t1c.nii.gz,2273627,83dbaa0ef94e38402910371cde70536351433cb2b09336a12e9c4c0feb61b05c,864875054ab05849904c8c6f71aff298,240x240x155,1x1x1,float32,,
africa,BraTS-SSA-00192,000,flair,BraTS-SSA-00192-000-t2f.nii.gz,external_brats_africa/PKG - BraTS-Africa/BraTS-Africa/95_Glioma/BraTS-SSA-00192-000/BraTS-SSA-00192-000-t2f.nii.gz,external_brats_africa.tar,external_brats_africa/PKG - BraTS-Africa/BraTS-Africa/95_Glioma/BraTS-SSA-00192-000/BraTS-SSA-00192-000-t2f.nii.gz,2385434,023975dc45f7119e984fa8a3c35b37d41a256594454ea3cce34dcfb349fdea13,143ad29f7c0485d22a8dabb51e1b00cc,240x240x155,1x1x1,float32,,
africa,BraTS-SSA-00192,000,seg,BraTS-SSA-00192-000-seg.nii.gz,external_brats_africa/PKG - BraTS-Africa/BraTS-Africa/95_Glioma/BraTS-SSA-00192-000/BraTS-SSA-00192-000-seg.nii.gz,external_brats_africa.tar,external_brats_africa/PKG - BraTS-Africa/BraTS-Africa/95_Glioma/BraTS-SSA-00192-000/BraTS-SSA-00192-000-seg.nii.gz,55887,8278465365abd83b432401260f0ea4038ee24895d6d78a54dbade64aa9a1e8f2,e4db18109274a10f73d53a1e5e0ca692,240x240x155,1x1x1,float32,"0,1,2,3",
africa,BraTS-SSA-00092,000,t1,BraTS-SSA-00092-000-t1n.nii.gz,external_brats_africa/PKG - BraTS-Africa/BraTS-Africa/95_Glioma/BraTS-SSA-00092-000/BraTS-SSA-00092-000-t1n.nii.gz,external_brats_africa.tar,external_brats_africa/PKG - BraTS-Africa/BraTS-Africa/95_Glioma/BraTS-SSA-00092-000/BraTS-SSA-00092-000-t1n.nii.gz,6115469,75458543fdec14f10488f1cf32de614eea6b2b0fbd5a911eb0375f65e204e32e,36c3962df5ca3fced51b685d7b92ef9d,240x240x155,1x1x1,float32,,
africa,BraTS-SSA-00092,000,t2,BraTS-SSA-00092-000-t2w.nii.gz,external_brats_africa/PKG - BraTS-Africa/BraTS-Africa/95_Glioma/BraTS-SSA-00092-000/BraTS-SSA-00092-000-t2w.nii.gz,external_brats_africa.tar,external_brats_africa/PKG - BraTS-Africa/BraTS-Africa/95_Glioma/BraTS-SSA-00092-000/BraTS-SSA-00092-000-t2w.nii.gz,6044290,fd7f62183d54dba0bff22285694fc378bbf9368da95591b7e5f266daff79f05a,14cce1db785ebe26a92a19527d6728f5,240x240x155,1x1x1,float32,,
africa,BraTS-SSA-00092,000,flair,BraTS-SSA-00092-000-t2f.nii.gz,external_brats_africa/PKG - BraTS-Africa/BraTS-Africa/95_Glioma/BraTS-SSA-00092-000/BraTS-SSA-00092-000-t2f.nii.gz,external_brats_africa.tar,external_brats_africa/PKG - BraTS-Africa/BraTS-Africa/95_Glioma/BraTS-SSA-00092-000/BraTS-SSA-00092-000-t2f.nii.gz,6027399,8c5468529b159926917fa00b156351350a1a1b26ba2ac96bfc18c6560fa8fedc,d9cae7e5b1fa281cd81da1c90f30919d,240x240x155,1x1x1,float32,,
africa,BraTS-SSA-00092,000,seg,BraTS-SSA-00092-000-seg.nii.gz,external_brats_africa/PKG - BraTS-Africa/BraTS-Africa/95_Glioma/BraTS-SSA-00092-000/BraTS-SSA-00092-000-seg.nii.gz,external_brats_africa.tar,external_brats_africa/PKG - BraTS-Africa/BraTS-Africa/95_Glioma/BraTS-SSA-00092-000/BraTS-SSA-00092-000-seg.nii.gz,40215,2430b07e9bf82f288fa8ae86e70ed4923fb220008bbf0c0bf8332973dddbcbbb,6f344dae96c0166af8c6fd3e665e2940,240x240x155,1x1x1,float32,"0,1,2,3",
africa,BraTS-SSA-00092,000,t1ce,BraTS-SSA-00092-000-t1c.nii.gz,external_brats_africa/PKG - BraTS-Africa/BraTS-Africa/95_Glioma/BraTS-SSA-00092-000/BraTS-SSA-00092-000-t1c.nii.gz,external_brats_africa.tar,external_brats_africa/PKG - BraTS-Africa/BraTS-Africa/95_Glioma/BraTS-SSA-00092-000/BraTS-SSA-00092-000-t1c.nii.gz,6044151,80a212d0e56eb5538f647f62b9d6d9c5144b8da3093832f6bdb090eabe25b77d,a2b003c8df167c99aef50880e1a3f707,240x240x155,1x1x1,float32,,
africa,BraTS-SSA-00198,000,seg,BraTS-SSA-00198-000-seg.nii.gz,external_brats_africa/PKG - BraTS-Africa/BraTS-Africa/95_Glioma/BraTS-SSA-00198-000/BraTS-SSA-00198-000-seg.nii.gz,external_brats_africa.tar,external_brats_africa/PKG - BraTS-Africa/BraTS-Africa/95_Glioma/BraTS-SSA-00198-000/BraTS-SSA-00198-000-seg.nii.gz,79431,ed3e992d5b9f4ea1023c531912aec2d18d3577b33ce87b0c2673d3148336c2bb,2ad56f848ba4d8c317063c9e079d060e,240x240x155,1x1x1,float32,"0,1,2,3",
africa,BraTS-SSA-00198,000,t2,BraTS-SSA-00198-000-t2w.nii.gz,external_brats_africa/PKG - BraTS-Africa/BraTS-Africa/95_Glioma/BraTS-SSA-00198-000/BraTS-SSA-00198-000-t2w.nii.gz,external_brats_africa.tar,external_brats_africa/PKG - BraTS-Africa/BraTS-Africa/95_Glioma/BraTS-SSA-00198-000/BraTS-SSA-00198-000-t2w.nii.gz,2957921,5677a885c370d0a836e5d86c402b614b83d3c7f86570230d634e6841eef44967,44aeb41c53259e10b183a10ab6ed395e,240x240x155,1x1x1,float32,,
africa,BraTS-SSA-00198,000,flair,BraTS-SSA-00198-000-t2f.nii.gz,external_brats_africa/PKG - BraTS-Africa/BraTS-Africa/95_Glioma/BraTS-SSA-00198-000/BraTS-SSA-00198-000-t2f.nii.gz,external_brats_africa.tar,external_brats_africa/PKG - BraTS-Africa/BraTS-Africa/95_Glioma/BraTS-SSA-00198-000/BraTS-SSA-00198-000-t2f.nii.gz,3064495,33ba67b3e4d201a3dd5f44eaf0de0d1760351b6cfff4d92d7907d6e4f8278657,c1d4aa267c22636959c4dd7eda7bc110,240x240x155,1x1x1,float32,,
africa,BraTS-SSA-00198,000,t1,BraTS-SSA-00198-000-t1n.nii.gz,external_brats_africa/PKG - BraTS-Africa/BraTS-Africa/95_Glioma/BraTS-SSA-00198-000/BraTS-SSA-00198-000-t1n.nii.gz,external_brats_africa.tar,external_brats_africa/PKG - BraTS-Africa/BraTS-Africa/95_Glioma/BraTS-SSA-00198-000/BraTS-SSA-00198-000-t1n.nii.gz,2893542,6ead25d2898af58c2ed6fdc51118666551ecbad27f6dfd381d00372302b8dda2,a57e657af338dcb15fb12a0564706dd1,240x240x155,1x1x1,float32,,
africa,BraTS-SSA-00198,000,t1ce,BraTS-SSA-00198-000-t1c.nii.gz,external_brats_africa/PKG - BraTS-Africa/BraTS-Africa/95_Glioma/BraTS-SSA-00198-000/BraTS-SSA-00198-000-t1c.nii.gz,external_brats_africa.tar,external_brats_africa/PKG - BraTS-Africa/BraTS-Africa/95_Glioma/BraTS-SSA-00198-000/BraTS-SSA-00198-000-t1c.nii.gz,2813203,512ee2aa6e5315484d417d9b1573fb98f64247cc90649d399b1bc6358479c111,44e896341e18e987cb06acf6318ccf09,240x240x155,1x1x1,float32,,
africa,,,metadata,BraTS-Africa_TCIA_datainfo_v2.xlsx,,,external_brats_africa/BraTS-Africa_TCIA_datainfo_v2.xlsx,16601,74ac283bb03c8c867e3671ef6429cbb5577082e14817354270eff2d5d74645eb,fb5db4051d8808150878db9789a342f1,,,,,
