cohort,subject_id,timepoint_raw,scan,file_name,path_in_archive,archive,extracted_path,size_bytes,sha256,md5,image_shape,spacing_mm,data_type,label_values,error,source_checksum
rhuh,RHUH-0040,0,flair,RHUH-0040_0_flair.nii.gz,longitudinal_rhuh_gbm/PKG - RHUH-GBM-nii-v1/RHUH-GBM_nii_v1/RHUH-0040/0/RHUH-0040_0_flair.nii.gz,longitudinal_rhuh_gbm.tar,longitudinal_rhuh_gbm/PKG - RHUH-GBM-nii-v1/RHUH-GBM_nii_v1/RHUH-0040/0/RHUH-0040_0_flair.nii.gz,6410442,cd08aa0fd577cd046aa9b59b28b4a9e50e1a6ed2df121213a8ea0e70135fd761,ba5c488fcc03c4fe99d8cdace65a6b67,240x240x155,1x1x1,float32,,,match
rhuh,RHUH-0040,0,t1ce,RHUH-0040_0_t1ce.nii.gz,longitudinal_rhuh_gbm/PKG - RHUH-GBM-nii-v1/RHUH-GBM_nii_v1/RHUH-0040/0/RHUH-0040_0_t1ce.nii.gz,longitudinal_rhuh_gbm.tar,longitudinal_rhuh_gbm/PKG - RHUH-GBM-nii-v1/RHUH-GBM_nii_v1/RHUH-0040/0/RHUH-0040_0_t1ce.nii.gz,6419238,a866679f850af01bc9e5585517b006b259f456e78298f938a0a1bcd711b40433,f1bc0891e7f2053bd1ace165972c5d32,240x240x155,1x1x1,float32,,,match
rhuh,RHUH-0040,0,t2,RHUH-0040_0_t2.nii.gz,longitudinal_rhuh_gbm/PKG - RHUH-GBM-nii-v1/RHUH-GBM_nii_v1/RHUH-0040/0/RHUH-0040_0_t2.nii.gz,longitudinal_rhuh_gbm.tar,longitudinal_rhuh_gbm/PKG - RHUH-GBM-nii-v1/RHUH-GBM_nii_v1/RHUH-0040/0/RHUH-0040_0_t2.nii.gz,6369901,0b05c83d6cd3b0275721ae6aaf7d0b5a6a6f3c29cd08c7af5524c77850cdf500,d6a8667b8f55d1ffd8cef0e3b47790f5,240x240x155,1x1x1,float32,,,match
rhuh,RHUH-0040,0,seg,RHUH-0040_0_segmentations.nii.gz,longitudinal_rhuh_gbm/PKG - RHUH-GBM-nii-v1/RHUH-GBM_nii_v1/RHUH-0040/0/RHUH-0040_0_segmentations.nii.gz,longitudinal_rhuh_gbm.tar,longitudinal_rhuh_gbm/PKG - RHUH-GBM-nii-v1/RHUH-GBM_nii_v1/RHUH-0040/0/RHUH-0040_0_segmentations.nii.gz,26584,b31c53d1ead659b727f262a291b4e4b116b665f2b19eb549383af117dab1e4bc,d5a04f0f2169c682085ec677c4ba1013,240x240x155,1x1x1,uint16,"0,1,2,3",,match
rhuh,RHUH-0040,0,t1,RHUH-0040_0_t1.nii.gz,longitudinal_rhuh_gbm/PKG - RHUH-GBM-nii-v1/RHUH-GBM_nii_v1/RHUH-0040/0/RHUH-0040_0_t1.nii.gz,longitudinal_rhuh_gbm.tar,longitudinal_rhuh_gbm/PKG - RHUH-GBM-nii-v1/RHUH-GBM_nii_v1/RHUH-0040/0/RHUH-0040_0_t1.nii.gz,6384410,c555d96642c6a84e54524301b05c36551a6d717a1103eec5b31b4ac668181014,2f4207fab4b03c875df75e29dfe28540,240x240x155,1x1x1,float32,,,match
rhuh,RHUH-0040,0,adc,RHUH-0040_0_adc.nii.gz,longitudinal_rhuh_gbm/PKG - RHUH-GBM-nii-v1/RHUH-GBM_nii_v1/RHUH-0040/0/RHUH-0040_0_adc.nii.gz,longitudinal_rhuh_gbm.tar,longitudinal_rhuh_gbm/PKG - RHUH-GBM-nii-v1/RHUH-GBM_nii_v1/RHUH-0040/0/RHUH-0040_0_adc.nii.gz,2994647,2bffef5da9a98bb9dc0fd855c2e1428220155f205c2281d3ac381fd863ceeadb,61fe49d0952c56807d12117ffffa15ef,240x240x155,1x1x1,int16,,,match
rhuh,RHUH-0040,1,t1ce,RHUH-0040_1_t1ce.nii.gz,longitudinal_rhuh_gbm/PKG - RHUH-GBM-nii-v1/RHUH-GBM_nii_v1/RHUH-0040/1/RHUH-0040_1_t1ce.nii.gz,longitudinal_rhuh_gbm.tar,longitudinal_rhuh_gbm/PKG - RHUH-GBM-nii-v1/RHUH-GBM_nii_v1/RHUH-0040/1/RHUH-0040_1_t1ce.nii.gz,6322745,60346901a6e7310e6d4f576501e2f426cada755b2f44b2e020b1cfd259c62c69,9591ac9e0dbde9f9ba359cf837b49e2b,240x240x155,1x1x1,float32,,,match
rhuh,RHUH-0040,1,t2,RHUH-0040_1_t2.nii.gz,longitudinal_rhuh_gbm/PKG - RHUH-GBM-nii-v1/RHUH-GBM_nii_v1/RHUH-0040/1/RHUH-0040_1_t2.nii.gz,longitudinal_rhuh_gbm.tar,longitudinal_rhuh_gbm/PKG - RHUH-GBM-nii-v1/RHUH-GBM_nii_v1/RHUH-0040/1/RHUH-0040_1_t2.nii.gz,6295633,41113318b3cf854f3f85b353131eb7c5b8e91db38e7590efadb7221c24e96309,de3497bbb4ebb7ecc5b64e26e81f3176,240x240x155,1x1x1,float32,,,match
rhuh,RHUH-0040,1,t1,RHUH-0040_1_t1.nii.gz,longitudinal_rhuh_gbm/PKG - RHUH-GBM-nii-v1/RHUH-GBM_nii_v1/RHUH-0040/1/RHUH-0040_1_t1.nii.gz,longitudinal_rhuh_gbm.tar,longitudinal_rhuh_gbm/PKG - RHUH-GBM-nii-v1/RHUH-GBM_nii_v1/RHUH-0040/1/RHUH-0040_1_t1.nii.gz,6294375,8307ee10a188228e62c03f69a58812c3e254fb505e89fec235b624b63e31a36e,eb4444be9b5a5350e59327713e22df61,240x240x155,1x1x1,float32,,,match
rhuh,RHUH-0040,1,flair,RHUH-0040_1_flair.nii.gz,longitudinal_rhuh_gbm/PKG - RHUH-GBM-nii-v1/RHUH-GBM_nii_v1/RHUH-0040/1/RHUH-0040_1_flair.nii.gz,longitudinal_rhuh_gbm.tar,longitudinal_rhuh_gbm/PKG - RHUH-GBM-nii-v1/RHUH-GBM_nii_v1/RHUH-0040/1/RHUH-0040_1_flair.nii.gz,6366796,40755bd30cc0f29e6e74107cb2c5fcbefb9120ff3514a3fb25f0fd366c26a534,888dae1f1b3069ee2d079c2ec2bbf3ad,240x240x155,1x1x1,float32,,,match
rhuh,RHUH-0040,1,adc,RHUH-0040_1_adc.nii.gz,longitudinal_rhuh_gbm/PKG - RHUH-GBM-nii-v1/RHUH-GBM_nii_v1/RHUH-0040/1/RHUH-0040_1_adc.nii.gz,longitudinal_rhuh_gbm.tar,longitudinal_rhuh_gbm/PKG - RHUH-GBM-nii-v1/RHUH-GBM_nii_v1/RHUH-0040/1/RHUH-0040_1_adc.nii.gz,2912651,8ef9865d320c497b032f3cde43576605741a63971110a99f8f28c03cdc9de528,1a61a41b1241038c9f342bf7baab9914,240x240x155,1x1x1,int16,,,match
rhuh,RHUH-0040,1,seg,RHUH-0040_1_segmentations.nii.gz,longitudinal_rhuh_gbm/PKG - RHUH-GBM-nii-v1/RHUH-GBM_nii_v1/RHUH-0040/1/RHUH-0040_1_segmentations.nii.gz,longitudinal_rhuh_gbm.tar,longitudinal_rhuh_gbm/PKG - RHUH-GBM-nii-v1/RHUH-GBM_nii_v1/RHUH-0040/1/RHUH-0040_1_segmentations.nii.gz,24795,d9449ccfeaf3d5586306cc28b429f976071fb725417ead014cfe4d6d977848ef,4a0a8fa3298cc8e9123b9fdbc3b359f6,240x240x155,1x1x1,uint16,"0,2",,match
rhuh,RHUH-0040,2,seg,RHUH-0040_2_segmentations.nii.gz,longitudinal_rhuh_gbm/PKG - RHUH-GBM-nii-v1/RHUH-GBM_nii_v1/RHUH-0040/2/RHUH-0040_2_segmentations.nii.gz,longitudinal_rhuh_gbm.tar,longitudinal_rhuh_gbm/PKG - RHUH-GBM-nii-v1/RHUH-GBM_nii_v1/RHUH-0040/2/RHUH-0040_2_segmentations.nii.gz,30775,dfe2989440c5cc8cf720935245f735ec465426ef792bcf1e76e9f8d284f18ac7,c449f45cf7e4b1ff85a7456176d0cf7e,240x240x155,1x1x1,uint16,"0,1,2,3",,match
rhuh,RHUH-0040,2,t1,RHUH-0040_2_t1.nii.gz,longitudinal_rhuh_gbm/PKG - RHUH-GBM-nii-v1/RHUH-GBM_nii_v1/RHUH-0040/2/RHUH-0040_2_t1.nii.gz,longitudinal_rhuh_gbm.tar,longitudinal_rhuh_gbm/PKG - RHUH-GBM-nii-v1/RHUH-GBM_nii_v1/RHUH-0040/2/RHUH-0040_2_t1.nii.gz,6082566,dc98f4ffbcdc89ce9c7a30a1b818a5f4c72288167798de2aa0afc1169a7ff80e,6f618ecfd1e2cc4fb4329cbcd43e9d86,240x240x155,1x1x1,float32,,,match
rhuh,RHUH-0040,2,t1ce,RHUH-0040_2_t1ce.nii.gz,longitudinal_rhuh_gbm/PKG - RHUH-GBM-nii-v1/RHUH-GBM_nii_v1/RHUH-0040/2/RHUH-0040_2_t1ce.nii.gz,longitudinal_rhuh_gbm.tar,longitudinal_rhuh_gbm/PKG - RHUH-GBM-nii-v1/RHUH-GBM_nii_v1/RHUH-0040/2/RHUH-0040_2_t1ce.nii.gz,6135235,85171853a4ccf70d31151f3dea429fb3a05c6bd5c739eabe98a76e96e9a419d4,74106c4dc70bbf0735288a27eb549ad9,240x240x155,1x1x1,float32,,,match
rhuh,RHUH-0040,2,adc,RHUH-0040_2_adc.nii.gz,longitudinal_rhuh_gbm/PKG - RHUH-GBM-nii-v1/RHUH-GBM_nii_v1/RHUH-0040/2/RHUH-0040_2_adc.nii.gz,longitudinal_rhuh_gbm.tar,longitudinal_rhuh_gbm/PKG - RHUH-GBM-nii-v1/RHUH-GBM_nii_v1/RHUH-0040/2/RHUH-0040_2_adc.nii.gz,7928908,5583be0d7f2c3f87b397167fb8ec8691df12ff2d40d965bc03bbe1203a114d01,c25edd3b40fad55ead613aed9f8e66fd,240x240x155,1x1x1,float64,,,match
rhuh,RHUH-0040,2,flair,RHUH-0040_2_flair.nii.gz,longitudinal_rhuh_gbm/PKG - RHUH-GBM-nii-v1/RHUH-GBM_nii_v1/RHUH-0040/2/RHUH-0040_2_flair.nii.gz,longitudinal_rhuh_gbm.tar,longitudinal_rhuh_gbm/PKG - RHUH-GBM-nii-v1/RHUH-GBM_nii_v1/RHUH-0040/2/RHUH-0040_2_flair.nii.gz,6160951,db3c96bc8d17b87a677503d05946ad99a75995116c63f3e7f1bd1e88815bb036,8c7fa2c61d88b899cdbe87455109bf83,240x240x155,1x1x1,float32,,,match
rhuh,RHUH-0040,2,t2,RHUH-0040_2_t2.nii.gz,longitudinal_rhuh_gbm/PKG - RHUH-GBM-nii-v1/RHUH-GBM_nii_v1/RHUH-0040/2/RHUH-0040_2_t2.nii.gz,longitudinal_rhuh_gbm.tar,longitudinal_rhuh_gbm/PKG - RHUH-GBM-nii-v1/RHUH-GBM_nii_v1/RHUH-0040/2/RHUH-0040_2_t2.nii.gz,6093139,9d9b9963bf102780ba6c3d37c1c840dce6462437925f52154cac76499549357a,774e6db94f21f59874f871559d4a6c6f,240x240x155,1x1x1,float32,,,match
rhuh,RHUH-0034,0,adc,RHUH-0034_0_adc.nii.gz,longitudinal_rhuh_gbm/PKG - RHUH-GBM-nii-v1/RHUH-GBM_nii_v1/RHUH-0034/0/RHUH-0034_0_adc.nii.gz,longitudinal_rhuh_gbm.tar,longitudinal_rhuh_gbm/PKG - RHUH-GBM-nii-v1/RHUH-GBM_nii_v1/RHUH-0034/0/RHUH-0034_0_adc.nii.gz,2827143,4d9ed54a3ffc8ff1db120c5b4bfd12cad66e31cb1323235174ed82381e0d9d08,cca1e4175922bf27a382854075f93d3b,240x240x155,1x1x1,int16,,,match
rhuh,RHUH-0034,0,flair,RHUH-0034_0_flair.nii.gz,longitudinal_rhuh_gbm/PKG - RHUH-GBM-nii-v1/RHUH-GBM_nii_v1/RHUH-0034/0/RHUH-0034_0_flair.nii.gz,longitudinal_rhuh_gbm.tar,longitudinal_rhuh_gbm/PKG - RHUH-GBM-nii-v1/RHUH-GBM_nii_v1/RHUH-0034/0/RHUH-0034_0_flair.nii.gz,5811361,095cc6b6d541dd260574e5838539a647999b50b56094fec9e6252399ee365bc6,9cf5523c94d153890693ec8c5aad22d9,240x240x155,1x1x1,float32,,,match
rhuh,RHUH-0034,0,t1ce,RHUH-0034_0_t1ce.nii.gz,longitudinal_rhuh_gbm/PKG - RHUH-GBM-nii-v1/RHUH-GBM_nii_v1/RHUH-0034/0/RHUH-0034_0_t1ce.nii.gz,longitudinal_rhuh_gbm.tar,longitudinal_rhuh_gbm/PKG - RHUH-GBM-nii-v1/RHUH-GBM_nii_v1/RHUH-0034/0/RHUH-0034_0_t1ce.nii.gz,5803491,98a94abec46d3350e52167c3134cf60b05bf5ed2c9d673bda098875cc2b63751,8268e9280ada9de7bf461aba950e6cf7,240x240x155,1x1x1,float32,,,match
rhuh,RHUH-0034,0,seg,RHUH-0034_0_segmentations.nii.gz,longitudinal_rhuh_gbm/PKG - RHUH-GBM-nii-v1/RHUH-GBM_nii_v1/RHUH-0034/0/RHUH-0034_0_segmentations.nii.gz,longitudinal_rhuh_gbm.tar,longitudinal_rhuh_gbm/PKG - RHUH-GBM-nii-v1/RHUH-GBM_nii_v1/RHUH-0034/0/RHUH-0034_0_segmentations.nii.gz,30398,8f6f2d422da12b4aaaa7e05760040893fc23b776e38fa66ec557b925d39492d0,ba6155ffafad3e9e65868ef71942f5b1,240x240x155,1x1x1,uint16,"0,1,2,3",,match
rhuh,RHUH-0034,0,t2,RHUH-0034_0_t2.nii.gz,longitudinal_rhuh_gbm/PKG - RHUH-GBM-nii-v1/RHUH-GBM_nii_v1/RHUH-0034/0/RHUH-0034_0_t2.nii.gz,longitudinal_rhuh_gbm.tar,longitudinal_rhuh_gbm/PKG - RHUH-GBM-nii-v1/RHUH-GBM_nii_v1/RHUH-0034/0/RHUH-0034_0_t2.nii.gz,5807976,0456d07f000894fd78424241cd728a0d803077076b00e832049c7696ae8071b7,63920d0bfcd60b9c3e7952fbda460215,240x240x155,1x1x1,float32,,,match
rhuh,RHUH-0034,0,t1,RHUH-0034_0_t1.nii.gz,longitudinal_rhuh_gbm/PKG - RHUH-GBM-nii-v1/RHUH-GBM_nii_v1/RHUH-0034/0/RHUH-0034_0_t1.nii.gz,longitudinal_rhuh_gbm.tar,longitudinal_rhuh_gbm/PKG - RHUH-GBM-nii-v1/RHUH-GBM_nii_v1/RHUH-0034/0/RHUH-0034_0_t1.nii.gz,5783992,73b929260c17178c43830ac7273579606d25d3ef4a6388eb24760b5c88eb0259,282e8e22e0f5379d37cb6e5a7c60b610,240x240x155,1x1x1,float32,,,match
rhuh,RHUH-0034,1,t1ce,RHUH-0034_1_t1ce.nii.gz,longitudinal_rhuh_gbm/PKG - RHUH-GBM-nii-v1/RHUH-GBM_nii_v1/RHUH-0034/1/RHUH-0034_1_t1ce.nii.gz,longitudinal_rhuh_gbm.tar,longitudinal_rhuh_gbm/PKG - RHUH-GBM-nii-v1/RHUH-GBM_nii_v1/RHUH-0034/1/RHUH-0034_1_t1ce.nii.gz,6090780,a89f98e750ee8b8e224713c848dcb10f217b805dd500657000ae40289d69a5cc,ca12460dbe4f760c5b0816ce39c4ee60,240x240x155,1x1x1,float32,,,match
rhuh,RHUH-0034,1,flair,RHUH-0034_1_flair.nii.gz,longitudinal_rhuh_gbm/PKG - RHUH-GBM-nii-v1/RHUH-GBM_nii_v1/RHUH-0034/1/RHUH-0034_1_flair.nii.gz,longitudinal_rhuh_gbm.tar,longitudinal_rhuh_gbm/PKG - RHUH-GBM-nii-v1/RHUH-GBM_nii_v1/RHUH-0034/1/RHUH-0034_1_flair.nii.gz,6089652,0f818f9378031bd69d043de73296cb48fba1ad61976eb56fbc7bee06b831d5dd,36fe7400d0848e30768930261cbe0fab,240x240x155,1x1x1,float32,,,match
rhuh,RHUH-0034,1,t1,RHUH-0034_1_t1.nii.gz,longitudinal_rhuh_gbm/PKG - RHUH-GBM-nii-v1/RHUH-GBM_nii_v1/RHUH-0034/1/RHUH-0034_1_t1.nii.gz,longitudinal_rhuh_gbm.tar,longitudinal_rhuh_gbm/PKG - RHUH-GBM-nii-v1/RHUH-GBM_nii_v1/RHUH-0034/1/RHUH-0034_1_t1.nii.gz,6105435,9cdf52786e43e7ad37a6a18e307974965aa5c739f5e4b055dc2087d839159df5,76370314e278b1bb29fa28269231627f,240x240x155,1x1x1,float32,,,match
rhuh,RHUH-0034,1,t2,RHUH-0034_1_t2.nii.gz,longitudinal_rhuh_gbm/PKG - RHUH-GBM-nii-v1/RHUH-GBM_nii_v1/RHUH-0034/1/RHUH-0034_1_t2.nii.gz,longitudinal_rhuh_gbm.tar,longitudinal_rhuh_gbm/PKG - RHUH-GBM-nii-v1/RHUH-GBM_nii_v1/RHUH-0034/1/RHUH-0034_1_t2.nii.gz,5953774,8e75f155d8b68283287101d14fb8061b9dd93ea91e80ef988b40791bde77c8a1,284891f1cd613dbab331aa92ad043336,240x240x155,1x1x1,float32,,,match
rhuh,RHUH-0034,1,adc,RHUH-0034_1_adc.nii.gz,longitudinal_rhuh_gbm/PKG - RHUH-GBM-nii-v1/RHUH-GBM_nii_v1/RHUH-0034/1/RHUH-0034_1_adc.nii.gz,longitudinal_rhuh_gbm.tar,longitudinal_rhuh_gbm/PKG - RHUH-GBM-nii-v1/RHUH-GBM_nii_v1/RHUH-0034/1/RHUH-0034_1_adc.nii.gz,2838492,014abe897872e4e5c8b69495c2d2f9481bdd9568a9d9ab8da7ae539eabf57af3,15c925d88b4525c3fe83e148f480aeb7,240x240x155,1x1x1,int16,,,match
rhuh,RHUH-0034,1,seg,RHUH-0034_1_segmentations.nii.gz,longitudinal_rhuh_gbm/PKG - RHUH-GBM-nii-v1/RHUH-GBM_nii_v1/RHUH-0034/1/RHUH-0034_1_segmentations.nii.gz,longitudinal_rhuh_gbm.tar,longitudinal_rhuh_gbm/PKG - RHUH-GBM-nii-v1/RHUH-GBM_nii_v1/RHUH-0034/1/RHUH-0034_1_segmentations.nii.gz,24807,d23cdcf191a4c0b4296403669f358fb3084481ac5d56baf3e9329656f9239ac6,61852d79d2a036003c72cbefc79cdc9c,240x240x155,1x1x1,uint16,"0,2",,match
rhuh,RHUH-0034,2,adc,RHUH-0034_2_adc.nii.gz,longitudinal_rhuh_gbm/PKG - RHUH-GBM-nii-v1/RHUH-GBM_nii_v1/RHUH-0034/2/RHUH-0034_2_adc.nii.gz,longitudinal_rhuh_gbm.tar,longitudinal_rhuh_gbm/PKG - RHUH-GBM-nii-v1/RHUH-GBM_nii_v1/RHUH-0034/2/RHUH-0034_2_adc.nii.gz,3034312,320b9b099b437ff7741c78f0fe25f83a5074960c1aebd11d244cddd2e2061559,af918208fa28af3eb9ae16e93dea2e39,240x240x155,1x1x1,int16,,,match
rhuh,RHUH-0034,2,flair,RHUH-0034_2_flair.nii.gz,longitudinal_rhuh_gbm/PKG - RHUH-GBM-nii-v1/RHUH-GBM_nii_v1/RHUH-0034/2/RHUH-0034_2_flair.nii.gz,longitudinal_rhuh_gbm.tar,longitudinal_rhuh_gbm/PKG - RHUH-GBM-nii-v1/RHUH-GBM_nii_v1/RHUH-0034/2/RHUH-0034_2_flair.nii.gz,6211403,bd142e49a5e6c440a48aec94173f9dc18631584fef0507f7433945a7a4fff478,22cbaf20914130d8904cb14c9f6d26b6,240x240x155,1x1x1,float32,,,match
rhuh,RHUH-0034,2,t2,RHUH-0034_2_t2.nii.gz,longitudinal_rhuh_gbm/PKG - RHUH-GBM-nii-v1/RHUH-GBM_nii_v1/RHUH-0034/2/RHUH-0034_2_t2.nii.gz,longitudinal_rhuh_gbm.tar,longitudinal_rhuh_gbm/PKG - RHUH-GBM-nii-v1/RHUH-GBM_nii_v1/RHUH-0034/2/RHUH-0034_2_t2.nii.gz,6181262,7b7e55387d62f75cb211aee046b1cc2a125eb2d5394e1916db82f007a6957d52,acd97b2c9bae1f4deefaa4f6bc9b1f94,240x240x155,1x1x1,float32,,,match
rhuh,RHUH-0034,2,seg,RHUH-0034_2_segmentations.nii.gz,longitudinal_rhuh_gbm/PKG - RHUH-GBM-nii-v1/RHUH-GBM_nii_v1/RHUH-0034/2/RHUH-0034_2_segmentations.nii.gz,longitudinal_rhuh_gbm.tar,longitudinal_rhuh_gbm/PKG - RHUH-GBM-nii-v1/RHUH-GBM_nii_v1/RHUH-0034/2/RHUH-0034_2_segmentations.nii.gz,37580,e08786af44065edf962bbe7c07332c48a2d361b6bbd0e86b217aa2dd2ac82aba,ff05b9e8fe67d9040a0de125ed100f8a,240x240x155,1x1x1,uint16,"0,1,2,3",,match
rhuh,RHUH-0034,2,t1,RHUH-0034_2_t1.nii.gz,longitudinal_rhuh_gbm/PKG - RHUH-GBM-nii-v1/RHUH-GBM_nii_v1/RHUH-0034/2/RHUH-0034_2_t1.nii.gz,longitudinal_rhuh_gbm.tar,longitudinal_rhuh_gbm/PKG - RHUH-GBM-nii-v1/RHUH-GBM_nii_v1/RHUH-0034/2/RHUH-0034_2_t1.nii.gz,6155118,07271716fa2845248c494d59723dcc26f88d159d9ec0030eac3bffc8c6784bec,8c16f0b6a90a6b9e52b39ff90308e9b5,240x240x155,1x1x1,float32,,,match
rhuh,RHUH-0034,2,t1ce,RHUH-0034_2_t1ce.nii.gz,longitudinal_rhuh_gbm/PKG - RHUH-GBM-nii-v1/RHUH-GBM_nii_v1/RHUH-0034/2/RHUH-0034_2_t1ce.nii.gz,longitudinal_rhuh_gbm.tar,longitudinal_rhuh_gbm/PKG - RHUH-GBM-nii-v1/RHUH-GBM_nii_v1/RHUH-0034/2/RHUH-0034_2_t1ce.nii.gz,6139239,f6f8d290bf18e06f06d527f6560272864e6711415dd02f1d04232dac322124dd,9d312340d842eddc0a45ee3ea272111b,240x240x155,1x1x1,float32,,,match
rhuh,RHUH-0031,0,seg,RHUH-0031_0_segmentations.nii.gz,longitudinal_rhuh_gbm/PKG - RHUH-GBM-nii-v1/RHUH-GBM_nii_v1/RHUH-0031/0/RHUH-0031_0_segmentations.nii.gz,longitudinal_rhuh_gbm.tar,longitudinal_rhuh_gbm/PKG - RHUH-GBM-nii-v1/RHUH-GBM_nii_v1/RHUH-0031/0/RHUH-0031_0_segmentations.nii.gz,25916,2e5d615ef8bda9806d02397290a04dbb932675743f2a038e1295b16e35a9d8f2,3ff05b63cbf8480a9e797cd8457883e2,240x240x155,1x1x1,uint16,"0,1,2,3",,match
rhuh,RHUH-0031,0,t1ce,RHUH-0031_0_t1ce.nii.gz,longitudinal_rhuh_gbm/PKG - RHUH-GBM-nii-v1/RHUH-GBM_nii_v1/RHUH-0031/0/RHUH-0031_0_t1ce.nii.gz,longitudinal_rhuh_gbm.tar,longitudinal_rhuh_gbm/PKG - RHUH-GBM-nii-v1/RHUH-GBM_nii_v1/RHUH-0031/0/RHUH-0031_0_t1ce.nii.gz,4558670,e27f2210907cf0245dff332aaead1dbbafad2fd8cbc8533d31669369a38fc2d4,0db216c9137886b1b0aa2f2226fefe43,240x240x155,1x1x1,float32,,,match
rhuh,RHUH-0031,0,t2,RHUH-0031_0_t2.nii.gz,longitudinal_rhuh_gbm/PKG - RHUH-GBM-nii-v1/RHUH-GBM_nii_v1/RHUH-0031/0/RHUH-0031_0_t2.nii.gz,longitudinal_rhuh_gbm.tar,longitudinal_rhuh_gbm/PKG - RHUH-GBM-nii-v1/RHUH-GBM_nii_v1/RHUH-0031/0/RHUH-0031_0_t2.nii.gz,4537580,5ce0540bca91993c6feab27738dd095319a558262409cd40c0f4f81a8f8369f8,197cad7c6346ab4f00e97484d1e819c0,240x240x155,1x1x1,float32,,,match
rhuh,RHUH-0031,0,flair,RHUH-0031_0_flair.nii.gz,longitudinal_rhuh_gbm/PKG - RHUH-GBM-nii-v1/RHUH-GBM_nii_v1/RHUH-0031/0/RHUH-0031_0_flair.nii.gz,longitudinal_rhuh_gbm.tar,longitudinal_rhuh_gbm/PKG - RHUH-GBM-nii-v1/RHUH-GBM_nii_v1/RHUH-0031/0/RHUH-0031_0_flair.nii.gz,4554347,61431abedde658de6e9c0c27743f814e54def66c9f7b83ef92714f3272d8740a,aacc310702f0679f8ffc03a573822892,240x240x155,1x1x1,float32,,,match
rhuh,RHUH-0031,0,t1,RHUH-0031_0_t1.nii.gz,longitudinal_rhuh_gbm/PKG - RHUH-GBM-nii-v1/RHUH-GBM_nii_v1/RHUH-0031/0/RHUH-0031_0_t1.nii.gz,longitudinal_rhuh_gbm.tar,longitudinal_rhuh_gbm/PKG - RHUH-GBM-nii-v1/RHUH-GBM_nii_v1/RHUH-0031/0/RHUH-0031_0_t1.nii.gz,4528820,a71f5e459c3ef9a0e7cd7627021faa32b8623a8f5e7fdc782a993427cfaab112,f236904050c7448a56591e40308b7838,240x240x155,1x1x1,float32,,,match
rhuh,RHUH-0031,0,adc,RHUH-0031_0_adc.nii.gz,longitudinal_rhuh_gbm/PKG - RHUH-GBM-nii-v1/RHUH-GBM_nii_v1/RHUH-0031/0/RHUH-0031_0_adc.nii.gz,longitudinal_rhuh_gbm.tar,longitudinal_rhuh_gbm/PKG - RHUH-GBM-nii-v1/RHUH-GBM_nii_v1/RHUH-0031/0/RHUH-0031_0_adc.nii.gz,2162190,419ea7b231ed986b0855488f4e494fa454d0c411c81cd1be8c93115b07cabe60,e067f8deb8725ac3db086511e2e131c0,240x240x155,1x1x1,int16,,,match
rhuh,RHUH-0031,1,t1ce,RHUH-0031_1_t1ce.nii.gz,longitudinal_rhuh_gbm/PKG - RHUH-GBM-nii-v1/RHUH-GBM_nii_v1/RHUH-0031/1/RHUH-0031_1_t1ce.nii.gz,longitudinal_rhuh_gbm.tar,longitudinal_rhuh_gbm/PKG - RHUH-GBM-nii-v1/RHUH-GBM_nii_v1/RHUH-0031/1/RHUH-0031_1_t1ce.nii.gz,4818267,871db0fbedf879e88d1d0b2b7ac82fb29c74cc70c797ff373b76cabe6a228b7d,c83a09441fb618f4e93aa6eb68432c66,240x240x155,1x1x1,float32,,,match
rhuh,RHUH-0031,1,adc,RHUH-0031_1_adc.nii.gz,longitudinal_rhuh_gbm/PKG - RHUH-GBM-nii-v1/RHUH-GBM_nii_v1/RHUH-0031/1/RHUH-0031_1_adc.nii.gz,longitudinal_rhuh_gbm.tar,longitudinal_rhuh_gbm/PKG - RHUH-GBM-nii-v1/RHUH-GBM_nii_v1/RHUH-0031/1/RHUH-0031_1_adc.nii.gz,2444590,ecd0ab9174cc138987fe6e3304b8b47a8ad0522f47cea369deb0e95f5bb3730c,7c0230900a2e5d494f8646633460a713,240x240x155,1x1x1,int16,,,match
rhuh,RHUH-0031,1,t2,RHUH-0031_1_t2.nii.gz,longitudinal_rhuh_gbm/PKG - RHUH-GBM-nii-v1/RHUH-GBM_nii_v1/RHUH-0031/1/RHUH-0031_1_t2.nii.gz,longitudinal_rhuh_gbm.tar,longitudinal_rhuh_gbm/PKG - RHUH-GBM-nii-v1/RHUH-GBM_nii_v1/RHUH-0031/1/RHUH-0031_1_t2.nii.gz,4757015,656050ea625b605103c73ea6b678cef3a4905ef66530c986d23edf223cf7bf65,5ebd97d81bbf8fbd8847ae642424a550,240x240x155,1x1x1,float32,,,match
rhuh,RHUH-0031,1,seg,RHUH-0031_1_segmentations.nii.gz,longitudinal_rhuh_gbm/PKG - RHUH-GBM-nii-v1/RHUH-GBM_nii_v1/RHUH-0031/1/RHUH-0031_1_segmentations.nii.gz,longitudinal_rhuh_gbm.tar,longitudinal_rhuh_gbm/PKG - RHUH-GBM-nii-v1/RHUH-GBM_nii_v1/RHUH-0031/1/RHUH-0031_1_segmentations.nii.gz,20956,c972e8f5cb74fb549774a068a57c706a2533529bbf8b9ae28e349f237b8bdcd5,00d5c00341862ce5b0e3eadd4d037b8a,240x240x155,1x1x1,uint16,"0,2,3",,match
rhuh,RHUH-0031,1,flair,RHUH-0031_1_flair.nii.gz,longitudinal_rhuh_gbm/PKG - RHUH-GBM-nii-v1/RHUH-GBM_nii_v1/RHUH-0031/1/RHUH-0031_1_flair.nii.gz,longitudinal_rhuh_gbm.tar,longitudinal_rhuh_gbm/PKG - RHUH-GBM-nii-v1/RHUH-GBM_nii_v1/RHUH-0031/1/RHUH-0031_1_flair.nii.gz,4818298,afb788f1a7b94136a3fa033733ea1134521ed079e161b110388a758ca2f9ee49,e2acf46348e0ba03b08201c9780283d8,240x240x155,1x1x1,float32,,,match
rhuh,RHUH-0031,1,t1,RHUH-0031_1_t1.nii.gz,longitudinal_rhuh_gbm/PKG - RHUH-GBM-nii-v1/RHUH-GBM_nii_v1/RHUH-0031/1/RHUH-0031_1_t1.nii.gz,longitudinal_rhuh_gbm.tar,longitudinal_rhuh_gbm/PKG - RHUH-GBM-nii-v1/RHUH-GBM_nii_v1/RHUH-0031/1/RHUH-0031_1_t1.nii.gz,4836283,36b5790db4b81588c8abab5c662e3737986f4163d345a61ee170491119c560c6,c97fbd739ef0362015788581678c49f2,240x240x155,1x1x1,float32,,,match
rhuh,RHUH-0031,2,seg,RHUH-0031_2_segmentations.nii.gz,longitudinal_rhuh_gbm/PKG - RHUH-GBM-nii-v1/RHUH-GBM_nii_v1/RHUH-0031/2/RHUH-0031_2_segmentations.nii.gz,longitudinal_rhuh_gbm.tar,longitudinal_rhuh_gbm/PKG - RHUH-GBM-nii-v1/RHUH-GBM_nii_v1/RHUH-0031/2/RHUH-0031_2_segmentations.nii.gz,23423,011dc1df0af5e8fc366f52e4425fde996fe37a546cdeb4de8ffaa18356e1bbf6,48c6efd03a44fe8b5158fbd13a1b9829,240x240x155,1x1x1,uint16,"0,2,3",,match
rhuh,RHUH-0031,2,adc,RHUH-0031_2_adc.nii.gz,longitudinal_rhuh_gbm/PKG - RHUH-GBM-nii-v1/RHUH-GBM_nii_v1/RHUH-0031/2/RHUH-0031_2_adc.nii.gz,longitudinal_rhuh_gbm.tar,longitudinal_rhuh_gbm/PKG - RHUH-GBM-nii-v1/RHUH-GBM_nii_v1/RHUH-0031/2/RHUH-0031_2_adc.nii.gz,6370377,b4eda69590fc77f52d9ccbc526c33b73228fa37d79347844454d820219cf057f,4014ffa25c6f332e70e538ddd387ccfc,240x240x155,1x1x1,float64,,,match
rhuh,RHUH-0031,2,t2,RHUH-0031_2_t2.nii.gz,longitudinal_rhuh_gbm/PKG - RHUH-GBM-nii-v1/RHUH-GBM_nii_v1/RHUH-0031/2/RHUH-0031_2_t2.nii.gz,longitudinal_rhuh_gbm.tar,longitudinal_rhuh_gbm/PKG - RHUH-GBM-nii-v1/RHUH-GBM_nii_v1/RHUH-0031/2/RHUH-0031_2_t2.nii.gz,4963112,c369e86e7d0fb8ecf92ff00bdf0689271a089880b3e137cfe761080a8a12fa7e,f4453d13a887ec69a2cf76a262497f64,240x240x155,1x1x1,float32,,,match
rhuh,RHUH-0031,2,t1,RHUH-0031_2_t1.nii.gz,longitudinal_rhuh_gbm/PKG - RHUH-GBM-nii-v1/RHUH-GBM_nii_v1/RHUH-0031/2/RHUH-0031_2_t1.nii.gz,longitudinal_rhuh_gbm.tar,longitudinal_rhuh_gbm/PKG - RHUH-GBM-nii-v1/RHUH-GBM_nii_v1/RHUH-0031/2/RHUH-0031_2_t1.nii.gz,4899754,301ffd66c47f2d41d93b71abe34a6bf05895e534f0e22d721a48611e20b9fdc2,6910a9a4fa97df02baee3b7233d29555,240x240x155,1x1x1,float32,,,match
rhuh,RHUH-0031,2,flair,RHUH-0031_2_flair.nii.gz,longitudinal_rhuh_gbm/PKG - RHUH-GBM-nii-v1/RHUH-GBM_nii_v1/RHUH-0031/2/RHUH-0031_2_flair.nii.gz,longitudinal_rhuh_gbm.tar,longitudinal_rhuh_gbm/PKG - RHUH-GBM-nii-v1/RHUH-GBM_nii_v1/RHUH-0031/2/RHUH-0031_2_flair.nii.gz,4898590,62934e69a69f7f2f5b91ad83b6a79ebfdc49fff0a836a29b21b88e421c919a4e,492ddf1a2b8f8355712c3e10243b6070,240x240x155,1x1x1,float32,,,match
rhuh,RHUH-0031,2,t1ce,RHUH-0031_2_t1ce.nii.gz,longitudinal_rhuh_gbm/PKG - RHUH-GBM-nii-v1/RHUH-GBM_nii_v1/RHUH-0031/2/RHUH-0031_2_t1ce.nii.gz,longitudinal_rhuh_gbm.tar,longitudinal_rhuh_gbm/PKG - RHUH-GBM-nii-v1/RHUH-GBM_nii_v1/RHUH-0031/2/RHUH-0031_2_t1ce.nii.gz,4882150,460f03510843d34a82146ed4b101cf50d54f2ba41f8572db83b7024a5b769473,4ec80eab1f29d20bd0948a502275b327,240x240x155,1x1x1,float32,,,match
rhuh,RHUH-0021,0,t2,RHUH-0021_0_t2.nii.gz,longitudinal_rhuh_gbm/PKG - RHUH-GBM-nii-v1/RHUH-GBM_nii_v1/RHUH-0021/0/RHUH-0021_0_t2.nii.gz,longitudinal_rhuh_gbm.tar,longitudinal_rhuh_gbm/PKG - RHUH-GBM-nii-v1/RHUH-GBM_nii_v1/RHUH-0021/0/RHUH-0021_0_t2.nii.gz,5194021,57671adf66348446e4bb5bcb894588c5c4e638cb7a43fb2fae34566347b0160c,fa56e25125b83826c76b60c11acba88c,240x240x155,1x1x1,float32,,,match
rhuh,RHUH-0021,0,t1,RHUH-0021_0_t1.nii.gz,longitudinal_rhuh_gbm/PKG - RHUH-GBM-nii-v1/RHUH-GBM_nii_v1/RHUH-0021/0/RHUH-0021_0_t1.nii.gz,longitudinal_rhuh_gbm.tar,longitudinal_rhuh_gbm/PKG - RHUH-GBM-nii-v1/RHUH-GBM_nii_v1/RHUH-0021/0/RHUH-0021_0_t1.nii.gz,5187145,73734e282481d542f8ebfa38994ae25eea8b174f3f765b6fd763a9e6351a0e23,cff73a6b871c2ff74f2cedced24a3fca,240x240x155,1x1x1,float32,,,match
rhuh,RHUH-0021,0,seg,RHUH-0021_0_segmentations.nii.gz,longitudinal_rhuh_gbm/PKG - RHUH-GBM-nii-v1/RHUH-GBM_nii_v1/RHUH-0021/0/RHUH-0021_0_segmentations.nii.gz,longitudinal_rhuh_gbm.tar,longitudinal_rhuh_gbm/PKG - RHUH-GBM-nii-v1/RHUH-GBM_nii_v1/RHUH-0021/0/RHUH-0021_0_segmentations.nii.gz,30604,d6d555ef8e4caaaff6437619a49d53ef6a5a211214d9641eaa6fcb42c62e949c,80ed564cc7cc904d57495bb30852e097,240x240x155,1x1x1,uint16,"0,1,2,3",,match
rhuh,RHUH-0021,0,flair,RHUH-0021_0_flair.nii.gz,longitudinal_rhuh_gbm/PKG - RHUH-GBM-nii-v1/RHUH-GBM_nii_v1/RHUH-0021/0/RHUH-0021_0_flair.nii.gz,longitudinal_rhuh_gbm.tar,longitudinal_rhuh_gbm/PKG - RHUH-GBM-nii-v1/RHUH-GBM_nii_v1/RHUH-0021/0/RHUH-0021_0_flair.nii.gz,5217095,0ea764bf459f6df6a8352e46d4518ff0ad3ce568601c42f60f7949d2c1bd07ca,5f39aa6fe935a196a474acc496a96407,240x240x155,1x1x1,float32,,,match
rhuh,RHUH-0021,0,adc,RHUH-0021_0_adc.nii.gz,longitudinal_rhuh_gbm/PKG - RHUH-GBM-nii-v1/RHUH-GBM_nii_v1/RHUH-0021/0/RHUH-0021_0_adc.nii.gz,longitudinal_rhuh_gbm.tar,longitudinal_rhuh_gbm/PKG - RHUH-GBM-nii-v1/RHUH-GBM_nii_v1/RHUH-0021/0/RHUH-0021_0_adc.nii.gz,2456508,e7224d26c957b261375a7f2f1a9923cfd1081b1446e0f5ebf12340c3a9a7d684,5b043f950224caa5acce41d404d715ac,240x240x155,1x1x1,int16,,,match
rhuh,RHUH-0021,0,t1ce,RHUH-0021_0_t1ce.nii.gz,longitudinal_rhuh_gbm/PKG - RHUH-GBM-nii-v1/RHUH-GBM_nii_v1/RHUH-0021/0/RHUH-0021_0_t1ce.nii.gz,longitudinal_rhuh_gbm.tar,longitudinal_rhuh_gbm/PKG - RHUH-GBM-nii-v1/RHUH-GBM_nii_v1/RHUH-0021/0/RHUH-0021_0_t1ce.nii.gz,5217262,c2d2a6b892fc119adcd112cf764e65b278979038ecc9ce8ab0ee7cd435ae7d9a,6394f42df1a22aa6e330d1ce484fcaec,240x240x155,1x1x1,float32,,,match
rhuh,RHUH-0021,1,adc,RHUH-0021_1_adc.nii.gz,longitudinal_rhuh_gbm/PKG - RHUH-GBM-nii-v1/RHUH-GBM_nii_v1/RHUH-0021/1/RHUH-0021_1_adc.nii.gz,longitudinal_rhuh_gbm.tar,longitudinal_rhuh_gbm/PKG - RHUH-GBM-nii-v1/RHUH-GBM_nii_v1/RHUH-0021/1/RHUH-0021_1_adc.nii.gz,6646821,eeb1709e022ad9305703bee6fa1b5437c63238dd2bdf3141dfd787c6d5410ff8,2ae27aeee5ccb16d502bff14126fc94f,240x240x155,1x1x1,float64,,,match
rhuh,RHUH-0021,1,t1,RHUH-0021_1_t1.nii.gz,longitudinal_rhuh_gbm/PKG - RHUH-GBM-nii-v1/RHUH-GBM_nii_v1/RHUH-0021/1/RHUH-0021_1_t1.nii.gz,longitudinal_rhuh_gbm.tar,longitudinal_rhuh_gbm/PKG - RHUH-GBM-nii-v1/RHUH-GBM_nii_v1/RHUH-0021/1/RHUH-0021_1_t1.nii.gz,5336790,762bf45dfb8f4196b6a55cc62e8eb2ea86b3ecb8e176e056348efb91bb6413c7,f7d8d7d8a6d006953438c10e1c38a6f6,240x240x155,1x1x1,float32,,,match
rhuh,RHUH-0021,1,t2,RHUH-0021_1_t2.nii.gz,longitudinal_rhuh_gbm/PKG - RHUH-GBM-nii-v1/RHUH-GBM_nii_v1/RHUH-0021/1/RHUH-0021_1_t2.nii.gz,longitudinal_rhuh_gbm.tar,longitudinal_rhuh_gbm/PKG - RHUH-GBM-nii-v1/RHUH-GBM_nii_v1/RHUH-0021/1/RHUH-0021_1_t2.nii.gz,5337550,b944a79bbee10f5af590dbbafb28e3fc0e8d8243ca74a84103d90e57e5d9deb1,5d9e93cac05ffc11e3fd70a089efbc26,240x240x155,1x1x1,float32,,,match
rhuh,RHUH-0021,1,t1ce,RHUH-0021_1_t1ce.nii.gz,longitudinal_rhuh_gbm/PKG - RHUH-GBM-nii-v1/RHUH-GBM_nii_v1/RHUH-0021/1/RHUH-0021_1_t1ce.nii.gz,longitudinal_rhuh_gbm.tar,longitudinal_rhuh_gbm/PKG - RHUH-GBM-nii-v1/RHUH-GBM_nii_v1/RHUH-0021/1/RHUH-0021_1_t1ce.nii.gz,5364231,63072bf64650cf5976d7927f2f9ee5496c6c5cc2c5711274c30119903d460baf,45c1d737ff0e9cb67ddf8f8d160327a3,240x240x155,1x1x1,float32,,,match
rhuh,RHUH-0021,1,seg,RHUH-0021_1_segmentations.nii.gz,longitudinal_rhuh_gbm/PKG - RHUH-GBM-nii-v1/RHUH-GBM_nii_v1/RHUH-0021/1/RHUH-0021_1_segmentations.nii.gz,longitudinal_rhuh_gbm.tar,longitudinal_rhuh_gbm/PKG - RHUH-GBM-nii-v1/RHUH-GBM_nii_v1/RHUH-0021/1/RHUH-0021_1_segmentations.nii.gz,24771,232407f8312ffd577645f30a97a020fb805abdd8c80fb74802a9a09337e7ac9a,5342d87662853cd98afa8770bcd22790,240x240x155,1x1x1,uint16,"0,2",,match
rhuh,RHUH-0021,1,flair,RHUH-0021_1_flair.nii.gz,longitudinal_rhuh_gbm/PKG - RHUH-GBM-nii-v1/RHUH-GBM_nii_v1/RHUH-0021/1/RHUH-0021_1_flair.nii.gz,longitudinal_rhuh_gbm.tar,longitudinal_rhuh_gbm/PKG - RHUH-GBM-nii-v1/RHUH-GBM_nii_v1/RHUH-0021/1/RHUH-0021_1_flair.nii.gz,5354488,481b5506fa7c210d357ec9cc8f11a318e4c373969c6d1531d308c3dbf178f601,5fdfbbffd550808789237d7fdcc68155,240x240x155,1x1x1,float32,,,match
rhuh,RHUH-0021,2,t1,RHUH-0021_2_t1.nii.gz,longitudinal_rhuh_gbm/PKG - RHUH-GBM-nii-v1/RHUH-GBM_nii_v1/RHUH-0021/2/RHUH-0021_2_t1.nii.gz,longitudinal_rhuh_gbm.tar,longitudinal_rhuh_gbm/PKG - RHUH-GBM-nii-v1/RHUH-GBM_nii_v1/RHUH-0021/2/RHUH-0021_2_t1.nii.gz,5237093,7325ad9925ec89e80bc0376e4c8bf77b42ff5f715f701a49347eb7bc420b99fd,06ce0936e101074dc5f379241176df2b,240x240x155,1x1x1,float32,,,match
rhuh,RHUH-0021,2,t2,RHUH-0021_2_t2.nii.gz,longitudinal_rhuh_gbm/PKG - RHUH-GBM-nii-v1/RHUH-GBM_nii_v1/RHUH-0021/2/RHUH-0021_2_t2.nii.gz,longitudinal_rhuh_gbm.tar,longitudinal_rhuh_gbm/PKG - RHUH-GBM-nii-v1/RHUH-GBM_nii_v1/RHUH-0021/2/RHUH-0021_2_t2.nii.gz,5236905,5ae73ca94f3e4b1200dd6ff8f6992c565de5bb68522135a2eace04a6026db332,14958b12052589c9ca690cd691d8293f,240x240x155,1x1x1,float32,,,match
rhuh,RHUH-0021,2,adc,RHUH-0021_2_adc.nii.gz,longitudinal_rhuh_gbm/PKG - RHUH-GBM-nii-v1/RHUH-GBM_nii_v1/RHUH-0021/2/RHUH-0021_2_adc.nii.gz,longitudinal_rhuh_gbm.tar,longitudinal_rhuh_gbm/PKG - RHUH-GBM-nii-v1/RHUH-GBM_nii_v1/RHUH-0021/2/RHUH-0021_2_adc.nii.gz,2500296,721306c543978526ea9535db80cb4b03ba8036e9b0dc96f984b823d652ad9467,561f2456b496111c40f2e623aa1f17ac,240x240x155,1x1x1,int16,,,match
rhuh,RHUH-0021,2,seg,RHUH-0021_2_segmentations.nii.gz,longitudinal_rhuh_gbm/PKG - RHUH-GBM-nii-v1/RHUH-GBM_nii_v1/RHUH-0021/2/RHUH-0021_2_segmentations.nii.gz,longitudinal_rhuh_gbm.tar,longitudinal_rhuh_gbm/PKG - RHUH-GBM-nii-v1/RHUH-GBM_nii_v1/RHUH-0021/2/RHUH-0021_2_segmentations.nii.gz,35411,6d2a8a4e905ae21128270f472fe6aca20bfc060a35e4ffd54de761e69b652ee2,ee654c6690b4d0d430ee0943912a738a,240x240x155,1x1x1,uint16,"0,1,2,3",,match
rhuh,RHUH-0021,2,flair,RHUH-0021_2_flair.nii.gz,longitudinal_rhuh_gbm/PKG - RHUH-GBM-nii-v1/RHUH-GBM_nii_v1/RHUH-0021/2/RHUH-0021_2_flair.nii.gz,longitudinal_rhuh_gbm.tar,longitudinal_rhuh_gbm/PKG - RHUH-GBM-nii-v1/RHUH-GBM_nii_v1/RHUH-0021/2/RHUH-0021_2_flair.nii.gz,5275037,8d213df5b780388e80e479254d86bd19589806e32e5c369383fc3d2de1857b04,524fd3ead81906f8ff72350cdb781d69,240x240x155,1x1x1,float32,,,match
rhuh,RHUH-0021,2,t1ce,RHUH-0021_2_t1ce.nii.gz,longitudinal_rhuh_gbm/PKG - RHUH-GBM-nii-v1/RHUH-GBM_nii_v1/RHUH-0021/2/RHUH-0021_2_t1ce.nii.gz,longitudinal_rhuh_gbm.tar,longitudinal_rhuh_gbm/PKG - RHUH-GBM-nii-v1/RHUH-GBM_nii_v1/RHUH-0021/2/RHUH-0021_2_t1ce.nii.gz,5252160,416abaff6009f9f79dd66e1e34dabe273d153ab24207a089fd294493d1e04ed4,6980d8e3346772c0d7ee0799cf32a2b8,240x240x155,1x1x1,float32,,,match
rhuh,RHUH-0007,0,adc,RHUH-0007_0_adc.nii.gz,longitudinal_rhuh_gbm/PKG - RHUH-GBM-nii-v1/RHUH-GBM_nii_v1/RHUH-0007/0/RHUH-0007_0_adc.nii.gz,longitudinal_rhuh_gbm.tar,longitudinal_rhuh_gbm/PKG - RHUH-GBM-nii-v1/RHUH-GBM_nii_v1/RHUH-0007/0/RHUH-0007_0_adc.nii.gz,2547819,a169ed1d3fee4e39cf73a51cae4372a296c3e435d1acd2ab87ad191cae0fc5b7,6d3ef3bc7039351d2e7a3fb5aef37f41,240x240x155,1x1x1,int16,,,match
rhuh,RHUH-0007,0,t2,RHUH-0007_0_t2.nii.gz,longitudinal_rhuh_gbm/PKG - RHUH-GBM-nii-v1/RHUH-GBM_nii_v1/RHUH-0007/0/RHUH-0007_0_t2.nii.gz,longitudinal_rhuh_gbm.tar,longitudinal_rhuh_gbm/PKG - RHUH-GBM-nii-v1/RHUH-GBM_nii_v1/RHUH-0007/0/RHUH-0007_0_t2.nii.gz,5656792,2383a65aa166ca8b9a3a320c6c84031883d533916b808ec01d2b1ded96878014,78243e21007685b38b052de05d42bd10,240x240x155,1x1x1,float32,,,match
rhuh,RHUH-0007,0,t1,RHUH-0007_0_t1.nii.gz,longitudinal_rhuh_gbm/PKG - RHUH-GBM-nii-v1/RHUH-GBM_nii_v1/RHUH-0007/0/RHUH-0007_0_t1.nii.gz,longitudinal_rhuh_gbm.tar,longitudinal_rhuh_gbm/PKG - RHUH-GBM-nii-v1/RHUH-GBM_nii_v1/RHUH-0007/0/RHUH-0007_0_t1.nii.gz,5638415,864ccd2f672827f5d50f98fb7762182478afc413e0532711430a2c569ac72de4,d3972ac61c315d13f1ec4edb926e05ef,240x240x155,1x1x1,float32,,,match
rhuh,RHUH-0007,0,t1ce,RHUH-0007_0_t1ce.nii.gz,longitudinal_rhuh_gbm/PKG - RHUH-GBM-nii-v1/RHUH-GBM_nii_v1/RHUH-0007/0/RHUH-0007_0_t1ce.nii.gz,longitudinal_rhuh_gbm.tar,longitudinal_rhuh_gbm/PKG - RHUH-GBM-nii-v1/RHUH-GBM_nii_v1/RHUH-0007/0/RHUH-0007_0_t1ce.nii.gz,5683486,8b0294d93854f04a2ec088cd09e34aa0e226e470a63cfaad5adca55cf683debe,b7ca7b8763f1039662eda0d69671bf29,240x240x155,1x1x1,float32,,,match
rhuh,RHUH-0007,0,flair,RHUH-0007_0_flair.nii.gz,longitudinal_rhuh_gbm/PKG - RHUH-GBM-nii-v1/RHUH-GBM_nii_v1/RHUH-0007/0/RHUH-0007_0_flair.nii.gz,longitudinal_rhuh_gbm.tar,longitudinal_rhuh_gbm/PKG - RHUH-GBM-nii-v1/RHUH-GBM_nii_v1/RHUH-0007/0/RHUH-0007_0_flair.nii.gz,5679339,b8bd795e23561e9a0bee9ebc9824a211488bb618980b601eb4f37d435cc74f21,708b7b96d45b0faaaee68affe5e661e1,240x240x155,1x1x1,float32,,,match
rhuh,RHUH-0007,0,seg,RHUH-0007_0_segmentations.nii.gz,longitudinal_rhuh_gbm/PKG - RHUH-GBM-nii-v1/RHUH-GBM_nii_v1/RHUH-0007/0/RHUH-0007_0_segmentations.nii.gz,longitudinal_rhuh_gbm.tar,longitudinal_rhuh_gbm/PKG - RHUH-GBM-nii-v1/RHUH-GBM_nii_v1/RHUH-0007/0/RHUH-0007_0_segmentations.nii.gz,41984,4bac330b20183f39f58b02c3fe697e6a0f0e8c1926fb7490c98f99e68b89a349,633c20eb24c1451b08c6ce09dc7d2d29,240x240x155,1x1x1,uint16,"0,1,2,3",,match
rhuh,RHUH-0007,1,flair,RHUH-0007_1_flair.nii.gz,longitudinal_rhuh_gbm/PKG - RHUH-GBM-nii-v1/RHUH-GBM_nii_v1/RHUH-0007/1/RHUH-0007_1_flair.nii.gz,longitudinal_rhuh_gbm.tar,longitudinal_rhuh_gbm/PKG - RHUH-GBM-nii-v1/RHUH-GBM_nii_v1/RHUH-0007/1/RHUH-0007_1_flair.nii.gz,5754731,f278813bc29f164368190b1a9255ab16b904277c17765ea8fe4a4eacb1e7b6be,ba9eabb404b85c760e5b1346f8ae131b,240x240x155,1x1x1,float32,,,match
rhuh,RHUH-0007,1,seg,RHUH-0007_1_segmentations.nii.gz,longitudinal_rhuh_gbm/PKG - RHUH-GBM-nii-v1/RHUH-GBM_nii_v1/RHUH-0007/1/RHUH-0007_1_segmentations.nii.gz,longitudinal_rhuh_gbm.tar,longitudinal_rhuh_gbm/PKG - RHUH-GBM-nii-v1/RHUH-GBM_nii_v1/RHUH-0007/1/RHUH-0007_1_segmentations.nii.gz,21936,5e9ba95f71e0c2f689fb1780226814f6dda002dc76e46b1c5c98da1c99578267,46987b68113dcfb256767ead2603a17a,240x240x155,1x1x1,uint16,"0,2",,match
rhuh,RHUH-0007,1,t1,RHUH-0007_1_t1.nii.gz,longitudinal_rhuh_gbm/PKG - RHUH-GBM-nii-v1/RHUH-GBM_nii_v1/RHUH-0007/1/RHUH-0007_1_t1.nii.gz,longitudinal_rhuh_gbm.tar,longitudinal_rhuh_gbm/PKG - RHUH-GBM-nii-v1/RHUH-GBM_nii_v1/RHUH-0007/1/RHUH-0007_1_t1.nii.gz,5724989,310c0f8cc0d4a1f7147f4d6977b148456fb5ea11f44763aaf42021e510a675fe,521da01888fbf258f4c05b092f1577be,240x240x155,1x1x1,float32,,,match
rhuh,RHUH-0007,1,adc,RHUH-0007_1_adc.nii.gz,longitudinal_rhuh_gbm/PKG - RHUH-GBM-nii-v1/RHUH-GBM_nii_v1/RHUH-0007/1/RHUH-0007_1_adc.nii.gz,longitudinal_rhuh_gbm.tar,longitudinal_rhuh_gbm/PKG - RHUH-GBM-nii-v1/RHUH-GBM_nii_v1/RHUH-0007/1/RHUH-0007_1_adc.nii.gz,2738230,b111118c28a82bf8f4502558fb867bf2271c3f549b3c30e185b9136d0b84df52,2d04a82f498521de599cea3ee02f6010,240x240x155,1x1x1,int16,,,match
rhuh,RHUH-0007,1,t2,RHUH-0007_1_t2.nii.gz,longitudinal_rhuh_gbm/PKG - RHUH-GBM-nii-v1/RHUH-GBM_nii_v1/RHUH-0007/1/RHUH-0007_1_t2.nii.gz,longitudinal_rhuh_gbm.tar,longitudinal_rhuh_gbm/PKG - RHUH-GBM-nii-v1/RHUH-GBM_nii_v1/RHUH-0007/1/RHUH-0007_1_t2.nii.gz,5678870,a5b01f999200e879508b451d0635a6527011e21b5930d70b97f7de6091f8a9f4,d5261323e27a7da4957e8d2597691a4d,240x240x155,1x1x1,float32,,,match
rhuh,RHUH-0007,1,t1ce,RHUH-0007_1_t1ce.nii.gz,longitudinal_rhuh_gbm/PKG - RHUH-GBM-nii-v1/RHUH-GBM_nii_v1/RHUH-0007/1/RHUH-0007_1_t1ce.nii.gz,longitudinal_rhuh_gbm.tar,longitudinal_rhuh_gbm/PKG - RHUH-GBM-nii-v1/RHUH-GBM_nii_v1/RHUH-0007/1/RHUH-0007_1_t1ce.nii.gz,5733452,1c7d9470d51f87c654b1c88ae61237bcb8e56cc85e6b9c49c2d890afeaa9ac8f,b0adbb80e762150c673c3c0cba55a5c5,240x240x155,1x1x1,float32,,,match
rhuh,RHUH-0007,2,t1ce,RHUH-0007_2_t1ce.nii.gz,longitudinal_rhuh_gbm/PKG - RHUH-GBM-nii-v1/RHUH-GBM_nii_v1/RHUH-0007/2/RHUH-0007_2_t1ce.nii.gz,longitudinal_rhuh_gbm.tar,longitudinal_rhuh_gbm/PKG - RHUH-GBM-nii-v1/RHUH-GBM_nii_v1/RHUH-0007/2/RHUH-0007_2_t1ce.nii.gz,5978203,15801cd6fcda098400592d7ed4c7aff8b24419a7200f638b5e6dcc4d3ec72dbe,d644319059e754f8562dfa23bbf6f8a4,240x240x155,1x1x1,float32,,,match
rhuh,RHUH-0007,2,t2,RHUH-0007_2_t2.nii.gz,longitudinal_rhuh_gbm/PKG - RHUH-GBM-nii-v1/RHUH-GBM_nii_v1/RHUH-0007/2/RHUH-0007_2_t2.nii.gz,longitudinal_rhuh_gbm.tar,longitudinal_rhuh_gbm/PKG - RHUH-GBM-nii-v1/RHUH-GBM_nii_v1/RHUH-0007/2/RHUH-0007_2_t2.nii.gz,5936438,7d1533d3299fa389bdda3aac497abcca542a711153a30b725cf84d5fc5afa798,ffbf3141f3044efab5b7012b6ab570e2,240x240x155,1x1x1,float32,,,match
rhuh,RHUH-0007,2,seg,RHUH-0007_2_segmentations.nii.gz,longitudinal_rhuh_gbm/PKG - RHUH-GBM-nii-v1/RHUH-GBM_nii_v1/RHUH-0007/2/RHUH-0007_2_segmentations.nii.gz,longitudinal_rhuh_gbm.tar,longitudinal_rhuh_gbm/PKG - RHUH-GBM-nii-v1/RHUH-GBM_nii_v1/RHUH-0007/2/RHUH-0007_2_segmentations.nii.gz,25464,4a25127b8a3ae3e6387c118967d395d288b24bd37c78814e1cf8d2dcaff04c18,32dcd7258d522fb51b341e75180307e5,240x240x155,1x1x1,uint16,"0,1,2,3",,match
rhuh,RHUH-0007,2,t1,RHUH-0007_2_t1.nii.gz,longitudinal_rhuh_gbm/PKG - RHUH-GBM-nii-v1/RHUH-GBM_nii_v1/RHUH-0007/2/RHUH-0007_2_t1.nii.gz,longitudinal_rhuh_gbm.tar,longitudinal_rhuh_gbm/PKG - RHUH-GBM-nii-v1/RHUH-GBM_nii_v1/RHUH-0007/2/RHUH-0007_2_t1.nii.gz,5929018,3e66d2a5614d1c8f47a47f7188c37220c6e24279eed67fab5e27f523d9957c76,15ff2d1e2b0996330ff920524ffb15ee,240x240x155,1x1x1,float32,,,match
rhuh,RHUH-0007,2,adc,RHUH-0007_2_adc.nii.gz,longitudinal_rhuh_gbm/PKG - RHUH-GBM-nii-v1/RHUH-GBM_nii_v1/RHUH-0007/2/RHUH-0007_2_adc.nii.gz,longitudinal_rhuh_gbm.tar,longitudinal_rhuh_gbm/PKG - RHUH-GBM-nii-v1/RHUH-GBM_nii_v1/RHUH-0007/2/RHUH-0007_2_adc.nii.gz,2798511,8411f5263113ae2e2b03463f763e0661c93c5d31732528705dece4221269dfba,d5cb8d0d114cca24c108b327dd373a44,240x240x155,1x1x1,int16,,,match
rhuh,RHUH-0007,2,flair,RHUH-0007_2_flair.nii.gz,longitudinal_rhuh_gbm/PKG - RHUH-GBM-nii-v1/RHUH-GBM_nii_v1/RHUH-0007/2/RHUH-0007_2_flair.nii.gz,longitudinal_rhuh_gbm.tar,longitudinal_rhuh_gbm/PKG - RHUH-GBM-nii-v1/RHUH-GBM_nii_v1/RHUH-0007/2/RHUH-0007_2_flair.nii.gz,5942950,837fb266150acc842dcef953eb14542f2e1d8667f99ec3d08357a93423298d0f,7e60fe0a69c05ae473627e8f593f70af,240x240x155,1x1x1,float32,,,match
rhuh,RHUH-0029,0,t1ce,RHUH-0029_0_t1ce.nii.gz,longitudinal_rhuh_gbm/PKG - RHUH-GBM-nii-v1/RHUH-GBM_nii_v1/RHUH-0029/0/RHUH-0029_0_t1ce.nii.gz,longitudinal_rhuh_gbm.tar,longitudinal_rhuh_gbm/PKG - RHUH-GBM-nii-v1/RHUH-GBM_nii_v1/RHUH-0029/0/RHUH-0029_0_t1ce.nii.gz,6391452,8940c19161630e973ad27159cb25d2d52050f2606de0f605a4f18a59d2b299c9,db6d06fc6c6b1b903bc0d9a5d887fff2,240x240x155,1x1x1,float32,,,match
rhuh,RHUH-0029,0,flair,RHUH-0029_0_flair.nii.gz,longitudinal_rhuh_gbm/PKG - RHUH-GBM-nii-v1/RHUH-GBM_nii_v1/RHUH-0029/0/RHUH-0029_0_flair.nii.gz,longitudinal_rhuh_gbm.tar,longitudinal_rhuh_gbm/PKG - RHUH-GBM-nii-v1/RHUH-GBM_nii_v1/RHUH-0029/0/RHUH-0029_0_flair.nii.gz,6513293,862f8c1a3e82f760a147dcd231948353e18664a357656f0bc8982349daf346cf,671f61173b30408ef5652ed862e44d1f,240x240x155,1x1x1,float32,,,match
rhuh,RHUH-0029,0,t1,RHUH-0029_0_t1.nii.gz,longitudinal_rhuh_gbm/PKG - RHUH-GBM-nii-v1/RHUH-GBM_nii_v1/RHUH-0029/0/RHUH-0029_0_t1.nii.gz,longitudinal_rhuh_gbm.tar,longitudinal_rhuh_gbm/PKG - RHUH-GBM-nii-v1/RHUH-GBM_nii_v1/RHUH-0029/0/RHUH-0029_0_t1.nii.gz,6309377,dcab6b47b4b2926ca3b9bdb4577e7da7c040f7af506e491f17edd45ea1bc318a,9bab879fdb0309ad4aded9dad1f9015e,240x240x155,1x1x1,float32,,,match
rhuh,RHUH-0029,0,seg,RHUH-0029_0_segmentations.nii.gz,longitudinal_rhuh_gbm/PKG - RHUH-GBM-nii-v1/RHUH-GBM_nii_v1/RHUH-0029/0/RHUH-0029_0_segmentations.nii.gz,longitudinal_rhuh_gbm.tar,longitudinal_rhuh_gbm/PKG - RHUH-GBM-nii-v1/RHUH-GBM_nii_v1/RHUH-0029/0/RHUH-0029_0_segmentations.nii.gz,47430,0eb99e933d049e9fed17f474faffb55604ef1d7f47d2c51f84992e182cd6d27d,f10e70fbebe81d40e5c442634ce0e02b,240x240x155,1x1x1,uint16,"0,1,2,3",,match
rhuh,RHUH-0029,0,t2,RHUH-0029_0_t2.nii.gz,longitudinal_rhuh_gbm/PKG - RHUH-GBM-nii-v1/RHUH-GBM_nii_v1/RHUH-0029/0/RHUH-0029_0_t2.nii.gz,longitudinal_rhuh_gbm.tar,longitudinal_rhuh_gbm/PKG - RHUH-GBM-nii-v1/RHUH-GBM_nii_v1/RHUH-0029/0/RHUH-0029_0_t2.nii.gz,6464369,619132817de2ee348673d8726a87057997168a9918dad20051f4c6476665fc08,1f9b6895ae9ce3c785778dcb22cfdb36,240x240x155,1x1x1,float32,,,match
rhuh,RHUH-0029,0,adc,RHUH-0029_0_adc.nii.gz,longitudinal_rhuh_gbm/PKG - RHUH-GBM-nii-v1/RHUH-GBM_nii_v1/RHUH-0029/0/RHUH-0029_0_adc.nii.gz,longitudinal_rhuh_gbm.tar,longitudinal_rhuh_gbm/PKG - RHUH-GBM-nii-v1/RHUH-GBM_nii_v1/RHUH-0029/0/RHUH-0029_0_adc.nii.gz,2960564,ffe42815b53d2b8ae198eb95b9d89f06eddaca9a6b61a2c6c3e8cfdcdd4ba30f,36908e10f861c5ea51e0aa292439e057,240x240x155,1x1x1,int16,,,match
rhuh,RHUH-0029,1,t2,RHUH-0029_1_t2.nii.gz,longitudinal_rhuh_gbm/PKG - RHUH-GBM-nii-v1/RHUH-GBM_nii_v1/RHUH-0029/1/RHUH-0029_1_t2.nii.gz,longitudinal_rhuh_gbm.tar,longitudinal_rhuh_gbm/PKG - RHUH-GBM-nii-v1/RHUH-GBM_nii_v1/RHUH-0029/1/RHUH-0029_1_t2.nii.gz,5591476,252158150f384eec7c954729e15b47a5691b54f066e192dea209cdb57fa9cd4e,457e3aad0477b8f54f5631a88031d83c,240x240x155,1x1x1,float32,,,match
rhuh,RHUH-0029,1,t1ce,RHUH-0029_1_t1ce.nii.gz,longitudinal_rhuh_gbm/PKG - RHUH-GBM-nii-v1/RHUH-GBM_nii_v1/RHUH-0029/1/RHUH-0029_1_t1ce.nii.gz,longitudinal_rhuh_gbm.tar,longitudinal_rhuh_gbm/PKG - RHUH-GBM-nii-v1/RHUH-GBM_nii_v1/RHUH-0029/1/RHUH-0029_1_t1ce.nii.gz,5614539,8b428f8acf107e7e635855220a7236a22391fd0ce1379efdd3ad99c1db5094d9,0ab1b7eeaec260e9d6246a6a421a1398,240x240x155,1x1x1,float32,,,match
rhuh,RHUH-0029,1,t1,RHUH-0029_1_t1.nii.gz,longitudinal_rhuh_gbm/PKG - RHUH-GBM-nii-v1/RHUH-GBM_nii_v1/RHUH-0029/1/RHUH-0029_1_t1.nii.gz,longitudinal_rhuh_gbm.tar,longitudinal_rhuh_gbm/PKG - RHUH-GBM-nii-v1/RHUH-GBM_nii_v1/RHUH-0029/1/RHUH-0029_1_t1.nii.gz,5593198,5bf09b60947c8559f734a28091e644bb75c2174aac73616f42a01d4583924eb1,9e6c1dd1dfb096d386ea812e11e61e82,240x240x155,1x1x1,float32,,,match
rhuh,RHUH-0029,1,adc,RHUH-0029_1_adc.nii.gz,longitudinal_rhuh_gbm/PKG - RHUH-GBM-nii-v1/RHUH-GBM_nii_v1/RHUH-0029/1/RHUH-0029_1_adc.nii.gz,longitudinal_rhuh_gbm.tar,longitudinal_rhuh_gbm/PKG - RHUH-GBM-nii-v1/RHUH-GBM_nii_v1/RHUH-0029/1/RHUH-0029_1_adc.nii.gz,2851680,e4d38db040367c6dbd824bac3bce465afef83249c56c96d711e2977c16203f1c,4a6d2e489713861bc6aa07061d6490de,240x240x155,1x1x1,int16,,,match
rhuh,RHUH-0029,1,flair,RHUH-0029_1_flair.nii.gz,longitudinal_rhuh_gbm/PKG - RHUH-GBM-nii-v1/RHUH-GBM_nii_v1/RHUH-0029/1/RHUH-0029_1_flair.nii.gz,longitudinal_rhuh_gbm.tar,longitudinal_rhuh_gbm/PKG - RHUH-GBM-nii-v1/RHUH-GBM_nii_v1/RHUH-0029/1/RHUH-0029_1_flair.nii.gz,5629657,150f89582a163993c168e565b98e449bcee54c1632cecafdac27298e65d61bae,51603d479808d4cbb8346b96eb742ae8,240x240x155,1x1x1,float32,,,match
rhuh,RHUH-0029,1,seg,RHUH-0029_1_segmentations.nii.gz,longitudinal_rhuh_gbm/PKG - RHUH-GBM-nii-v1/RHUH-GBM_nii_v1/RHUH-0029/1/RHUH-0029_1_segmentations.nii.gz,longitudinal_rhuh_gbm.tar,longitudinal_rhuh_gbm/PKG - RHUH-GBM-nii-v1/RHUH-GBM_nii_v1/RHUH-0029/1/RHUH-0029_1_segmentations.nii.gz,33432,fcf982b49170c9d319dab5c45f647c25ab76a420a64a2f759a3ef740633b8010,ea524a40781ac509e02e09427c387ba6,240x240x155,1x1x1,uint16,"0,2,3",,match
rhuh,RHUH-0029,2,t1ce,RHUH-0029_2_t1ce.nii.gz,longitudinal_rhuh_gbm/PKG - RHUH-GBM-nii-v1/RHUH-GBM_nii_v1/RHUH-0029/2/RHUH-0029_2_t1ce.nii.gz,longitudinal_rhuh_gbm.tar,longitudinal_rhuh_gbm/PKG - RHUH-GBM-nii-v1/RHUH-GBM_nii_v1/RHUH-0029/2/RHUH-0029_2_t1ce.nii.gz,5954488,2e803dd80c9d92473fcc78ef790b3870bc10e70173e03e3c8de946149686a114,28b3ec685b337b96e4ed7c0a6c56917b,240x240x155,1x1x1,float32,,,match
rhuh,RHUH-0029,2,t2,RHUH-0029_2_t2.nii.gz,longitudinal_rhuh_gbm/PKG - RHUH-GBM-nii-v1/RHUH-GBM_nii_v1/RHUH-0029/2/RHUH-0029_2_t2.nii.gz,longitudinal_rhuh_gbm.tar,longitudinal_rhuh_gbm/PKG - RHUH-GBM-nii-v1/RHUH-GBM_nii_v1/RHUH-0029/2/RHUH-0029_2_t2.nii.gz,5842565,7401611b5300f05cf9f5c58e5f1d88ed44d7278ab7b1f0d066b7e30651b629e5,4e0327667087b51f2435e2020492adcc,240x240x155,1x1x1,float32,,,match
rhuh,RHUH-0029,2,adc,RHUH-0029_2_adc.nii.gz,longitudinal_rhuh_gbm/PKG - RHUH-GBM-nii-v1/RHUH-GBM_nii_v1/RHUH-0029/2/RHUH-0029_2_adc.nii.gz,longitudinal_rhuh_gbm.tar,longitudinal_rhuh_gbm/PKG - RHUH-GBM-nii-v1/RHUH-GBM_nii_v1/RHUH-0029/2/RHUH-0029_2_adc.nii.gz,7761367,f390de7352f8ee620e0ee3d0ff38213712f34a14bc71d8790ea15f5f76a87769,def80ff2f1c335c8faae770c5317796c,240x240x155,1x1x1,float64,,,match
rhuh,RHUH-0029,2,seg,RHUH-0029_2_segmentations.nii.gz,longitudinal_rhuh_gbm/PKG - RHUH-GBM-nii-v1/RHUH-GBM_nii_v1/RHUH-0029/2/RHUH-0029_2_segmentations.nii.gz,longitudinal_rhuh_gbm.tar,longitudinal_rhuh_gbm/PKG - RHUH-GBM-nii-v1/RHUH-GBM_nii_v1/RHUH-0029/2/RHUH-0029_2_segmentations.nii.gz,62529,fc39f3ebf5e5ff52fa42f378305c09d24fdc3474fd61c5c4f0fbaafed58c9c46,661c7a34dfbc19459345fe677e1d2ce2,240x240x155,1x1x1,uint16,"0,1,2,3",,match
rhuh,RHUH-0029,2,t1,RHUH-0029_2_t1.nii.gz,longitudinal_rhuh_gbm/PKG - RHUH-GBM-nii-v1/RHUH-GBM_nii_v1/RHUH-0029/2/RHUH-0029_2_t1.nii.gz,longitudinal_rhuh_gbm.tar,longitudinal_rhuh_gbm/PKG - RHUH-GBM-nii-v1/RHUH-GBM_nii_v1/RHUH-0029/2/RHUH-0029_2_t1.nii.gz,5880641,e8c23379b9283a36e3e305efdfe9bc145e236f1ba526aa9600f8695ee224a9b5,cc3f3a18fa4f76231dfc20efca53109f,240x240x155,1x1x1,float32,,,match
rhuh,RHUH-0029,2,flair,RHUH-0029_2_flair.nii.gz,longitudinal_rhuh_gbm/PKG - RHUH-GBM-nii-v1/RHUH-GBM_nii_v1/RHUH-0029/2/RHUH-0029_2_flair.nii.gz,longitudinal_rhuh_gbm.tar,longitudinal_rhuh_gbm/PKG - RHUH-GBM-nii-v1/RHUH-GBM_nii_v1/RHUH-0029/2/RHUH-0029_2_flair.nii.gz,5949388,65923d1175e6773f9d93866037eb0456125fb2876d51a02ee0c10f8d2a7b5701,61a4c19b37dadac5b126534cf88f3795,240x240x155,1x1x1,float32,,,match
rhuh,RHUH-0032,0,seg,RHUH-0032_0_segmentations.nii.gz,longitudinal_rhuh_gbm/PKG - RHUH-GBM-nii-v1/RHUH-GBM_nii_v1/RHUH-0032/0/RHUH-0032_0_segmentations.nii.gz,longitudinal_rhuh_gbm.tar,longitudinal_rhuh_gbm/PKG - RHUH-GBM-nii-v1/RHUH-GBM_nii_v1/RHUH-0032/0/RHUH-0032_0_segmentations.nii.gz,46876,b2977edab3b9dd4eca2fe12eb10a6f1acf49c64a2c2b02b81a17380484f9c634,ed7166c9582ff7488a8ed745adc4d7a8,240x240x155,1x1x1,uint16,"0,1,2,3",,match
rhuh,RHUH-0032,0,t1,RHUH-0032_0_t1.nii.gz,longitudinal_rhuh_gbm/PKG - RHUH-GBM-nii-v1/RHUH-GBM_nii_v1/RHUH-0032/0/RHUH-0032_0_t1.nii.gz,longitudinal_rhuh_gbm.tar,longitudinal_rhuh_gbm/PKG - RHUH-GBM-nii-v1/RHUH-GBM_nii_v1/RHUH-0032/0/RHUH-0032_0_t1.nii.gz,5766283,49b88c2a5ba1debec6d38bad17bf19cb7bd51ff13114eab23b252ab167a0fdc9,346b8e393301dcb8f05f3ea27d2fe63b,240x240x155,1x1x1,float32,,,match
rhuh,RHUH-0032,0,t1ce,RHUH-0032_0_t1ce.nii.gz,longitudinal_rhuh_gbm/PKG - RHUH-GBM-nii-v1/RHUH-GBM_nii_v1/RHUH-0032/0/RHUH-0032_0_t1ce.nii.gz,longitudinal_rhuh_gbm.tar,longitudinal_rhuh_gbm/PKG - RHUH-GBM-nii-v1/RHUH-GBM_nii_v1/RHUH-0032/0/RHUH-0032_0_t1ce.nii.gz,5770946,be0ad3e5f57a137680283639eedd66fe46726b13142cf8674d8e99f75cea158c,90a013ca3ef5b81775ed768f4504b523,240x240x155,1x1x1,float32,,,match
rhuh,RHUH-0032,0,flair,RHUH-0032_0_flair.nii.gz,longitudinal_rhuh_gbm/PKG - RHUH-GBM-nii-v1/RHUH-GBM_nii_v1/RHUH-0032/0/RHUH-0032_0_flair.nii.gz,longitudinal_rhuh_gbm.tar,longitudinal_rhuh_gbm/PKG - RHUH-GBM-nii-v1/RHUH-GBM_nii_v1/RHUH-0032/0/RHUH-0032_0_flair.nii.gz,5787166,8e6ee61ed5c3145c16044c3d59592f4e524c4c55a1aaf5d0d5cd3558d913fe6e,0a4ae55c85c64c33e9dc6c48d6e7e8a3,240x240x155,1x1x1,float32,,,match
rhuh,RHUH-0032,0,adc,RHUH-0032_0_adc.nii.gz,longitudinal_rhuh_gbm/PKG - RHUH-GBM-nii-v1/RHUH-GBM_nii_v1/RHUH-0032/0/RHUH-0032_0_adc.nii.gz,longitudinal_rhuh_gbm.tar,longitudinal_rhuh_gbm/PKG - RHUH-GBM-nii-v1/RHUH-GBM_nii_v1/RHUH-0032/0/RHUH-0032_0_adc.nii.gz,2608626,8887cbb0f8c1e9b4ed1cf8dbd18c09cdb396ca0dcde32b7727492c382a548919,1138b1e3011ef8170f16a071043fae68,240x240x155,1x1x1,int16,,,match
rhuh,RHUH-0032,0,t2,RHUH-0032_0_t2.nii.gz,longitudinal_rhuh_gbm/PKG - RHUH-GBM-nii-v1/RHUH-GBM_nii_v1/RHUH-0032/0/RHUH-0032_0_t2.nii.gz,longitudinal_rhuh_gbm.tar,longitudinal_rhuh_gbm/PKG - RHUH-GBM-nii-v1/RHUH-GBM_nii_v1/RHUH-0032/0/RHUH-0032_0_t2.nii.gz,5736627,de94eb045a8ff7c3712da0bcc21f073d4ba87762c977c29f861c93f36efecd01,7e0fc1a5d80749de44123a85b12b1679,240x240x155,1x1x1,float32,,,match
rhuh,RHUH-0032,1,adc,RHUH-0032_1_adc.nii.gz,longitudinal_rhuh_gbm/PKG - RHUH-GBM-nii-v1/RHUH-GBM_nii_v1/RHUH-0032/1/RHUH-0032_1_adc.nii.gz,longitudinal_rhuh_gbm.tar,longitudinal_rhuh_gbm/PKG - RHUH-GBM-nii-v1/RHUH-GBM_nii_v1/RHUH-0032/1/RHUH-0032_1_adc.nii.gz,2931048,37c8e158fe620f8d215a1ea4f4b50ee91fc2ee5095dffb3e0605b0033a480169,5f2138f9b6000764c8df44381b045395,240x240x155,1x1x1,int16,,,match
rhuh,RHUH-0032,1,flair,RHUH-0032_1_flair.nii.gz,longitudinal_rhuh_gbm/PKG - RHUH-GBM-nii-v1/RHUH-GBM_nii_v1/RHUH-0032/1/RHUH-0032_1_flair.nii.gz,longitudinal_rhuh_gbm.tar,longitudinal_rhuh_gbm/PKG - RHUH-GBM-nii-v1/RHUH-GBM_nii_v1/RHUH-0032/1/RHUH-0032_1_flair.nii.gz,5792802,c55c31e28f1490af78d73b65f100792ace40e0363284bc2b2fac4ee9d43d4f37,ba99af091d58404641cb8d3cd3774ef4,240x240x155,1x1x1,float32,,,match
rhuh,RHUH-0032,1,t1ce,RHUH-0032_1_t1ce.nii.gz,longitudinal_rhuh_gbm/PKG - RHUH-GBM-nii-v1/RHUH-GBM_nii_v1/RHUH-0032/1/RHUH-0032_1_t1ce.nii.gz,longitudinal_rhuh_gbm.tar,longitudinal_rhuh_gbm/PKG - RHUH-GBM-nii-v1/RHUH-GBM_nii_v1/RHUH-0032/1/RHUH-0032_1_t1ce.nii.gz,5866693,e8fa654cc7d6aa81dadd938731a1d1085125796031f92ca66c216d6b162c52e8,66d59a921d85832f42e90b0592bfc265,240x240x155,1x1x1,float32,,,match
rhuh,RHUH-0032,1,t1,RHUH-0032_1_t1.nii.gz,longitudinal_rhuh_gbm/PKG - RHUH-GBM-nii-v1/RHUH-GBM_nii_v1/RHUH-0032/1/RHUH-0032_1_t1.nii.gz,longitudinal_rhuh_gbm.tar,longitudinal_rhuh_gbm/PKG - RHUH-GBM-nii-v1/RHUH-GBM_nii_v1/RHUH-0032/1/RHUH-0032_1_t1.nii.gz,5871102,ffb1246d3f136c47f2bc39a1c0d41955389056909bcc3de5590ea4ff88942150,bf4e835c40a0ae650043329de7104810,240x240x155,1x1x1,float32,,,match
rhuh,RHUH-0032,1,seg,RHUH-0032_1_segmentations.nii.gz,longitudinal_rhuh_gbm/PKG - RHUH-GBM-nii-v1/RHUH-GBM_nii_v1/RHUH-0032/1/RHUH-0032_1_segmentations.nii.gz,longitudinal_rhuh_gbm.tar,longitudinal_rhuh_gbm/PKG - RHUH-GBM-nii-v1/RHUH-GBM_nii_v1/RHUH-0032/1/RHUH-0032_1_segmentations.nii.gz,23949,a88ee49479fd7f76d2b00e97c159ced73b53ca49d5128456faa23e6258e30997,05163420873481d81c4380a86e64b8d9,240x240x155,1x1x1,uint16,"0,2,3",,match
rhuh,RHUH-0032,1,t2,RHUH-0032_1_t2.nii.gz,longitudinal_rhuh_gbm/PKG - RHUH-GBM-nii-v1/RHUH-GBM_nii_v1/RHUH-0032/1/RHUH-0032_1_t2.nii.gz,longitudinal_rhuh_gbm.tar,longitudinal_rhuh_gbm/PKG - RHUH-GBM-nii-v1/RHUH-GBM_nii_v1/RHUH-0032/1/RHUH-0032_1_t2.nii.gz,5822914,88297ad9b5ea9ab167f2e4298d1bb45ef3d93bd25d678d28d4f072c8fa278f76,b9ac369dba5873199659f78977fbc3f9,240x240x155,1x1x1,float32,,,match
rhuh,RHUH-0032,2,adc,RHUH-0032_2_adc.nii.gz,longitudinal_rhuh_gbm/PKG - RHUH-GBM-nii-v1/RHUH-GBM_nii_v1/RHUH-0032/2/RHUH-0032_2_adc.nii.gz,longitudinal_rhuh_gbm.tar,longitudinal_rhuh_gbm/PKG - RHUH-GBM-nii-v1/RHUH-GBM_nii_v1/RHUH-0032/2/RHUH-0032_2_adc.nii.gz,2700866,2b4cd991fb8b55a8a6f7d2e04814b08e902c18e1dc462af469519e1bbb41f2c2,cf63326fc40dccfd7bcb6659113a3190,240x240x155,1x1x1,int16,,,match
rhuh,RHUH-0032,2,t1ce,RHUH-0032_2_t1ce.nii.gz,longitudinal_rhuh_gbm/PKG - RHUH-GBM-nii-v1/RHUH-GBM_nii_v1/RHUH-0032/2/RHUH-0032_2_t1ce.nii.gz,longitudinal_rhuh_gbm.tar,longitudinal_rhuh_gbm/PKG - RHUH-GBM-nii-v1/RHUH-GBM_nii_v1/RHUH-0032/2/RHUH-0032_2_t1ce.nii.gz,5813482,3f383de54907b7155c7969a8ea15d83acd191a4c902afbb7effcee1c0299a387,d54eed3479b5944700032563f0b5014d,240x240x155,1x1x1,float32,,,match
rhuh,RHUH-0032,2,t2,RHUH-0032_2_t2.nii.gz,longitudinal_rhuh_gbm/PKG - RHUH-GBM-nii-v1/RHUH-GBM_nii_v1/RHUH-0032/2/RHUH-0032_2_t2.nii.gz,longitudinal_rhuh_gbm.tar,longitudinal_rhuh_gbm/PKG - RHUH-GBM-nii-v1/RHUH-GBM_nii_v1/RHUH-0032/2/RHUH-0032_2_t2.nii.gz,5763655,a535c979f90a8b8ae47cdec85d105aa108aac36ee1c6ff7790d49d4ead5a573d,75e765e1c393d24faecb1945344da6d0,240x240x155,1x1x1,float32,,,match
rhuh,RHUH-0032,2,flair,RHUH-0032_2_flair.nii.gz,longitudinal_rhuh_gbm/PKG - RHUH-GBM-nii-v1/RHUH-GBM_nii_v1/RHUH-0032/2/RHUH-0032_2_flair.nii.gz,longitudinal_rhuh_gbm.tar,longitudinal_rhuh_gbm/PKG - RHUH-GBM-nii-v1/RHUH-GBM_nii_v1/RHUH-0032/2/RHUH-0032_2_flair.nii.gz,5844868,3f99c695686bfbc16bbde9eb0cfd547e78dc7511f9fa412e35624bfebef3163a,4ff2f87958df0a5f04dfa75a92caf47e,240x240x155,1x1x1,float32,,,match
rhuh,RHUH-0032,2,t1,RHUH-0032_2_t1.nii.gz,longitudinal_rhuh_gbm/PKG - RHUH-GBM-nii-v1/RHUH-GBM_nii_v1/RHUH-0032/2/RHUH-0032_2_t1.nii.gz,longitudinal_rhuh_gbm.tar,longitudinal_rhuh_gbm/PKG - RHUH-GBM-nii-v1/RHUH-GBM_nii_v1/RHUH-0032/2/RHUH-0032_2_t1.nii.gz,5823430,c9d5b9d8d60c40fc4a319289bc2da5f6676625b451e87560bccc764e7589ac40,3a1a89a28b078d7561c04f4e8d79811a,240x240x155,1x1x1,float32,,,match
rhuh,RHUH-0032,2,seg,RHUH-0032_2_segmentations.nii.gz,longitudinal_rhuh_gbm/PKG - RHUH-GBM-nii-v1/RHUH-GBM_nii_v1/RHUH-0032/2/RHUH-0032_2_segmentations.nii.gz,longitudinal_rhuh_gbm.tar,longitudinal_rhuh_gbm/PKG - RHUH-GBM-nii-v1/RHUH-GBM_nii_v1/RHUH-0032/2/RHUH-0032_2_segmentations.nii.gz,30312,9b932aa69370db01966074488409b6ff0381b08e5274356c5452e370705ef482,c1fbe48ae42679b815c393b4bdc133b2,240x240x155,1x1x1,uint16,"0,1,2,3",,match
rhuh,RHUH-0028,0,seg,RHUH-0028_0_segmentations.nii.gz,longitudinal_rhuh_gbm/PKG - RHUH-GBM-nii-v1/RHUH-GBM_nii_v1/RHUH-0028/0/RHUH-0028_0_segmentations.nii.gz,longitudinal_rhuh_gbm.tar,longitudinal_rhuh_gbm/PKG - RHUH-GBM-nii-v1/RHUH-GBM_nii_v1/RHUH-0028/0/RHUH-0028_0_segmentations.nii.gz,37492,0cf0eaf4591a16dcbc79d5cd773c6ceb77be8eff226b02eaa9aa2b291a4015f7,9e5ee830f91d243536fdfc33833d4b41,230x230x138,1x1x1,uint16,"0,1,2,3",,match
rhuh,RHUH-0028,0,t1,RHUH-0028_0_t1.nii.gz,longitudinal_rhuh_gbm/PKG - RHUH-GBM-nii-v1/RHUH-GBM_nii_v1/RHUH-0028/0/RHUH-0028_0_t1.nii.gz,longitudinal_rhuh_gbm.tar,longitudinal_rhuh_gbm/PKG - RHUH-GBM-nii-v1/RHUH-GBM_nii_v1/RHUH-0028/0/RHUH-0028_0_t1.nii.gz,5542933,a6cf0385ace5a8dafd4dcf02af6fb1e7680795940d578cd5a232c458675909e2,b6ccc9c4cfcde5adc6d981aa36776333,230x230x138,1x1x1,float32,,,match
rhuh,RHUH-0028,0,flair,RHUH-0028_0_flair.nii.gz,longitudinal_rhuh_gbm/PKG - RHUH-GBM-nii-v1/RHUH-GBM_nii_v1/RHUH-0028/0/RHUH-0028_0_flair.nii.gz,longitudinal_rhuh_gbm.tar,longitudinal_rhuh_gbm/PKG - RHUH-GBM-nii-v1/RHUH-GBM_nii_v1/RHUH-0028/0/RHUH-0028_0_flair.nii.gz,5468510,c8372e5fa0e283f84a07097c3d2727a6f3ce8578413df1e8c0f5be4f7af798c5,ee74f3f472010c153e3e70fbdededf7b,230x230x138,1x1x1,float32,,,match
rhuh,RHUH-0028,0,t1ce,RHUH-0028_0_t1ce.nii.gz,longitudinal_rhuh_gbm/PKG - RHUH-GBM-nii-v1/RHUH-GBM_nii_v1/RHUH-0028/0/RHUH-0028_0_t1ce.nii.gz,longitudinal_rhuh_gbm.tar,longitudinal_rhuh_gbm/PKG - RHUH-GBM-nii-v1/RHUH-GBM_nii_v1/RHUH-0028/0/RHUH-0028_0_t1ce.nii.gz,5114231,732e55fcfd08c54e2cab019451aab61036b812326ba2ead3af9b8b56320af048,7401a9e942c6b6426ce5e6ad4bb7d902,230x230x138,1x1x1,float32,,,match
rhuh,RHUH-0028,0,adc,RHUH-0028_0_adc.nii.gz,longitudinal_rhuh_gbm/PKG - RHUH-GBM-nii-v1/RHUH-GBM_nii_v1/RHUH-0028/0/RHUH-0028_0_adc.nii.gz,longitudinal_rhuh_gbm.tar,longitudinal_rhuh_gbm/PKG - RHUH-GBM-nii-v1/RHUH-GBM_nii_v1/RHUH-0028/0/RHUH-0028_0_adc.nii.gz,2556245,2c89d5a5a6854baac55e05d4875a30b86b53e6e7eb50a76bb97210299aa29f62,1f9e66b634c0066522f695eae16dbab1,230x230x138,1x1x1,int16,,,match
rhuh,RHUH-0028,0,t2,RHUH-0028_0_t2.nii.gz,longitudinal_rhuh_gbm/PKG - RHUH-GBM-nii-v1/RHUH-GBM_nii_v1/RHUH-0028/0/RHUH-0028_0_t2.nii.gz,longitudinal_rhuh_gbm.tar,longitudinal_rhuh_gbm/PKG - RHUH-GBM-nii-v1/RHUH-GBM_nii_v1/RHUH-0028/0/RHUH-0028_0_t2.nii.gz,5439710,ffcd96740e0a35a184ea555223f24acc345e68913666011a97803c87fd67eb6a,34792052be226792d418d2d538d695db,230x230x138,1x1x1,float32,,,match
rhuh,RHUH-0028,1,adc,RHUH-0028_1_adc.nii.gz,longitudinal_rhuh_gbm/PKG - RHUH-GBM-nii-v1/RHUH-GBM_nii_v1/RHUH-0028/1/RHUH-0028_1_adc.nii.gz,longitudinal_rhuh_gbm.tar,longitudinal_rhuh_gbm/PKG - RHUH-GBM-nii-v1/RHUH-GBM_nii_v1/RHUH-0028/1/RHUH-0028_1_adc.nii.gz,2581168,d29d4e2aa0bb9b85baa2c995560327806443cfda1d16ac52b782b242b9eb1064,158ea3b4ad1363ddfb3b8903c5806452,240x240x155,1x1x1,int16,,,match
rhuh,RHUH-0028,1,t2,RHUH-0028_1_t2.nii.gz,longitudinal_rhuh_gbm/PKG - RHUH-GBM-nii-v1/RHUH-GBM_nii_v1/RHUH-0028/1/RHUH-0028_1_t2.nii.gz,longitudinal_rhuh_gbm.tar,longitudinal_rhuh_gbm/PKG - RHUH-GBM-nii-v1/RHUH-GBM_nii_v1/RHUH-0028/1/RHUH-0028_1_t2.nii.gz,5179735,9c21b98aba489b27298168dc014ef69a604cb0e016387565873c8c022475da20,ac792d2671a6359976128db5eb578295,240x240x155,1x1x1,float32,,,match
rhuh,RHUH-0028,1,seg,RHUH-0028_1_segmentations.nii.gz,longitudinal_rhuh_gbm/PKG - RHUH-GBM-nii-v1/RHUH-GBM_nii_v1/RHUH-0028/1/RHUH-0028_1_segmentations.nii.gz,longitudinal_rhuh_gbm.tar,longitudinal_rhuh_gbm/PKG - RHUH-GBM-nii-v1/RHUH-GBM_nii_v1/RHUH-0028/1/RHUH-0028_1_segmentations.nii.gz,20127,aea2f388907da4c54cc52d28cd7247e4f8fbcc2aee84969f338161118a165f4f,667a586b56addac101a0e78d7b559ffc,240x240x155,1x1x1,uint16,"0,2,3",,match
rhuh,RHUH-0028,1,t1ce,RHUH-0028_1_t1ce.nii.gz,longitudinal_rhuh_gbm/PKG - RHUH-GBM-nii-v1/RHUH-GBM_nii_v1/RHUH-0028/1/RHUH-0028_1_t1ce.nii.gz,longitudinal_rhuh_gbm.tar,longitudinal_rhuh_gbm/PKG - RHUH-GBM-nii-v1/RHUH-GBM_nii_v1/RHUH-0028/1/RHUH-0028_1_t1ce.nii.gz,5183386,95f3d642f01c6f2d01d5bda8b1be1dfddae6fd731d8d84d951c9b8619b5d1681,dbe96fe5f96abd7d6df7251f54f13ddb,240x240x155,1x1x1,float32,,,match
rhuh,RHUH-0028,1,t1,RHUH-0028_1_t1.nii.gz,longitudinal_rhuh_gbm/PKG - RHUH-GBM-nii-v1/RHUH-GBM_nii_v1/RHUH-0028/1/RHUH-0028_1_t1.nii.gz,longitudinal_rhuh_gbm.tar,longitudinal_rhuh_gbm/PKG - RHUH-GBM-nii-v1/RHUH-GBM_nii_v1/RHUH-0028/1/RHUH-0028_1_t1.nii.gz,5198364,d5e53de19f287a7655452d74bda43d95ddf816271d35208b75dbc5d5536abfc0,54944277dd1efada93da855f26c96311,240x240x155,1x1x1,float32,,,match
rhuh,RHUH-0028,1,flair,RHUH-0028_1_flair.nii.gz,longitudinal_rhuh_gbm/PKG - RHUH-GBM-nii-v1/RHUH-GBM_nii_v1/RHUH-0028/1/RHUH-0028_1_flair.nii.gz,longitudinal_rhuh_gbm.tar,longitudinal_rhuh_gbm/PKG - RHUH-GBM-nii-v1/RHUH-GBM_nii_v1/RHUH-0028/1/RHUH-0028_1_flair.nii.gz,5241337,de5565d5b43355f108f812d549e63665131114215d75717e3bb81cf1ad20e257,d6242adfdc7e5c94e00e1f03a966d335,240x240x155,1x1x1,float32,,,match
rhuh,RHUH-0028,2,adc,RHUH-0028_2_adc.nii.gz,longitudinal_rhuh_gbm/PKG - RHUH-GBM-nii-v1/RHUH-GBM_nii_v1/RHUH-0028/2/RHUH-0028_2_adc.nii.gz,longitudinal_rhuh_gbm.tar,longitudinal_rhuh_gbm/PKG - RHUH-GBM-nii-v1/RHUH-GBM_nii_v1/RHUH-0028/2/RHUH-0028_2_adc.nii.gz,2432168,4c0ce02a8155b6557e04df10d6d7d42699bd8a5534ca73f47ca914f6245ad8d9,11738e303bc43eaee4d84e8c6ad07b2d,240x240x155,1x1x1,int16,,,match
rhuh,RHUH-0028,2,flair,RHUH-0028_2_flair.nii.gz,longitudinal_rhuh_gbm/PKG - RHUH-GBM-nii-v1/RHUH-GBM_nii_v1/RHUH-0028/2/RHUH-0028_2_flair.nii.gz,longitudinal_rhuh_gbm.tar,longitudinal_rhuh_gbm/PKG - RHUH-GBM-nii-v1/RHUH-GBM_nii_v1/RHUH-0028/2/RHUH-0028_2_flair.nii.gz,5487417,5150b17ca73e034e5695d7edeb1fe65e36c466cb28a0586afb4f6087711f35ec,5372fc07a7f3f90bdc1243bea26909ff,240x240x155,1x1x1,float32,,,match
rhuh,RHUH-0028,2,t1ce,RHUH-0028_2_t1ce.nii.gz,longitudinal_rhuh_gbm/PKG - RHUH-GBM-nii-v1/RHUH-GBM_nii_v1/RHUH-0028/2/RHUH-0028_2_t1ce.nii.gz,longitudinal_rhuh_gbm.tar,longitudinal_rhuh_gbm/PKG - RHUH-GBM-nii-v1/RHUH-GBM_nii_v1/RHUH-0028/2/RHUH-0028_2_t1ce.nii.gz,5379340,4d97fcc17ce793b7e712bb4bfbf8d4bf18be425d346a2d993b5c12476dd16b3b,fb28a8e30a1ae96d55660115ace8df4a,240x240x155,1x1x1,float32,,,match
rhuh,RHUH-0028,2,t2,RHUH-0028_2_t2.nii.gz,longitudinal_rhuh_gbm/PKG - RHUH-GBM-nii-v1/RHUH-GBM_nii_v1/RHUH-0028/2/RHUH-0028_2_t2.nii.gz,longitudinal_rhuh_gbm.tar,longitudinal_rhuh_gbm/PKG - RHUH-GBM-nii-v1/RHUH-GBM_nii_v1/RHUH-0028/2/RHUH-0028_2_t2.nii.gz,5441137,2b37a02d3be6026784797a15a15ebbdbf9e8963dfbb3dad68fb415685e6ab83c,a6079898e804a97ceab774349b4794bb,240x240x155,1x1x1,float32,,,match
rhuh,RHUH-0028,2,t1,RHUH-0028_2_t1.nii.gz,longitudinal_rhuh_gbm/PKG - RHUH-GBM-nii-v1/RHUH-GBM_nii_v1/RHUH-0028/2/RHUH-0028_2_t1.nii.gz,longitudinal_rhuh_gbm.tar,longitudinal_rhuh_gbm/PKG - RHUH-GBM-nii-v1/RHUH-GBM_nii_v1/RHUH-0028/2/RHUH-0028_2_t1.nii.gz,5374128,c9e20787a28da55c2e19093835703370e12bfbca1ec8e50ad9c3f82403a6968e,62663d38197793fb9ac2040902b9431d,240x240x155,1x1x1,float32,,,match
rhuh,RHUH-0028,2,seg,RHUH-0028_2_segmentations.nii.gz,longitudinal_rhuh_gbm/PKG - RHUH-GBM-nii-v1/RHUH-GBM_nii_v1/RHUH-0028/2/RHUH-0028_2_segmentations.nii.gz,longitudinal_rhuh_gbm.tar,longitudinal_rhuh_gbm/PKG - RHUH-GBM-nii-v1/RHUH-GBM_nii_v1/RHUH-0028/2/RHUH-0028_2_segmentations.nii.gz,42535,cd8ff756952a5fc27702a60841d8825d66632a534b6c92ddeb665483d6f5cb43,f8e05eb334682b4a09a815d99dec72a4,240x240x155,1x1x1,uint16,"0,1,2,3",,match
rhuh,RHUH-0008,0,t2,RHUH-0008_0_t2.nii.gz,longitudinal_rhuh_gbm/PKG - RHUH-GBM-nii-v1/RHUH-GBM_nii_v1/RHUH-0008/0/RHUH-0008_0_t2.nii.gz,longitudinal_rhuh_gbm.tar,longitudinal_rhuh_gbm/PKG - RHUH-GBM-nii-v1/RHUH-GBM_nii_v1/RHUH-0008/0/RHUH-0008_0_t2.nii.gz,5718368,0e5c610c2d2005f44c6473320141acb0d2dc2bab0a29764ba022da279f34af9c,287c50e4bd1609472144477e52eee1c9,240x240x155,1x1x1,float32,,,match
rhuh,RHUH-0008,0,t1ce,RHUH-0008_0_t1ce.nii.gz,longitudinal_rhuh_gbm/PKG - RHUH-GBM-nii-v1/RHUH-GBM_nii_v1/RHUH-0008/0/RHUH-0008_0_t1ce.nii.gz,longitudinal_rhuh_gbm.tar,longitudinal_rhuh_gbm/PKG - RHUH-GBM-nii-v1/RHUH-GBM_nii_v1/RHUH-0008/0/RHUH-0008_0_t1ce.nii.gz,5750374,764b4211cb3af87b465f04915308f577badb27b887029a92f0c21df94fe38290,b42a0da8f44c9562027aac9207c11da5,240x240x155,1x1x1,float32,,,match
rhuh,RHUH-0008,0,seg,RHUH-0008_0_segmentations.nii.gz,longitudinal_rhuh_gbm/PKG - RHUH-GBM-nii-v1/RHUH-GBM_nii_v1/RHUH-0008/0/RHUH-0008_0_segmentations.nii.gz,longitudinal_rhuh_gbm.tar,longitudinal_rhuh_gbm/PKG - RHUH-GBM-nii-v1/RHUH-GBM_nii_v1/RHUH-0008/0/RHUH-0008_0_segmentations.nii.gz,33851,bb7f55b72ca97bac35f8e4d6a2aa87bfef0ecda375fabb30e6752dd3d43c1936,0d7369b7b99e15be1637a2eee1f47b1f,240x240x155,1x1x1,uint16,"0,1,2,3",,match
rhuh,RHUH-0008,0,t1,RHUH-0008_0_t1.nii.gz,longitudinal_rhuh_gbm/PKG - RHUH-GBM-nii-v1/RHUH-GBM_nii_v1/RHUH-0008/0/RHUH-0008_0_t1.nii.gz,longitudinal_rhuh_gbm.tar,longitudinal_rhuh_gbm/PKG - RHUH-GBM-nii-v1/RHUH-GBM_nii_v1/RHUH-0008/0/RHUH-0008_0_t1.nii.gz,5686216,af866f5194e45800e114e2d5d2934c1e9b705b1b5d454645bbeb37bbc5b430d4,91b70f0351a399a211440d99e1728275,240x240x155,1x1x1,float32,,,match
rhuh,RHUH-0008,0,flair,RHUH-0008_0_flair.nii.gz,longitudinal_rhuh_gbm/PKG - RHUH-GBM-nii-v1/RHUH-GBM_nii_v1/RHUH-0008/0/RHUH-0008_0_flair.nii.gz,longitudinal_rhuh_gbm.tar,longitudinal_rhuh_gbm/PKG - RHUH-GBM-nii-v1/RHUH-GBM_nii_v1/RHUH-0008/0/RHUH-0008_0_flair.nii.gz,5742447,1f2f5f2fac0e38992d00bbc00b51b2be11b2592358a872395e3b61a7698b8231,e4f6732ba49a031aa2bbca882cb5bc98,240x240x155,1x1x1,float32,,,match
rhuh,RHUH-0008,0,adc,RHUH-0008_0_adc.nii.gz,longitudinal_rhuh_gbm/PKG - RHUH-GBM-nii-v1/RHUH-GBM_nii_v1/RHUH-0008/0/RHUH-0008_0_adc.nii.gz,longitudinal_rhuh_gbm.tar,longitudinal_rhuh_gbm/PKG - RHUH-GBM-nii-v1/RHUH-GBM_nii_v1/RHUH-0008/0/RHUH-0008_0_adc.nii.gz,2694912,5f874e662319f47ae09132d68b5bb8240ed2977de9cd18e9f8a93c15f293f41b,310b8901df5ab341928d7bd3ecb1064b,240x240x155,1x1x1,int16,,,match
rhuh,RHUH-0008,1,flair,RHUH-0008_1_flair.nii.gz,longitudinal_rhuh_gbm/PKG - RHUH-GBM-nii-v1/RHUH-GBM_nii_v1/RHUH-0008/1/RHUH-0008_1_flair.nii.gz,longitudinal_rhuh_gbm.tar,longitudinal_rhuh_gbm/PKG - RHUH-GBM-nii-v1/RHUH-GBM_nii_v1/RHUH-0008/1/RHUH-0008_1_flair.nii.gz,5643832,9881da23e4e565a4ccd5c26a8c5e4b178d097d130bb1cc1a075f0c87433fe635,abc39ae94536b3f2fcd9bd020a963c34,240x240x155,1x1x1,float32,,,match
rhuh,RHUH-0008,1,adc,RHUH-0008_1_adc.nii.gz,longitudinal_rhuh_gbm/PKG - RHUH-GBM-nii-v1/RHUH-GBM_nii_v1/RHUH-0008/1/RHUH-0008_1_adc.nii.gz,longitudinal_rhuh_gbm.tar,longitudinal_rhuh_gbm/PKG - RHUH-GBM-nii-v1/RHUH-GBM_nii_v1/RHUH-0008/1/RHUH-0008_1_adc.nii.gz,2519761,3868bdad60224ed198162ac8af34837cd345e5097c34695c5aeed9a549ea4fa9,96f04fd9bff5daca62ccae43e0ca8aa7,240x240x155,1x1x1,int16,,,match
rhuh,RHUH-0008,1,t2,RHUH-0008_1_t2.nii.gz,longitudinal_rhuh_gbm/PKG - RHUH-GBM-nii-v1/RHUH-GBM_nii_v1/RHUH-0008/1/RHUH-0008_1_t2.nii.gz,longitudinal_rhuh_gbm.tar,longitudinal_rhuh_gbm/PKG - RHUH-GBM-nii-v1/RHUH-GBM_nii_v1/RHUH-0008/1/RHUH-0008_1_t2.nii.gz,5553841,952fa5908a2b05369647a8e5850d56cf5f6f75be62f36be412b515913834b91c,57acdedd34a7a3a805e8d7617b9fd766,240x240x155,1x1x1,float32,,,match
rhuh,RHUH-0008,1,t1ce,RHUH-0008_1_t1ce.nii.gz,longitudinal_rhuh_gbm/PKG - RHUH-GBM-nii-v1/RHUH-GBM_nii_v1/RHUH-0008/1/RHUH-0008_1_t1ce.nii.gz,longitudinal_rhuh_gbm.tar,longitudinal_rhuh_gbm/PKG - RHUH-GBM-nii-v1/RHUH-GBM_nii_v1/RHUH-0008/1/RHUH-0008_1_t1ce.nii.gz,5618407,4d094f6d2eef945297d03c38939cb7bdbdc2ab7c0c5794553019d194c4cb35da,4dfb96654a27aac6e81b59abc63a1907,240x240x155,1x1x1,float32,,,match
rhuh,RHUH-0008,1,t1,RHUH-0008_1_t1.nii.gz,longitudinal_rhuh_gbm/PKG - RHUH-GBM-nii-v1/RHUH-GBM_nii_v1/RHUH-0008/1/RHUH-0008_1_t1.nii.gz,longitudinal_rhuh_gbm.tar,longitudinal_rhuh_gbm/PKG - RHUH-GBM-nii-v1/RHUH-GBM_nii_v1/RHUH-0008/1/RHUH-0008_1_t1.nii.gz,5613098,c437b53f23714ed0b44d95a156bf7424bdf7da7b963b332c68ec5b7c978c8c27,278b1560ea8eaaf3bccab48a7cd39212,240x240x155,1x1x1,float32,,,match
rhuh,RHUH-0008,1,seg,RHUH-0008_1_segmentations.nii.gz,longitudinal_rhuh_gbm/PKG - RHUH-GBM-nii-v1/RHUH-GBM_nii_v1/RHUH-0008/1/RHUH-0008_1_segmentations.nii.gz,longitudinal_rhuh_gbm.tar,longitudinal_rhuh_gbm/PKG - RHUH-GBM-nii-v1/RHUH-GBM_nii_v1/RHUH-0008/1/RHUH-0008_1_segmentations.nii.gz,22934,1f3dde9835e2d0f004dbbfba0ad5bfc50ac6168041c54b07d8dbbb495d832b2c,7026734f7c9f62abb766d4436682b667,240x240x155,1x1x1,uint16,"0,2",,match
rhuh,RHUH-0008,2,adc,RHUH-0008_2_adc.nii.gz,longitudinal_rhuh_gbm/PKG - RHUH-GBM-nii-v1/RHUH-GBM_nii_v1/RHUH-0008/2/RHUH-0008_2_adc.nii.gz,longitudinal_rhuh_gbm.tar,longitudinal_rhuh_gbm/PKG - RHUH-GBM-nii-v1/RHUH-GBM_nii_v1/RHUH-0008/2/RHUH-0008_2_adc.nii.gz,2638519,c0d6e35ac69b5f620885fa98a4d11f49692f124a31697306b48060201d7b4170,898a160446f06f3a48f53ad36d54239e,240x240x155,1x1x1,int16,,,match
rhuh,RHUH-0008,2,t1ce,RHUH-0008_2_t1ce.nii.gz,longitudinal_rhuh_gbm/PKG - RHUH-GBM-nii-v1/RHUH-GBM_nii_v1/RHUH-0008/2/RHUH-0008_2_t1ce.nii.gz,longitudinal_rhuh_gbm.tar,longitudinal_rhuh_gbm/PKG - RHUH-GBM-nii-v1/RHUH-GBM_nii_v1/RHUH-0008/2/RHUH-0008_2_t1ce.nii.gz,5703727,5316fe00e0278d0f08fb186510e4cdc7879d04dcba1333cfd979c9c976d1d283,01d5c60281a7d889f0093d2d3aabccb8,240x240x155,1x1x1,float32,,,match
rhuh,RHUH-0008,2,t2,RHUH-0008_2_t2.nii.gz,longitudinal_rhuh_gbm/PKG - RHUH-GBM-nii-v1/RHUH-GBM_nii_v1/RHUH-0008/2/RHUH-0008_2_t2.nii.gz,longitudinal_rhuh_gbm.tar,longitudinal_rhuh_gbm/PKG - RHUH-GBM-nii-v1/RHUH-GBM_nii_v1/RHUH-0008/2/RHUH-0008_2_t2.nii.gz,5210784,5dec54cb9085e15bedbba1e934c9077d1ffd8b81e1b7a6d860a397a25e403a70,089ef07c2beaf4703e21879e322767a7,240x240x155,1x1x1,float32,,,match
rhuh,RHUH-0008,2,flair,RHUH-0008_2_flair.nii.gz,longitudinal_rhuh_gbm/PKG - RHUH-GBM-nii-v1/RHUH-GBM_nii_v1/RHUH-0008/2/RHUH-0008_2_flair.nii.gz,longitudinal_rhuh_gbm.tar,longitudinal_rhuh_gbm/PKG - RHUH-GBM-nii-v1/RHUH-GBM_nii_v1/RHUH-0008/2/RHUH-0008_2_flair.nii.gz,5192688,c7518a7a23f793eb87144e353c94554feef3b82091922120c661d2f4d2a0d724,d490bc95352a0fe048c6560b448ed525,240x240x155,1x1x1,float32,,,match
rhuh,RHUH-0008,2,seg,RHUH-0008_2_segmentations.nii.gz,longitudinal_rhuh_gbm/PKG - RHUH-GBM-nii-v1/RHUH-GBM_nii_v1/RHUH-0008/2/RHUH-0008_2_segmentations.nii.gz,longitudinal_rhuh_gbm.tar,longitudinal_rhuh_gbm/PKG - RHUH-GBM-nii-v1/RHUH-GBM_nii_v1/RHUH-0008/2/RHUH-0008_2_segmentations.nii.gz,36502,af6a2ccb7b6d76d87098d97308028423adc26512b10e1d3161b571037326f798,13a7bcae98922077f21646b69bf7ad4f,240x240x155,1x1x1,uint16,"0,1,2,3",,match
rhuh,RHUH-0008,2,t1,RHUH-0008_2_t1.nii.gz,longitudinal_rhuh_gbm/PKG - RHUH-GBM-nii-v1/RHUH-GBM_nii_v1/RHUH-0008/2/RHUH-0008_2_t1.nii.gz,longitudinal_rhuh_gbm.tar,longitudinal_rhuh_gbm/PKG - RHUH-GBM-nii-v1/RHUH-GBM_nii_v1/RHUH-0008/2/RHUH-0008_2_t1.nii.gz,5089887,ccb47d1c6a477baff262711bce1393682a38fe3a03a31c534053ba143538523e,1ebb219d69888a3b62db1e6940db4f9b,240x240x155,1x1x1,float32,,,match
rhuh,RHUH-0015,0,flair,RHUH-0015_0_flair.nii.gz,longitudinal_rhuh_gbm/PKG - RHUH-GBM-nii-v1/RHUH-GBM_nii_v1/RHUH-0015/0/RHUH-0015_0_flair.nii.gz,longitudinal_rhuh_gbm.tar,longitudinal_rhuh_gbm/PKG - RHUH-GBM-nii-v1/RHUH-GBM_nii_v1/RHUH-0015/0/RHUH-0015_0_flair.nii.gz,5508084,bd702b724f93ba8489009ce80363e6eced2f46fbea9b8291cc0a9318c36a91ff,a8d4f94c3aa3a93eb052631bef6a90f6,240x240x155,1x1x1,float32,,,match
rhuh,RHUH-0015,0,seg,RHUH-0015_0_segmentations.nii.gz,longitudinal_rhuh_gbm/PKG - RHUH-GBM-nii-v1/RHUH-GBM_nii_v1/RHUH-0015/0/RHUH-0015_0_segmentations.nii.gz,longitudinal_rhuh_gbm.tar,longitudinal_rhuh_gbm/PKG - RHUH-GBM-nii-v1/RHUH-GBM_nii_v1/RHUH-0015/0/RHUH-0015_0_segmentations.nii.gz,33147,739e1a335090197fb305607cccdebc749159a80c1c75970eb1a5139f6142e7e4,a85185e66424b1a1f40b71fc5e7b3f40,240x240x155,1x1x1,uint16,"0,1,2,3",,match
rhuh,RHUH-0015,0,t2,RHUH-0015_0_t2.nii.gz,longitudinal_rhuh_gbm/PKG - RHUH-GBM-nii-v1/RHUH-GBM_nii_v1/RHUH-0015/0/RHUH-0015_0_t2.nii.gz,longitudinal_rhuh_gbm.tar,longitudinal_rhuh_gbm/PKG - RHUH-GBM-nii-v1/RHUH-GBM_nii_v1/RHUH-0015/0/RHUH-0015_0_t2.nii.gz,5513672,a3ea0bd5788dad9ae34163cfec9c0af5d97cbd41a3fc3c9283552b7d73c8288e,19033a8f5dd6240265ebb267fcbae5f7,240x240x155,1x1x1,float32,,,match
rhuh,RHUH-0015,0,adc,RHUH-0015_0_adc.nii.gz,longitudinal_rhuh_gbm/PKG - RHUH-GBM-nii-v1/RHUH-GBM_nii_v1/RHUH-0015/0/RHUH-0015_0_adc.nii.gz,longitudinal_rhuh_gbm.tar,longitudinal_rhuh_gbm/PKG - RHUH-GBM-nii-v1/RHUH-GBM_nii_v1/RHUH-0015/0/RHUH-0015_0_adc.nii.gz,2527998,242a8c1326860158ea9acd4f7d1b16d46b099e6250462ea5926383dc0e9d0f86,116c3cb6dab3749744e41f0f0bec041a,240x240x155,1x1x1,int16,,,match
rhuh,RHUH-0015,0,t1,RHUH-0015_0_t1.nii.gz,longitudinal_rhuh_gbm/PKG - RHUH-GBM-nii-v1/RHUH-GBM_nii_v1/RHUH-0015/0/RHUH-0015_0_t1.nii.gz,longitudinal_rhuh_gbm.tar,longitudinal_rhuh_gbm/PKG - RHUH-GBM-nii-v1/RHUH-GBM_nii_v1/RHUH-0015/0/RHUH-0015_0_t1.nii.gz,5403392,b8e7f0df484368c34a82fc7cc668ee4611aaedcfde20dd96948e35c6812493ca,97a95a2e2b7bb0e2984d209f58730023,240x240x155,1x1x1,float32,,,match
rhuh,RHUH-0015,0,t1ce,RHUH-0015_0_t1ce.nii.gz,longitudinal_rhuh_gbm/PKG - RHUH-GBM-nii-v1/RHUH-GBM_nii_v1/RHUH-0015/0/RHUH-0015_0_t1ce.nii.gz,longitudinal_rhuh_gbm.tar,longitudinal_rhuh_gbm/PKG - RHUH-GBM-nii-v1/RHUH-GBM_nii_v1/RHUH-0015/0/RHUH-0015_0_t1ce.nii.gz,5505728,027caaefda626dd18188a05ae413d48deaadc80fd1127fdadc59d2aeab45c1b8,09aaac4084263de6a65c608f68b6b1e7,240x240x155,1x1x1,float32,,,match
rhuh,RHUH-0015,1,adc,RHUH-0015_1_adc.nii.gz,longitudinal_rhuh_gbm/PKG - RHUH-GBM-nii-v1/RHUH-GBM_nii_v1/RHUH-0015/1/RHUH-0015_1_adc.nii.gz,longitudinal_rhuh_gbm.tar,longitudinal_rhuh_gbm/PKG - RHUH-GBM-nii-v1/RHUH-GBM_nii_v1/RHUH-0015/1/RHUH-0015_1_adc.nii.gz,7053137,5101279d5276fb7783d81e53d9d40ac3de8cea35e0f18809d09fcc386774aa8a,af44c8f0b0e081ae9a14d53ab17699ac,240x240x155,1x1x1,float64,,,match
rhuh,RHUH-0015,1,flair,RHUH-0015_1_flair.nii.gz,longitudinal_rhuh_gbm/PKG - RHUH-GBM-nii-v1/RHUH-GBM_nii_v1/RHUH-0015/1/RHUH-0015_1_flair.nii.gz,longitudinal_rhuh_gbm.tar,longitudinal_rhuh_gbm/PKG - RHUH-GBM-nii-v1/RHUH-GBM_nii_v1/RHUH-0015/1/RHUH-0015_1_flair.nii.gz,5322236,edb2b55a6b1b63406c1792fa13dac728ef46408595093a906b965e5254fd1e82,7d3004458dbe30fa14b9b8202ebf23a9,240x240x155,1x1x1,float32,,,match
rhuh,RHUH-0015,1,t1,RHUH-0015_1_t1.nii.gz,longitudinal_rhuh_gbm/PKG - RHUH-GBM-nii-v1/RHUH-GBM_nii_v1/RHUH-0015/1/RHUH-0015_1_t1.nii.gz,longitudinal_rhuh_gbm.tar,longitudinal_rhuh_gbm/PKG - RHUH-GBM-nii-v1/RHUH-GBM_nii_v1/RHUH-0015/1/RHUH-0015_1_t1.nii.gz,5292013,51447297a081873dab8bccfecf4e0729d29110b7ffdd4f17e9beb2ac54dc7a18,aae90b056b433d1a621245a9dc802a9b,240x240x155,1x1x1,float32,,,match
rhuh,RHUH-0015,1,seg,RHUH-0015_1_segmentations.nii.gz,longitudinal_rhuh_gbm/PKG - RHUH-GBM-nii-v1/RHUH-GBM_nii_v1/RHUH-0015/1/RHUH-0015_1_segmentations.nii.gz,longitudinal_rhuh_gbm.tar,longitudinal_rhuh_gbm/PKG - RHUH-GBM-nii-v1/RHUH-GBM_nii_v1/RHUH-0015/1/RHUH-0015_1_segmentations.nii.gz,22139,c06bb43cdc6a6d5c0c73848b62f5806d19b592f5cfaed43a6bf30844878d8cb6,0f186626e482586a50fcc2cf1f3bd81d,240x240x155,1x1x1,uint16,"0,2",,match
rhuh,RHUH-0015,1,t2,RHUH-0015_1_t2.nii.gz,longitudinal_rhuh_gbm/PKG - RHUH-GBM-nii-v1/RHUH-GBM_nii_v1/RHUH-0015/1/RHUH-0015_1_t2.nii.gz,longitudinal_rhuh_gbm.tar,longitudinal_rhuh_gbm/PKG - RHUH-GBM-nii-v1/RHUH-GBM_nii_v1/RHUH-0015/1/RHUH-0015_1_t2.nii.gz,5335131,42507601986bace84133239afbbe553b8453dc1b687c5339940619d74217272f,4a9579f5f43d424e044c6e9291e966b9,240x240x155,1x1x1,float32,,,match
rhuh,RHUH-0015,1,t1ce,RHUH-0015_1_t1ce.nii.gz,longitudinal_rhuh_gbm/PKG - RHUH-GBM-nii-v1/RHUH-GBM_nii_v1/RHUH-0015/1/RHUH-0015_1_t1ce.nii.gz,longitudinal_rhuh_gbm.tar,longitudinal_rhuh_gbm/PKG - RHUH-GBM-nii-v1/RHUH-GBM_nii_v1/RHUH-0015/1/RHUH-0015_1_t1ce.nii.gz,5394585,e95e220dc69a78dab6d7cd2eeef791a7e283c49b4bed463ab9e414e1fc227139,f86978472861c9e7205193f26b991459,240x240x155,1x1x1,float32,,,match
rhuh,RHUH-0015,2,t2,RHUH-0015_2_t2.nii.gz,longitudinal_rhuh_gbm/PKG - RHUH-GBM-nii-v1/RHUH-GBM_nii_v1/RHUH-0015/2/RHUH-0015_2_t2.nii.gz,longitudinal_rhuh_gbm.tar,longitudinal_rhuh_gbm/PKG - RHUH-GBM-nii-v1/RHUH-GBM_nii_v1/RHUH-0015/2/RHUH-0015_2_t2.nii.gz,5429070,c7526d4a1c05394c1f4e40b3cbab3686e8bbb0dcf1299c6c1b665a0ed36cb3ea,29f7016047af0eb58c523b955a97c846,240x240x155,1x1x1,float32,,,match
rhuh,RHUH-0015,2,adc,RHUH-0015_2_adc.nii.gz,longitudinal_rhuh_gbm/PKG - RHUH-GBM-nii-v1/RHUH-GBM_nii_v1/RHUH-0015/2/RHUH-0015_2_adc.nii.gz,longitudinal_rhuh_gbm.tar,longitudinal_rhuh_gbm/PKG - RHUH-GBM-nii-v1/RHUH-GBM_nii_v1/RHUH-0015/2/RHUH-0015_2_adc.nii.gz,2537126,0fd24e23d01dbcc812a7579a6a58abfc95c6bfa32fe423a3789b21a047d193bb,b4456084829f545d0158d8ee81af665b,240x240x155,1x1x1,int16,,,match
rhuh,RHUH-0015,2,t1ce,RHUH-0015_2_t1ce.nii.gz,longitudinal_rhuh_gbm/PKG - RHUH-GBM-nii-v1/RHUH-GBM_nii_v1/RHUH-0015/2/RHUH-0015_2_t1ce.nii.gz,longitudinal_rhuh_gbm.tar,longitudinal_rhuh_gbm/PKG - RHUH-GBM-nii-v1/RHUH-GBM_nii_v1/RHUH-0015/2/RHUH-0015_2_t1ce.nii.gz,5406404,256e35c050fc505c5253d6767fe2abf95a98139dba01dbf17e57a5890abca141,2101d76d179df3ccf52173544976cef9,240x240x155,1x1x1,float32,,,match
rhuh,RHUH-0015,2,flair,RHUH-0015_2_flair.nii.gz,longitudinal_rhuh_gbm/PKG - RHUH-GBM-nii-v1/RHUH-GBM_nii_v1/RHUH-0015/2/RHUH-0015_2_flair.nii.gz,longitudinal_rhuh_gbm.tar,longitudinal_rhuh_gbm/PKG - RHUH-GBM-nii-v1/RHUH-GBM_nii_v1/RHUH-0015/2/RHUH-0015_2_flair.nii.gz,5429402,02204fa61560840fb88de240f5b26e0eed0dc46c8d14c7caac7130d5718fa179,b4260a6f2ec1b2d252f6ce626c265335,240x240x155,1x1x1,float32,,,match
rhuh,RHUH-0015,2,seg,RHUH-0015_2_segmentations.nii.gz,longitudinal_rhuh_gbm/PKG - RHUH-GBM-nii-v1/RHUH-GBM_nii_v1/RHUH-0015/2/RHUH-0015_2_segmentations.nii.gz,longitudinal_rhuh_gbm.tar,longitudinal_rhuh_gbm/PKG - RHUH-GBM-nii-v1/RHUH-GBM_nii_v1/RHUH-0015/2/RHUH-0015_2_segmentations.nii.gz,24994,82f76bfe29bd09cd7b21fb3b47304cfe2aad1778eac700f5779292d1562aab14,337df529c0b707864e27ee2765e71011,240x240x155,1x1x1,uint16,"0,1,2,3",,match
rhuh,RHUH-0015,2,t1,RHUH-0015_2_t1.nii.gz,longitudinal_rhuh_gbm/PKG - RHUH-GBM-nii-v1/RHUH-GBM_nii_v1/RHUH-0015/2/RHUH-0015_2_t1.nii.gz,longitudinal_rhuh_gbm.tar,longitudinal_rhuh_gbm/PKG - RHUH-GBM-nii-v1/RHUH-GBM_nii_v1/RHUH-0015/2/RHUH-0015_2_t1.nii.gz,5360769,ca98e8df580cc3ce1c2b5cc7cdc45e55713f340164a01360710954bf76fb7ca1,db30ab413398627fb838a54cf8bb5df6,240x240x155,1x1x1,float32,,,match
rhuh,RHUH-0013,0,t1,RHUH-0013_0_t1.nii.gz,longitudinal_rhuh_gbm/PKG - RHUH-GBM-nii-v1/RHUH-GBM_nii_v1/RHUH-0013/0/RHUH-0013_0_t1.nii.gz,longitudinal_rhuh_gbm.tar,longitudinal_rhuh_gbm/PKG - RHUH-GBM-nii-v1/RHUH-GBM_nii_v1/RHUH-0013/0/RHUH-0013_0_t1.nii.gz,5864049,572a5badcbc0d2c40eb91ee00e8f4fd95d4ad4bfa666d34bf39ff40b60f49bd5,dafc74f0ba854a5927d5af9d87b18c7e,240x240x155,1x1x1,float32,,,match
rhuh,RHUH-0013,0,t2,RHUH-0013_0_t2.nii.gz,longitudinal_rhuh_gbm/PKG - RHUH-GBM-nii-v1/RHUH-GBM_nii_v1/RHUH-0013/0/RHUH-0013_0_t2.nii.gz,longitudinal_rhuh_gbm.tar,longitudinal_rhuh_gbm/PKG - RHUH-GBM-nii-v1/RHUH-GBM_nii_v1/RHUH-0013/0/RHUH-0013_0_t2.nii.gz,5850769,e68a0db6ec046ac25fc49d4f18024112ad29f31a7a437d45bfbcdda22e267412,a30a8f7b946e9ad949ca18e15061f5e7,240x240x155,1x1x1,float32,,,match
rhuh,RHUH-0013,0,t1ce,RHUH-0013_0_t1ce.nii.gz,longitudinal_rhuh_gbm/PKG - RHUH-GBM-nii-v1/RHUH-GBM_nii_v1/RHUH-0013/0/RHUH-0013_0_t1ce.nii.gz,longitudinal_rhuh_gbm.tar,longitudinal_rhuh_gbm/PKG - RHUH-GBM-nii-v1/RHUH-GBM_nii_v1/RHUH-0013/0/RHUH-0013_0_t1ce.nii.gz,5863649,148fe1294938d258fa420ecc28db45eab44904e8f2c69fdfb1d373e47c513ed7,56e73c0b32624ae3009cb693781d2568,240x240x155,1x1x1,float32,,,match
rhuh,RHUH-0013,0,adc,RHUH-0013_0_adc.nii.gz,longitudinal_rhuh_gbm/PKG - RHUH-GBM-nii-v1/RHUH-GBM_nii_v1/RHUH-0013/0/RHUH-0013_0_adc.nii.gz,longitudinal_rhuh_gbm.tar,longitudinal_rhuh_gbm/PKG - RHUH-GBM-nii-v1/RHUH-GBM_nii_v1/RHUH-0013/0/RHUH-0013_0_adc.nii.gz,2679396,7c89c5f22b9d6b3081ff6a47396728d0d8ec493a076ea1808b2763b6c33b04ce,7439a8019b6552813ab997cf7dd7212d,240x240x155,1x1x1,int16,,,match
rhuh,RHUH-0013,0,seg,RHUH-0013_0_segmentations.nii.gz,longitudinal_rhuh_gbm/PKG - RHUH-GBM-nii-v1/RHUH-GBM_nii_v1/RHUH-0013/0/RHUH-0013_0_segmentations.nii.gz,longitudinal_rhuh_gbm.tar,longitudinal_rhuh_gbm/PKG - RHUH-GBM-nii-v1/RHUH-GBM_nii_v1/RHUH-0013/0/RHUH-0013_0_segmentations.nii.gz,44929,9625ec68cee5ac21e0d8a2589c9298719b2a60ad3670e66f5fdf12ea8cb9b9c4,98167b25346a5058972f56239ebb7eed,240x240x155,1x1x1,uint16,"0,1,2,3",,match
rhuh,RHUH-0013,0,flair,RHUH-0013_0_flair.nii.gz,longitudinal_rhuh_gbm/PKG - RHUH-GBM-nii-v1/RHUH-GBM_nii_v1/RHUH-0013/0/RHUH-0013_0_flair.nii.gz,longitudinal_rhuh_gbm.tar,longitudinal_rhuh_gbm/PKG - RHUH-GBM-nii-v1/RHUH-GBM_nii_v1/RHUH-0013/0/RHUH-0013_0_flair.nii.gz,5887241,f05dcf267572394598a283eeff8477807e58164885af9f8a7addea9123d1c223,f9754a80c2fb51485c85d427eec89998,240x240x155,1x1x1,float32,,,match
rhuh,RHUH-0013,1,t1,RHUH-0013_1_t1.nii.gz,longitudinal_rhuh_gbm/PKG - RHUH-GBM-nii-v1/RHUH-GBM_nii_v1/RHUH-0013/1/RHUH-0013_1_t1.nii.gz,longitudinal_rhuh_gbm.tar,longitudinal_rhuh_gbm/PKG - RHUH-GBM-nii-v1/RHUH-GBM_nii_v1/RHUH-0013/1/RHUH-0013_1_t1.nii.gz,5867761,b3b8e7c4699be65c861d9bb465ccc3a40228a715753733dbaec6c4539767fe96,b821f238ed56d09694db770ded097d57,240x240x155,1x1x1,float32,,,match
rhuh,RHUH-0013,1,flair,RHUH-0013_1_flair.nii.gz,longitudinal_rhuh_gbm/PKG - RHUH-GBM-nii-v1/RHUH-GBM_nii_v1/RHUH-0013/1/RHUH-0013_1_flair.nii.gz,longitudinal_rhuh_gbm.tar,longitudinal_rhuh_gbm/PKG - RHUH-GBM-nii-v1/RHUH-GBM_nii_v1/RHUH-0013/1/RHUH-0013_1_flair.nii.gz,5829457,79163962967bee7935d6c7dbe247747dbc36a089fad74cc5aba5da95199dd7af,af8fecd7f199c5c352b4ba438784eb45,240x240x155,1x1x1,float32,,,match
rhuh,RHUH-0013,1,t1ce,RHUH-0013_1_t1ce.nii.gz,longitudinal_rhuh_gbm/PKG - RHUH-GBM-nii-v1/RHUH-GBM_nii_v1/RHUH-0013/1/RHUH-0013_1_t1ce.nii.gz,longitudinal_rhuh_gbm.tar,longitudinal_rhuh_gbm/PKG - RHUH-GBM-nii-v1/RHUH-GBM_nii_v1/RHUH-0013/1/RHUH-0013_1_t1ce.nii.gz,5868413,4cf7848d0d0e4267553002482576c4e1f8e327249c04c2bad8e7627af328ca08,ce322b6fce5066f344bfe1b9410e2bf9,240x240x155,1x1x1,float32,,,match
rhuh,RHUH-0013,1,t2,RHUH-0013_1_t2.nii.gz,longitudinal_rhuh_gbm/PKG - RHUH-GBM-nii-v1/RHUH-GBM_nii_v1/RHUH-0013/1/RHUH-0013_1_t2.nii.gz,longitudinal_rhuh_gbm.tar,longitudinal_rhuh_gbm/PKG - RHUH-GBM-nii-v1/RHUH-GBM_nii_v1/RHUH-0013/1/RHUH-0013_1_t2.nii.gz,5858088,11f2beaaf03f9a3899919a31966024b642cca75647dd1c28f4c7a78c8211040f,3ddd8ea0aecfadc09ada5fa8e93bef5d,240x240x155,1x1x1,float32,,,match
rhuh,RHUH-0013,1,seg,RHUH-0013_1_segmentations.nii.gz,longitudinal_rhuh_gbm/PKG - RHUH-GBM-nii-v1/RHUH-GBM_nii_v1/RHUH-0013/1/RHUH-0013_1_segmentations.nii.gz,longitudinal_rhuh_gbm.tar,longitudinal_rhuh_gbm/PKG - RHUH-GBM-nii-v1/RHUH-GBM_nii_v1/RHUH-0013/1/RHUH-0013_1_segmentations.nii.gz,29983,0a11a8e1da9ddffa3672b1cf6fccd97644719d9181f6f4dec5efd1161cc65e11,4acd601ce6519b5ad140c7d82fc47c7c,240x240x155,1x1x1,uint16,"0,2,3",,match
rhuh,RHUH-0013,1,adc,RHUH-0013_1_adc.nii.gz,longitudinal_rhuh_gbm/PKG - RHUH-GBM-nii-v1/RHUH-GBM_nii_v1/RHUH-0013/1/RHUH-0013_1_adc.nii.gz,longitudinal_rhuh_gbm.tar,longitudinal_rhuh_gbm/PKG - RHUH-GBM-nii-v1/RHUH-GBM_nii_v1/RHUH-0013/1/RHUH-0013_1_adc.nii.gz,2841679,19bbc9f598e1144796d4a841772627998fee8c95cbc8d584c6d3c676978d7419,67b44b0866433f0bc5d9c24c0235c09b,240x240x155,1x1x1,int16,,,match
rhuh,RHUH-0013,2,t1,RHUH-0013_2_t1.nii.gz,longitudinal_rhuh_gbm/PKG - RHUH-GBM-nii-v1/RHUH-GBM_nii_v1/RHUH-0013/2/RHUH-0013_2_t1.nii.gz,longitudinal_rhuh_gbm.tar,longitudinal_rhuh_gbm/PKG - RHUH-GBM-nii-v1/RHUH-GBM_nii_v1/RHUH-0013/2/RHUH-0013_2_t1.nii.gz,5828233,9bf890ffe7f9179e4a6a97daa1a90b4672976da52cdc5dae6411a31e39a6e5cf,72088d5bebbeb45fe6abf1a012656453,240x240x155,1x1x1,float32,,,match
rhuh,RHUH-0013,2,t1ce,RHUH-0013_2_t1ce.nii.gz,longitudinal_rhuh_gbm/PKG - RHUH-GBM-nii-v1/RHUH-GBM_nii_v1/RHUH-0013/2/RHUH-0013_2_t1ce.nii.gz,longitudinal_rhuh_gbm.tar,longitudinal_rhuh_gbm/PKG - RHUH-GBM-nii-v1/RHUH-GBM_nii_v1/RHUH-0013/2/RHUH-0013_2_t1ce.nii.gz,5894660,6fc0aa6054f1c7611f175550013744f7920db72d4a61d41a1859ef9938a0d53a,25beebffe57d280377ceebb63674583d,240x240x155,1x1x1,float32,,,match
rhuh,RHUH-0013,2,flair,RHUH-0013_2_flair.nii.gz,longitudinal_rhuh_gbm/PKG - RHUH-GBM-nii-v1/RHUH-GBM_nii_v1/RHUH-0013/2/RHUH-0013_2_flair.nii.gz,longitudinal_rhuh_gbm.tar,longitudinal_rhuh_gbm/PKG - RHUH-GBM-nii-v1/RHUH-GBM_nii_v1/RHUH-0013/2/RHUH-0013_2_flair.nii.gz,5950022,5b2c5715c8ed679b0ffab4f5e8e04c3881ba6b593eea9424bd071ea38d007c4f,b3f1bd112499f201bebde97d3f98733c,240x240x155,1x1x1,float32,,,match
rhuh,RHUH-0013,2,adc,RHUH-0013_2_adc.nii.gz,longitudinal_rhuh_gbm/PKG - RHUH-GBM-nii-v1/RHUH-GBM_nii_v1/RHUH-0013/2/RHUH-0013_2_adc.nii.gz,longitudinal_rhuh_gbm.tar,longitudinal_rhuh_gbm/PKG - RHUH-GBM-nii-v1/RHUH-GBM_nii_v1/RHUH-0013/2/RHUH-0013_2_adc.nii.gz,2809223,3c20fc61edbd6083378556b59eb1782572e81e811c772495046d4130ff7a75dc,63c8f17db2984d4fb1ca1e91ba92c670,240x240x155,1x1x1,int16,,,match
rhuh,RHUH-0013,2,seg,RHUH-0013_2_segmentations.nii.gz,longitudinal_rhuh_gbm/PKG - RHUH-GBM-nii-v1/RHUH-GBM_nii_v1/RHUH-0013/2/RHUH-0013_2_segmentations.nii.gz,longitudinal_rhuh_gbm.tar,longitudinal_rhuh_gbm/PKG - RHUH-GBM-nii-v1/RHUH-GBM_nii_v1/RHUH-0013/2/RHUH-0013_2_segmentations.nii.gz,30374,6d5402909242cc8cb31d31c242728dac5517fcec8f25c118080755b9ff4d6345,4f2e59b58d08f2c6c0df4f094b279df2,240x240x155,1x1x1,uint16,"0,1,2,3",,match
rhuh,RHUH-0013,2,t2,RHUH-0013_2_t2.nii.gz,longitudinal_rhuh_gbm/PKG - RHUH-GBM-nii-v1/RHUH-GBM_nii_v1/RHUH-0013/2/RHUH-0013_2_t2.nii.gz,longitudinal_rhuh_gbm.tar,longitudinal_rhuh_gbm/PKG - RHUH-GBM-nii-v1/RHUH-GBM_nii_v1/RHUH-0013/2/RHUH-0013_2_t2.nii.gz,5975308,0e40298c0eb9af4aebfd3d6f960f925c13ca103466aa14675ed481bbc62823c3,11d5613ef3bebaa578dc59ef265fe7d5,240x240x155,1x1x1,float32,,,match
rhuh,RHUH-0026,0,t1,RHUH-0026_0_t1.nii.gz,longitudinal_rhuh_gbm/PKG - RHUH-GBM-nii-v1/RHUH-GBM_nii_v1/RHUH-0026/0/RHUH-0026_0_t1.nii.gz,longitudinal_rhuh_gbm.tar,longitudinal_rhuh_gbm/PKG - RHUH-GBM-nii-v1/RHUH-GBM_nii_v1/RHUH-0026/0/RHUH-0026_0_t1.nii.gz,5243276,e8888eacb68ff63dd57a295ab2c9a6d53cee9bf2120af83043f8b178c529b000,107e2c7f7229242c140ee81ce72f3dfd,240x240x155,1x1x1,float32,,,match
rhuh,RHUH-0026,0,seg,RHUH-0026_0_segmentations.nii.gz,longitudinal_rhuh_gbm/PKG - RHUH-GBM-nii-v1/RHUH-GBM_nii_v1/RHUH-0026/0/RHUH-0026_0_segmentations.nii.gz,longitudinal_rhuh_gbm.tar,longitudinal_rhuh_gbm/PKG - RHUH-GBM-nii-v1/RHUH-GBM_nii_v1/RHUH-0026/0/RHUH-0026_0_segmentations.nii.gz,23681,52bdcf2e52dc714a497d0c8b9fd5d37c5a4c88f62294b6b33071716233717b5d,935e2a49bd2120b418868034cb98bb14,240x240x155,1x1x1,uint16,"0,1,2,3",,match
rhuh,RHUH-0026,0,adc,RHUH-0026_0_adc.nii.gz,longitudinal_rhuh_gbm/PKG - RHUH-GBM-nii-v1/RHUH-GBM_nii_v1/RHUH-0026/0/RHUH-0026_0_adc.nii.gz,longitudinal_rhuh_gbm.tar,longitudinal_rhuh_gbm/PKG - RHUH-GBM-nii-v1/RHUH-GBM_nii_v1/RHUH-0026/0/RHUH-0026_0_adc.nii.gz,6369378,1523af56fcee8c1165abc76bf0183d03e72c09a90c1461d184870633dea54674,b09ba032f545ea51749208391b4fa37d,240x240x155,1x1x1,float64,,,match
rhuh,RHUH-0026,0,t2,RHUH-0026_0_t2.nii.gz,longitudinal_rhuh_gbm/PKG - RHUH-GBM-nii-v1/RHUH-GBM_nii_v1/RHUH-0026/0/RHUH-0026_0_t2.nii.gz,longitudinal_rhuh_gbm.tar,longitudinal_rhuh_gbm/PKG - RHUH-GBM-nii-v1/RHUH-GBM_nii_v1/RHUH-0026/0/RHUH-0026_0_t2.nii.gz,5224300,671b83706996dc1a8b562c3fbfa0ff7d2b11158d7476649ce7a8104a95cccff6,c142dc7ba6b83065f5000ed4a8089e07,240x240x155,1x1x1,float32,,,match
rhuh,RHUH-0026,0,t1ce,RHUH-0026_0_t1ce.nii.gz,longitudinal_rhuh_gbm/PKG - RHUH-GBM-nii-v1/RHUH-GBM_nii_v1/RHUH-0026/0/RHUH-0026_0_t1ce.nii.gz,longitudinal_rhuh_gbm.tar,longitudinal_rhuh_gbm/PKG - RHUH-GBM-nii-v1/RHUH-GBM_nii_v1/RHUH-0026/0/RHUH-0026_0_t1ce.nii.gz,5233545,e2c108ac8c79b68392aa6a56872772313bb250b8dfd94b696e7e3ef2a455c18c,13fb6b2c0a78b7da930eb8b52c35153a,240x240x155,1x1x1,float32,,,match
rhuh,RHUH-0026,0,flair,RHUH-0026_0_flair.nii.gz,longitudinal_rhuh_gbm/PKG - RHUH-GBM-nii-v1/RHUH-GBM_nii_v1/RHUH-0026/0/RHUH-0026_0_flair.nii.gz,longitudinal_rhuh_gbm.tar,longitudinal_rhuh_gbm/PKG - RHUH-GBM-nii-v1/RHUH-GBM_nii_v1/RHUH-0026/0/RHUH-0026_0_flair.nii.gz,5241771,a5271447118ecb917bd34d3769dfe71f9fbfa658ccdc7927622c1d9b69d0e868,5e05e296ddd137ceecd23e9cb10d191a,240x240x155,1x1x1,float32,,,match
rhuh,RHUH-0026,1,t1ce,RHUH-0026_1_t1ce.nii.gz,longitudinal_rhuh_gbm/PKG - RHUH-GBM-nii-v1/RHUH-GBM_nii_v1/RHUH-0026/1/RHUH-0026_1_t1ce.nii.gz,longitudinal_rhuh_gbm.tar,longitudinal_rhuh_gbm/PKG - RHUH-GBM-nii-v1/RHUH-GBM_nii_v1/RHUH-0026/1/RHUH-0026_1_t1ce.nii.gz,5386099,7371c5f1f3916db8e5218a6f80bb2c724397df563ca1d746a18cc828dc64bce2,bbbae3f2278c51e51697a09bcc3ea329,240x240x155,1x1x1,float32,,,match
rhuh,RHUH-0026,1,t1,RHUH-0026_1_t1.nii.gz,longitudinal_rhuh_gbm/PKG - RHUH-GBM-nii-v1/RHUH-GBM_nii_v1/RHUH-0026/1/RHUH-0026_1_t1.nii.gz,longitudinal_rhuh_gbm.tar,longitudinal_rhuh_gbm/PKG - RHUH-GBM-nii-v1/RHUH-GBM_nii_v1/RHUH-0026/1/RHUH-0026_1_t1.nii.gz,5306832,9e386088d4ddc83a82586fa56dae6b0ce567457f8465d11dabb637d750a11336,ac8f0c16d7680fb4d71640f31b927371,240x240x155,1x1x1,float32,,,match
rhuh,RHUH-0026,1,adc,RHUH-0026_1_adc.nii.gz,longitudinal_rhuh_gbm/PKG - RHUH-GBM-nii-v1/RHUH-GBM_nii_v1/RHUH-0026/1/RHUH-0026_1_adc.nii.gz,longitudinal_rhuh_gbm.tar,longitudinal_rhuh_gbm/PKG - RHUH-GBM-nii-v1/RHUH-GBM_nii_v1/RHUH-0026/1/RHUH-0026_1_adc.nii.gz,2636810,d0d0dba79caf5d751513b2ed99cab5db5e80ce6334a202791731b996cbf629c4,c911a70bd8b7d21179318a8256f0a828,240x240x155,1x1x1,int16,,,match
rhuh,RHUH-0026,1,t2,RHUH-0026_1_t2.nii.gz,longitudinal_rhuh_gbm/PKG - RHUH-GBM-nii-v1/RHUH-GBM_nii_v1/RHUH-0026/1/RHUH-0026_1_t2.nii.gz,longitudinal_rhuh_gbm.tar,longitudinal_rhuh_gbm/PKG - RHUH-GBM-nii-v1/RHUH-GBM_nii_v1/RHUH-0026/1/RHUH-0026_1_t2.nii.gz,5402234,044947c595483f4bf5bd146c5b3392a60c22b865a322681c2c5c52879d9ab69c,badf594a3f80994d8a07988f89ceb1dc,240x240x155,1x1x1,float32,,,match
rhuh,RHUH-0026,1,seg,RHUH-0026_1_segmentations.nii.gz,longitudinal_rhuh_gbm/PKG - RHUH-GBM-nii-v1/RHUH-GBM_nii_v1/RHUH-0026/1/RHUH-0026_1_segmentations.nii.gz,longitudinal_rhuh_gbm.tar,longitudinal_rhuh_gbm/PKG - RHUH-GBM-nii-v1/RHUH-GBM_nii_v1/RHUH-0026/1/RHUH-0026_1_segmentations.nii.gz,21970,6392d85b64adfa2e326bd23e4977d54b9b2cbc424e422adfbd007e87696e4987,5f73beb55cac0c9c49b0bc451d719447,240x240x155,1x1x1,uint16,"0,2",,match
rhuh,RHUH-0026,1,flair,RHUH-0026_1_flair.nii.gz,longitudinal_rhuh_gbm/PKG - RHUH-GBM-nii-v1/RHUH-GBM_nii_v1/RHUH-0026/1/RHUH-0026_1_flair.nii.gz,longitudinal_rhuh_gbm.tar,longitudinal_rhuh_gbm/PKG - RHUH-GBM-nii-v1/RHUH-GBM_nii_v1/RHUH-0026/1/RHUH-0026_1_flair.nii.gz,5426722,ba4e843ab90f9a273fcec7113440c3e455f42001f83ccb0cb655294c1446b6a4,d526783eb6ec30f46d5c0267617027e1,240x240x155,1x1x1,float32,,,match
rhuh,RHUH-0026,2,t1,RHUH-0026_2_t1.nii.gz,longitudinal_rhuh_gbm/PKG - RHUH-GBM-nii-v1/RHUH-GBM_nii_v1/RHUH-0026/2/RHUH-0026_2_t1.nii.gz,longitudinal_rhuh_gbm.tar,longitudinal_rhuh_gbm/PKG - RHUH-GBM-nii-v1/RHUH-GBM_nii_v1/RHUH-0026/2/RHUH-0026_2_t1.nii.gz,5355886,b1b00d025e3682114e75f145292f0398976f491fa560372c642928a4ed0d49a5,c1b452706f2f2e4b39a7826eb2116760,240x240x155,1x1x1,float32,,,match
rhuh,RHUH-0026,2,flair,RHUH-0026_2_flair.nii.gz,longitudinal_rhuh_gbm/PKG - RHUH-GBM-nii-v1/RHUH-GBM_nii_v1/RHUH-0026/2/RHUH-0026_2_flair.nii.gz,longitudinal_rhuh_gbm.tar,longitudinal_rhuh_gbm/PKG - RHUH-GBM-nii-v1/RHUH-GBM_nii_v1/RHUH-0026/2/RHUH-0026_2_flair.nii.gz,5379675,c524b117a67d11043d543e20ee1dab61314d54262bc1ee5ad13b6bbb07e8f701,c1ef093ba770cf55ea17a9fa428efb4a,240x240x155,1x1x1,float32,,,match
rhuh,RHUH-0026,2,adc,RHUH-0026_2_adc.nii.gz,longitudinal_rhuh_gbm/PKG - RHUH-GBM-nii-v1/RHUH-GBM_nii_v1/RHUH-0026/2/RHUH-0026_2_adc.nii.gz,longitudinal_rhuh_gbm.tar,longitudinal_rhuh_gbm/PKG - RHUH-GBM-nii-v1/RHUH-GBM_nii_v1/RHUH-0026/2/RHUH-0026_2_adc.nii.gz,2610756,a1b23acc302712d5f3ab5318629fb3f581eb824cceb25524c2413b9559a1505c,de71ee4aa24c249966aa341a5ca590f8,240x240x155,1x1x1,int16,,,match
rhuh,RHUH-0026,2,t1ce,RHUH-0026_2_t1ce.nii.gz,longitudinal_rhuh_gbm/PKG - RHUH-GBM-nii-v1/RHUH-GBM_nii_v1/RHUH-0026/2/RHUH-0026_2_t1ce.nii.gz,longitudinal_rhuh_gbm.tar,longitudinal_rhuh_gbm/PKG - RHUH-GBM-nii-v1/RHUH-GBM_nii_v1/RHUH-0026/2/RHUH-0026_2_t1ce.nii.gz,5364083,5e35b88065cd55dbbd6815383a86284bf1c66f913e884037414f5f5fd737bafb,658e657d1caaa86dba500309a9c9c792,240x240x155,1x1x1,float32,,,match
rhuh,RHUH-0026,2,seg,RHUH-0026_2_segmentations.nii.gz,longitudinal_rhuh_gbm/PKG - RHUH-GBM-nii-v1/RHUH-GBM_nii_v1/RHUH-0026/2/RHUH-0026_2_segmentations.nii.gz,longitudinal_rhuh_gbm.tar,longitudinal_rhuh_gbm/PKG - RHUH-GBM-nii-v1/RHUH-GBM_nii_v1/RHUH-0026/2/RHUH-0026_2_segmentations.nii.gz,25129,285b9d9d229ef65bb48658b701097050e48bef86646fe4d4dabce4e7cf663174,ce62bf26dc3451ea9455d42526964783,240x240x155,1x1x1,uint16,"0,2,3",,match
rhuh,RHUH-0026,2,t2,RHUH-0026_2_t2.nii.gz,longitudinal_rhuh_gbm/PKG - RHUH-GBM-nii-v1/RHUH-GBM_nii_v1/RHUH-0026/2/RHUH-0026_2_t2.nii.gz,longitudinal_rhuh_gbm.tar,longitudinal_rhuh_gbm/PKG - RHUH-GBM-nii-v1/RHUH-GBM_nii_v1/RHUH-0026/2/RHUH-0026_2_t2.nii.gz,5354376,b8b6454b1c499346c804162071e55301d3fa8b051a88756054779e5a6bf0e204,6bb5ee4b65934ca069e02d0cd5d7e735,240x240x155,1x1x1,float32,,,match
rhuh,RHUH-0022,0,flair,RHUH-0022_0_flair.nii.gz,longitudinal_rhuh_gbm/PKG - RHUH-GBM-nii-v1/RHUH-GBM_nii_v1/RHUH-0022/0/RHUH-0022_0_flair.nii.gz,longitudinal_rhuh_gbm.tar,longitudinal_rhuh_gbm/PKG - RHUH-GBM-nii-v1/RHUH-GBM_nii_v1/RHUH-0022/0/RHUH-0022_0_flair.nii.gz,4599732,ef4bac949de63eca3088477a6a7ba0a99aea9ae0cfed79148eccbe265b11960e,a9ccba77ea9f8b9f5bb0fd25a60dee3a,240x240x155,1x1x1,float32,,,match
rhuh,RHUH-0022,0,t1ce,RHUH-0022_0_t1ce.nii.gz,longitudinal_rhuh_gbm/PKG - RHUH-GBM-nii-v1/RHUH-GBM_nii_v1/RHUH-0022/0/RHUH-0022_0_t1ce.nii.gz,longitudinal_rhuh_gbm.tar,longitudinal_rhuh_gbm/PKG - RHUH-GBM-nii-v1/RHUH-GBM_nii_v1/RHUH-0022/0/RHUH-0022_0_t1ce.nii.gz,4559305,4ca8631417ec3d4f3d2d1f34656c7ad4e1da1c6659752177432efa121d43caf7,30dd4de8d376468f148f2266c2a1c564,240x240x155,1x1x1,float32,,,match
rhuh,RHUH-0022,0,t2,RHUH-0022_0_t2.nii.gz,longitudinal_rhuh_gbm/PKG - RHUH-GBM-nii-v1/RHUH-GBM_nii_v1/RHUH-0022/0/RHUH-0022_0_t2.nii.gz,longitudinal_rhuh_gbm.tar,longitudinal_rhuh_gbm/PKG - RHUH-GBM-nii-v1/RHUH-GBM_nii_v1/RHUH-0022/0/RHUH-0022_0_t2.nii.gz,4522823,aab86b66268d9286d93fa179efb14386f50ba3e45a5230e7e5f92b85d87779f6,351f7c7008a20c6f5ae09f34e90a2645,240x240x155,1x1x1,float32,,,match
rhuh,RHUH-0022,0,adc,RHUH-0022_0_adc.nii.gz,longitudinal_rhuh_gbm/PKG - RHUH-GBM-nii-v1/RHUH-GBM_nii_v1/RHUH-0022/0/RHUH-0022_0_adc.nii.gz,longitudinal_rhuh_gbm.tar,longitudinal_rhuh_gbm/PKG - RHUH-GBM-nii-v1/RHUH-GBM_nii_v1/RHUH-0022/0/RHUH-0022_0_adc.nii.gz,2260733,193c3e4bd0d0a2dfa5494f668d32bd3312492c2db3b9223dbfd9219431ca6221,7c52d74ec786aaf4f96cceb16a52a5c5,240x240x155,1x1x1,int16,,,match
rhuh,RHUH-0022,0,t1,RHUH-0022_0_t1.nii.gz,longitudinal_rhuh_gbm/PKG - RHUH-GBM-nii-v1/RHUH-GBM_nii_v1/RHUH-0022/0/RHUH-0022_0_t1.nii.gz,longitudinal_rhuh_gbm.tar,longitudinal_rhuh_gbm/PKG - RHUH-GBM-nii-v1/RHUH-GBM_nii_v1/RHUH-0022/0/RHUH-0022_0_t1.nii.gz,4606144,9fc0437469621da2053509ddd5bf3b60d43f17fce2d0bdcd7aea6b169b7db0bf,d83f3fcc5981388242a659a9c26608b2,240x240x155,1x1x1,float32,,,match
rhuh,RHUH-0022,0,seg,RHUH-0022_0_segmentations.nii.gz,longitudinal_rhuh_gbm/PKG - RHUH-GBM-nii-v1/RHUH-GBM_nii_v1/RHUH-0022/0/RHUH-0022_0_segmentations.nii.gz,longitudinal_rhuh_gbm.tar,longitudinal_rhuh_gbm/PKG - RHUH-GBM-nii-v1/RHUH-GBM_nii_v1/RHUH-0022/0/RHUH-0022_0_segmentations.nii.gz,30894,e9fce0742db0a01cd470981f759d8be940b298b2c49c3f0b510add251526b5ac,e52bc3d791d30d94144fa9228af59693,240x240x155,1x1x1,uint16,"0,1,2,3",,match
rhuh,RHUH-0022,1,adc,RHUH-0022_1_adc.nii.gz,longitudinal_rhuh_gbm/PKG - RHUH-GBM-nii-v1/RHUH-GBM_nii_v1/RHUH-0022/1/RHUH-0022_1_adc.nii.gz,longitudinal_rhuh_gbm.tar,longitudinal_rhuh_gbm/PKG - RHUH-GBM-nii-v1/RHUH-GBM_nii_v1/RHUH-0022/1/RHUH-0022_1_adc.nii.gz,2400010,2b1f4ea53f4ecf834f609e80ae859e0318a4467c4af64919d3dc02fb31ed3f88,01ee2835445e5c02753b927f4bee905d,240x240x155,1x1x1,int16,,,match
rhuh,RHUH-0022,1,t2,RHUH-0022_1_t2.nii.gz,longitudinal_rhuh_gbm/PKG - RHUH-GBM-nii-v1/RHUH-GBM_nii_v1/RHUH-0022/1/RHUH-0022_1_t2.nii.gz,longitudinal_rhuh_gbm.tar,longitudinal_rhuh_gbm/PKG - RHUH-GBM-nii-v1/RHUH-GBM_nii_v1/RHUH-0022/1/RHUH-0022_1_t2.nii.gz,4593979,b95f25881d8b22a279b7288c5cd5bbc8c8beed73f64a3c59bff419b80387d5c2,218364da590b621427d5b5f9c6e4fb2e,240x240x155,1x1x1,float32,,,match
rhuh,RHUH-0022,1,flair,RHUH-0022_1_flair.nii.gz,longitudinal_rhuh_gbm/PKG - RHUH-GBM-nii-v1/RHUH-GBM_nii_v1/RHUH-0022/1/RHUH-0022_1_flair.nii.gz,longitudinal_rhuh_gbm.tar,longitudinal_rhuh_gbm/PKG - RHUH-GBM-nii-v1/RHUH-GBM_nii_v1/RHUH-0022/1/RHUH-0022_1_flair.nii.gz,4644053,5b0eab03082f47bcf71da1d098822bfb8af205032cc28df2edbb43dcd6670dc5,b87369289ecfdd0c828dd23b6ec91898,240x240x155,1x1x1,float32,,,match
rhuh,RHUH-0022,1,t1ce,RHUH-0022_1_t1ce.nii.gz,longitudinal_rhuh_gbm/PKG - RHUH-GBM-nii-v1/RHUH-GBM_nii_v1/RHUH-0022/1/RHUH-0022_1_t1ce.nii.gz,longitudinal_rhuh_gbm.tar,longitudinal_rhuh_gbm/PKG - RHUH-GBM-nii-v1/RHUH-GBM_nii_v1/RHUH-0022/1/RHUH-0022_1_t1ce.nii.gz,4610724,3063261e61dcd3ee242e75d65671ef0c1492d5ff566b57c6db2927e6652964dd,ddc897ed586d05faae023a28cc58a4d4,240x240x155,1x1x1,float32,,,match
rhuh,RHUH-0022,1,seg,RHUH-0022_1_segmentations.nii.gz,longitudinal_rhuh_gbm/PKG - RHUH-GBM-nii-v1/RHUH-GBM_nii_v1/RHUH-0022/1/RHUH-0022_1_segmentations.nii.gz,longitudinal_rhuh_gbm.tar,longitudinal_rhuh_gbm/PKG - RHUH-GBM-nii-v1/RHUH-GBM_nii_v1/RHUH-0022/1/RHUH-0022_1_segmentations.nii.gz,20143,a348468eb6614fc97998959bdd98f6ca0cff4f3c52871a3a92f2fb3e0891f85d,0a7d81e05bb9cb89299ac6d470c638a8,240x240x155,1x1x1,uint16,"0,2",,match
rhuh,RHUH-0022,1,t1,RHUH-0022_1_t1.nii.gz,longitudinal_rhuh_gbm/PKG - RHUH-GBM-nii-v1/RHUH-GBM_nii_v1/RHUH-0022/1/RHUH-0022_1_t1.nii.gz,longitudinal_rhuh_gbm.tar,longitudinal_rhuh_gbm/PKG - RHUH-GBM-nii-v1/RHUH-GBM_nii_v1/RHUH-0022/1/RHUH-0022_1_t1.nii.gz,3398631,f333c29d3fa43e7d65b4ab31f13956c6a97c4bb9f1a58d8275633b507d7c45a1,0f33adcbbd12e3108f4f7057dc886368,240x240x155,1x1x1,float32,,,match
rhuh,RHUH-0022,2,t1ce,RHUH-0022_2_t1ce.nii.gz,longitudinal_rhuh_gbm/PKG - RHUH-GBM-nii-v1/RHUH-GBM_nii_v1/RHUH-0022/2/RHUH-0022_2_t1ce.nii.gz,longitudinal_rhuh_gbm.tar,longitudinal_rhuh_gbm/PKG - RHUH-GBM-nii-v1/RHUH-GBM_nii_v1/RHUH-0022/2/RHUH-0022_2_t1ce.nii.gz,4591296,c1b2b4c37f646a7d77e2b92bb1822e367d8af835f63fde96c204066a0f9accf5,c3fe534bac48cc9ee2a41955eace3050,240x240x155,1x1x1,float32,,,match
rhuh,RHUH-0022,2,t1,RHUH-0022_2_t1.nii.gz,longitudinal_rhuh_gbm/PKG - RHUH-GBM-nii-v1/RHUH-GBM_nii_v1/RHUH-0022/2/RHUH-0022_2_t1.nii.gz,longitudinal_rhuh_gbm.tar,longitudinal_rhuh_gbm/PKG - RHUH-GBM-nii-v1/RHUH-GBM_nii_v1/RHUH-0022/2/RHUH-0022_2_t1.nii.gz,4570714,7c8eb6e1eb172d280f6b35a73239ddf055807b5119e90e611dd8020425d6b928,c6f132454e469bf924626de1228f7585,240x240x155,1x1x1,float32,,,match
rhuh,RHUH-0022,2,flair,RHUH-0022_2_flair.nii.gz,longitudinal_rhuh_gbm/PKG - RHUH-GBM-nii-v1/RHUH-GBM_nii_v1/RHUH-0022/2/RHUH-0022_2_flair.nii.gz,longitudinal_rhuh_gbm.tar,longitudinal_rhuh_gbm/PKG - RHUH-GBM-nii-v1/RHUH-GBM_nii_v1/RHUH-0022/2/RHUH-0022_2_flair.nii.gz,4583974,3f63bf22f6662ec40aa7c09f27d8c900c8bbb7ca8171c93d49d01a881836554f,b205c6dd6a9b39ec456240fdaf9bda3a,240x240x155,1x1x1,float32,,,match
rhuh,RHUH-0022,2,adc,RHUH-0022_2_adc.nii.gz,longitudinal_rhuh_gbm/PKG - RHUH-GBM-nii-v1/RHUH-GBM_nii_v1/RHUH-0022/2/RHUH-0022_2_adc.nii.gz,longitudinal_rhuh_gbm.tar,longitudinal_rhuh_gbm/PKG - RHUH-GBM-nii-v1/RHUH-GBM_nii_v1/RHUH-0022/2/RHUH-0022_2_adc.nii.gz,2181364,049cbbc97911739eea632688b9ba2c2a61960398b107adbf49c24fd6fe25ff43,c90db0b3d66ebc38d360218b9d3e0db1,240x240x155,1x1x1,int16,,,match
rhuh,RHUH-0022,2,t2,RHUH-0022_2_t2.nii.gz,longitudinal_rhuh_gbm/PKG - RHUH-GBM-nii-v1/RHUH-GBM_nii_v1/RHUH-0022/2/RHUH-0022_2_t2.nii.gz,longitudinal_rhuh_gbm.tar,longitudinal_rhuh_gbm/PKG - RHUH-GBM-nii-v1/RHUH-GBM_nii_v1/RHUH-0022/2/RHUH-0022_2_t2.nii.gz,4563979,cce33516aa7364bff3402ab4b83beddf59d854c387412a9edc4316407509f476,3365af663f955341fd0ca076ef063ee4,240x240x155,1x1x1,float32,,,match
rhuh,RHUH-0022,2,seg,RHUH-0022_2_segmentations.nii.gz,longitudinal_rhuh_gbm/PKG - RHUH-GBM-nii-v1/RHUH-GBM_nii_v1/RHUH-0022/2/RHUH-0022_2_segmentations.nii.gz,longitudinal_rhuh_gbm.tar,longitudinal_rhuh_gbm/PKG - RHUH-GBM-nii-v1/RHUH-GBM_nii_v1/RHUH-0022/2/RHUH-0022_2_segmentations.nii.gz,22844,8b8e7529488b3919d29dd6d7733f2758160ed9a3372ffea1f68de732ca4d9c49,8d414c2f6facfa8f4e78030841716d02,240x240x155,1x1x1,uint16,"0,1,2,3",,match
rhuh,RHUH-0037,0,adc,RHUH-0037_0_adc.nii.gz,longitudinal_rhuh_gbm/PKG - RHUH-GBM-nii-v1/RHUH-GBM_nii_v1/RHUH-0037/0/RHUH-0037_0_adc.nii.gz,longitudinal_rhuh_gbm.tar,longitudinal_rhuh_gbm/PKG - RHUH-GBM-nii-v1/RHUH-GBM_nii_v1/RHUH-0037/0/RHUH-0037_0_adc.nii.gz,2775029,be55e201c200225ad79fbebbc4e87256112016e44bd9f88ba4ef5c8f92278687,319e26a4f6faab7d0b4d24b3630444ec,240x240x155,1x1x1,int16,,,match
rhuh,RHUH-0037,0,t1ce,RHUH-0037_0_t1ce.nii.gz,longitudinal_rhuh_gbm/PKG - RHUH-GBM-nii-v1/RHUH-GBM_nii_v1/RHUH-0037/0/RHUH-0037_0_t1ce.nii.gz,longitudinal_rhuh_gbm.tar,longitudinal_rhuh_gbm/PKG - RHUH-GBM-nii-v1/RHUH-GBM_nii_v1/RHUH-0037/0/RHUH-0037_0_t1ce.nii.gz,6218841,132b2c0016e4eac7c4effaf209fe7202e09fa7b7b0d68b61ca37b84d4355bf20,fdef949b2979e08e992c51423955ce04,240x240x155,1x1x1,float32,,,match
rhuh,RHUH-0037,0,seg,RHUH-0037_0_segmentations.nii.gz,longitudinal_rhuh_gbm/PKG - RHUH-GBM-nii-v1/RHUH-GBM_nii_v1/RHUH-0037/0/RHUH-0037_0_segmentations.nii.gz,longitudinal_rhuh_gbm.tar,longitudinal_rhuh_gbm/PKG - RHUH-GBM-nii-v1/RHUH-GBM_nii_v1/RHUH-0037/0/RHUH-0037_0_segmentations.nii.gz,28548,3a08b8d31a0ee8a3866f5eb7008a91cf32f67ee02b5df6d608d38607f716b253,c32f849696703ae3d21f9641b905429f,240x240x155,1x1x1,uint16,"0,1,2,3",,match
rhuh,RHUH-0037,0,flair,RHUH-0037_0_flair.nii.gz,longitudinal_rhuh_gbm/PKG - RHUH-GBM-nii-v1/RHUH-GBM_nii_v1/RHUH-0037/0/RHUH-0037_0_flair.nii.gz,longitudinal_rhuh_gbm.tar,longitudinal_rhuh_gbm/PKG - RHUH-GBM-nii-v1/RHUH-GBM_nii_v1/RHUH-0037/0/RHUH-0037_0_flair.nii.gz,6204274,d1bff95c642ee1d0355a359ddd7c3af5970cbc5f7b010f5d65d70e1220cb2ccb,41370b3ea4bff1225024e443f8f82c88,240x240x155,1x1x1,float32,,,match
rhuh,RHUH-0037,0,t2,RHUH-0037_0_t2.nii.gz,longitudinal_rhuh_gbm/PKG - RHUH-GBM-nii-v1/RHUH-GBM_nii_v1/RHUH-0037/0/RHUH-0037_0_t2.nii.gz,longitudinal_rhuh_gbm.tar,longitudinal_rhuh_gbm/PKG - RHUH-GBM-nii-v1/RHUH-GBM_nii_v1/RHUH-0037/0/RHUH-0037_0_t2.nii.gz,6190443,2b1f60e5cf47f6ac5f9f3d1565eba2df38f95afe05d7467b06c2d42d16946aab,b360bbfc260e1e90ac796b82c9bbf814,240x240x155,1x1x1,float32,,,match
rhuh,RHUH-0037,0,t1,RHUH-0037_0_t1.nii.gz,longitudinal_rhuh_gbm/PKG - RHUH-GBM-nii-v1/RHUH-GBM_nii_v1/RHUH-0037/0/RHUH-0037_0_t1.nii.gz,longitudinal_rhuh_gbm.tar,longitudinal_rhuh_gbm/PKG - RHUH-GBM-nii-v1/RHUH-GBM_nii_v1/RHUH-0037/0/RHUH-0037_0_t1.nii.gz,6188251,0762a16d0804852e808f30eb4e7715b8d82b862a49d6f3e866a8264c9b0c8ad1,dd9f312e9a1ab3529ef1a62c0e6beb18,240x240x155,1x1x1,float32,,,match
rhuh,RHUH-0037,1,t2,RHUH-0037_1_t2.nii.gz,longitudinal_rhuh_gbm/PKG - RHUH-GBM-nii-v1/RHUH-GBM_nii_v1/RHUH-0037/1/RHUH-0037_1_t2.nii.gz,longitudinal_rhuh_gbm.tar,longitudinal_rhuh_gbm/PKG - RHUH-GBM-nii-v1/RHUH-GBM_nii_v1/RHUH-0037/1/RHUH-0037_1_t2.nii.gz,6078562,9db9f39445d47da2e7d2dfe387f89fa488305356f12cc4b5c93543fa723e3273,56df0cc0f97f6c48711ec0b111f8d656,240x240x155,1x1x1,float32,,,match
rhuh,RHUH-0037,1,flair,RHUH-0037_1_flair.nii.gz,longitudinal_rhuh_gbm/PKG - RHUH-GBM-nii-v1/RHUH-GBM_nii_v1/RHUH-0037/1/RHUH-0037_1_flair.nii.gz,longitudinal_rhuh_gbm.tar,longitudinal_rhuh_gbm/PKG - RHUH-GBM-nii-v1/RHUH-GBM_nii_v1/RHUH-0037/1/RHUH-0037_1_flair.nii.gz,6118356,344b0dfeb9a43170c543a4ae950a949065c7a0f69850fb9bb705662c0d1e9821,f3a21119d0478879a6726cfdf1411f88,240x240x155,1x1x1,float32,,,match
rhuh,RHUH-0037,1,adc,RHUH-0037_1_adc.nii.gz,longitudinal_rhuh_gbm/PKG - RHUH-GBM-nii-v1/RHUH-GBM_nii_v1/RHUH-0037/1/RHUH-0037_1_adc.nii.gz,longitudinal_rhuh_gbm.tar,longitudinal_rhuh_gbm/PKG - RHUH-GBM-nii-v1/RHUH-GBM_nii_v1/RHUH-0037/1/RHUH-0037_1_adc.nii.gz,2822218,682fade84c712820467d3e5b4e2409fbba3e95513d4f3c451c7b662abe0c13ce,49838932ef7143266bbef897dac021db,240x240x155,1x1x1,int16,,,match
rhuh,RHUH-0037,1,t1,RHUH-0037_1_t1.nii.gz,longitudinal_rhuh_gbm/PKG - RHUH-GBM-nii-v1/RHUH-GBM_nii_v1/RHUH-0037/1/RHUH-0037_1_t1.nii.gz,longitudinal_rhuh_gbm.tar,longitudinal_rhuh_gbm/PKG - RHUH-GBM-nii-v1/RHUH-GBM_nii_v1/RHUH-0037/1/RHUH-0037_1_t1.nii.gz,6080994,d32b79df47a94fedfc8d54dee53922b204fe79e50eeb585300926397cc5fbe31,42d289cfbfbf70f844f3886664bd4a29,240x240x155,1x1x1,float32,,,match
rhuh,RHUH-0037,1,seg,RHUH-0037_1_segmentations.nii.gz,longitudinal_rhuh_gbm/PKG - RHUH-GBM-nii-v1/RHUH-GBM_nii_v1/RHUH-0037/1/RHUH-0037_1_segmentations.nii.gz,longitudinal_rhuh_gbm.tar,longitudinal_rhuh_gbm/PKG - RHUH-GBM-nii-v1/RHUH-GBM_nii_v1/RHUH-0037/1/RHUH-0037_1_segmentations.nii.gz,20379,e6e5d57e819a5026909cf0e6e249b5943f195421654694e666b2dec0ca1b3ae1,29aacbae4054d21b3494f8f4e749e29f,240x240x155,1x1x1,uint16,"0,2",,match
rhuh,RHUH-0037,1,t1ce,RHUH-0037_1_t1ce.nii.gz,longitudinal_rhuh_gbm/PKG - RHUH-GBM-nii-v1/RHUH-GBM_nii_v1/RHUH-0037/1/RHUH-0037_1_t1ce.nii.gz,longitudinal_rhuh_gbm.tar,longitudinal_rhuh_gbm/PKG - RHUH-GBM-nii-v1/RHUH-GBM_nii_v1/RHUH-0037/1/RHUH-0037_1_t1ce.nii.gz,6114526,b24c6778e03c5bfe37eb4d4c4bbabd8cbc5a6fed8fbec8794ea20846b885da5f,f2bf53ebb1da0a6d82d437d50ec888d3,240x240x155,1x1x1,float32,,,match
rhuh,RHUH-0037,2,adc,RHUH-0037_2_adc.nii.gz,longitudinal_rhuh_gbm/PKG - RHUH-GBM-nii-v1/RHUH-GBM_nii_v1/RHUH-0037/2/RHUH-0037_2_adc.nii.gz,longitudinal_rhuh_gbm.tar,longitudinal_rhuh_gbm/PKG - RHUH-GBM-nii-v1/RHUH-GBM_nii_v1/RHUH-0037/2/RHUH-0037_2_adc.nii.gz,2828739,006823102369e476c0aefd0ba6076b2b889caf9b54144fedf916f450b2e02648,bed11253585145583aa502dfe293a2af,240x240x155,1x1x1,int16,,,match
rhuh,RHUH-0037,2,t2,RHUH-0037_2_t2.nii.gz,longitudinal_rhuh_gbm/PKG - RHUH-GBM-nii-v1/RHUH-GBM_nii_v1/RHUH-0037/2/RHUH-0037_2_t2.nii.gz,longitudinal_rhuh_gbm.tar,longitudinal_rhuh_gbm/PKG - RHUH-GBM-nii-v1/RHUH-GBM_nii_v1/RHUH-0037/2/RHUH-0037_2_t2.nii.gz,6236471,67cf508169c8923bc89e39cc42ccfc2535704b10baa8d20f417d37b4070c44c9,1d233ad06bd35b3f9f4c51427d56c324,240x240x155,1x1x1,float32,,,match
rhuh,RHUH-0037,2,t1,RHUH-0037_2_t1.nii.gz,longitudinal_rhuh_gbm/PKG - RHUH-GBM-nii-v1/RHUH-GBM_nii_v1/RHUH-0037/2/RHUH-0037_2_t1.nii.gz,longitudinal_rhuh_gbm.tar,longitudinal_rhuh_gbm/PKG - RHUH-GBM-nii-v1/RHUH-GBM_nii_v1/RHUH-0037/2/RHUH-0037_2_t1.nii.gz,6216882,1f1298297e4a3f668b4786af862e25da27c3c348886225f5d80f384dd9e2dbe9,0cf7ef937377244fb0f9cd12ab29620b,240x240x155,1x1x1,float32,,,match
rhuh,RHUH-0037,2,flair,RHUH-0037_2_flair.nii.gz,longitudinal_rhuh_gbm/PKG - RHUH-GBM-nii-v1/RHUH-GBM_nii_v1/RHUH-0037/2/RHUH-0037_2_flair.nii.gz,longitudinal_rhuh_gbm.tar,longitudinal_rhuh_gbm/PKG - RHUH-GBM-nii-v1/RHUH-GBM_nii_v1/RHUH-0037/2/RHUH-0037_2_flair.nii.gz,6216690,ed2ee880b979f17ebd0a22a1d05fb236da36ded357a63d2adb78356a4a457c2f,1e5902cf56689d38a29955439fa52b98,240x240x155,1x1x1,float32,,,match
rhuh,RHUH-0037,2,seg,RHUH-0037_2_segmentations.nii.gz,longitudinal_rhuh_gbm/PKG - RHUH-GBM-nii-v1/RHUH-GBM_nii_v1/RHUH-0037/2/RHUH-0037_2_segmentations.nii.gz,longitudinal_rhuh_gbm.tar,longitudinal_rhuh_gbm/PKG - RHUH-GBM-nii-v1/RHUH-GBM_nii_v1/RHUH-0037/2/RHUH-0037_2_segmentations.nii.gz,30567,496db9cb8e52fa83b0b6e7dbc4ba49763ae3d9e17736621c8db7358584d2464c,5b42a1ae85384bf6136659b4e7dc5457,240x240x155,1x1x1,uint16,"0,1,2,3",,match
rhuh,RHUH-0037,2,t1ce,RHUH-0037_2_t1ce.nii.gz,longitudinal_rhuh_gbm/PKG - RHUH-GBM-nii-v1/RHUH-GBM_nii_v1/RHUH-0037/2/RHUH-0037_2_t1ce.nii.gz,longitudinal_rhuh_gbm.tar,longitudinal_rhuh_gbm/PKG - RHUH-GBM-nii-v1/RHUH-GBM_nii_v1/RHUH-0037/2/RHUH-0037_2_t1ce.nii.gz,6255553,f9e426d359e9b7ec39fccbc9d1c7e4fad63d7db367a7f3d618759aa5bd12363e,030bfc6b82deeed75c82744360c34fe9,240x240x155,1x1x1,float32,,,match
rhuh,RHUH-0016,0,t2,RHUH-0016_0_t2.nii.gz,longitudinal_rhuh_gbm/PKG - RHUH-GBM-nii-v1/RHUH-GBM_nii_v1/RHUH-0016/0/RHUH-0016_0_t2.nii.gz,longitudinal_rhuh_gbm.tar,longitudinal_rhuh_gbm/PKG - RHUH-GBM-nii-v1/RHUH-GBM_nii_v1/RHUH-0016/0/RHUH-0016_0_t2.nii.gz,5483320,398e93c1f0611689750afe9768139c210d33ed49b937b6a1412e899706a5c2b2,c6b7f98c0049ae26269c672bc64c2406,240x240x155,1x1x1,float32,,,match
rhuh,RHUH-0016,0,t1,RHUH-0016_0_t1.nii.gz,longitudinal_rhuh_gbm/PKG - RHUH-GBM-nii-v1/RHUH-GBM_nii_v1/RHUH-0016/0/RHUH-0016_0_t1.nii.gz,longitudinal_rhuh_gbm.tar,longitudinal_rhuh_gbm/PKG - RHUH-GBM-nii-v1/RHUH-GBM_nii_v1/RHUH-0016/0/RHUH-0016_0_t1.nii.gz,5432399,d3f2a81c602e9e120eff0edc22a535d2b19c3332411e34b13dd6cec9455ada99,bd75b37491f0da68888859e1329e76d8,240x240x155,1x1x1,float32,,,match
rhuh,RHUH-0016,0,flair,RHUH-0016_0_flair.nii.gz,longitudinal_rhuh_gbm/PKG - RHUH-GBM-nii-v1/RHUH-GBM_nii_v1/RHUH-0016/0/RHUH-0016_0_flair.nii.gz,longitudinal_rhuh_gbm.tar,longitudinal_rhuh_gbm/PKG - RHUH-GBM-nii-v1/RHUH-GBM_nii_v1/RHUH-0016/0/RHUH-0016_0_flair.nii.gz,5390015,608bdf3ca7d2ef71fa257524e411b1a2ed390e67808d5768a5b943a4d1100a41,c87c25fc04ff59a339b54b7418986fad,240x240x155,1x1x1,float32,,,match
rhuh,RHUH-0016,0,t1ce,RHUH-0016_0_t1ce.nii.gz,longitudinal_rhuh_gbm/PKG - RHUH-GBM-nii-v1/RHUH-GBM_nii_v1/RHUH-0016/0/RHUH-0016_0_t1ce.nii.gz,longitudinal_rhuh_gbm.tar,longitudinal_rhuh_gbm/PKG - RHUH-GBM-nii-v1/RHUH-GBM_nii_v1/RHUH-0016/0/RHUH-0016_0_t1ce.nii.gz,5401101,2dd20a31b404f9f2616fd14c0e1d34a6485a09bb3ccd2e6d3484a0b515cdf1ad,9a67d7e4556b63a8ff4a3aae839d4cda,240x240x155,1x1x1,float32,,,match
rhuh,RHUH-0016,0,adc,RHUH-0016_0_adc.nii.gz,longitudinal_rhuh_gbm/PKG - RHUH-GBM-nii-v1/RHUH-GBM_nii_v1/RHUH-0016/0/RHUH-0016_0_adc.nii.gz,longitudinal_rhuh_gbm.tar,longitudinal_rhuh_gbm/PKG - RHUH-GBM-nii-v1/RHUH-GBM_nii_v1/RHUH-0016/0/RHUH-0016_0_adc.nii.gz,2511208,e045b178e8a74b795a74c746eceb22d985511a4930848eab49a9ba217c37c40e,db3b71cf73f8f344a3a4ec73f33eb618,240x240x155,1x1x1,int16,,,match
rhuh,RHUH-0016,0,seg,RHUH-0016_0_segmentations.nii.gz,longitudinal_rhuh_gbm/PKG - RHUH-GBM-nii-v1/RHUH-GBM_nii_v1/RHUH-0016/0/RHUH-0016_0_segmentations.nii.gz,longitudinal_rhuh_gbm.tar,longitudinal_rhuh_gbm/PKG - RHUH-GBM-nii-v1/RHUH-GBM_nii_v1/RHUH-0016/0/RHUH-0016_0_segmentations.nii.gz,38196,91011af913e4e1af62b225f9ea2173d44ddf0216d8ee72052cc7b7f34e3184bb,595b3cb0a4943fd40c379addb80c0cb5,240x240x155,1x1x1,uint16,"0,1,2,3",,match
rhuh,RHUH-0016,1,adc,RHUH-0016_1_adc.nii.gz,longitudinal_rhuh_gbm/PKG - RHUH-GBM-nii-v1/RHUH-GBM_nii_v1/RHUH-0016/1/RHUH-0016_1_adc.nii.gz,longitudinal_rhuh_gbm.tar,longitudinal_rhuh_gbm/PKG - RHUH-GBM-nii-v1/RHUH-GBM_nii_v1/RHUH-0016/1/RHUH-0016_1_adc.nii.gz,7427971,a04957039896d50fb5a8cddeb156c5d6719bec45c2358a89a323af4ea4ab017e,5899be47bc651de2f7b9b77561f19517,240x240x155,1x1x1,float64,,,match
rhuh,RHUH-0016,1,seg,RHUH-0016_1_segmentations.nii.gz,longitudinal_rhuh_gbm/PKG - RHUH-GBM-nii-v1/RHUH-GBM_nii_v1/RHUH-0016/1/RHUH-0016_1_segmentations.nii.gz,longitudinal_rhuh_gbm.tar,longitudinal_rhuh_gbm/PKG - RHUH-GBM-nii-v1/RHUH-GBM_nii_v1/RHUH-0016/1/RHUH-0016_1_segmentations.nii.gz,26993,0c7b54bd6e4cf6dac50ad2909efa491a140656f167cc6dd8cd16f20f80e80c5a,9c2215c57f3186024721ed67099be479,240x240x155,1x1x1,uint16,"0,2",,match
rhuh,RHUH-0016,1,t1ce,RHUH-0016_1_t1ce.nii.gz,longitudinal_rhuh_gbm/PKG - RHUH-GBM-nii-v1/RHUH-GBM_nii_v1/RHUH-0016/1/RHUH-0016_1_t1ce.nii.gz,longitudinal_rhuh_gbm.tar,longitudinal_rhuh_gbm/PKG - RHUH-GBM-nii-v1/RHUH-GBM_nii_v1/RHUH-0016/1/RHUH-0016_1_t1ce.nii.gz,5628812,303c28a6af7b67d7fbef6afe0dc92fb635bbf0212f45330e4571ee598c9ea610,480ff80008779ef6b6c08fbe83928853,240x240x155,1x1x1,float32,,,match
rhuh,RHUH-0016,1,t1,RHUH-0016_1_t1.nii.gz,longitudinal_rhuh_gbm/PKG - RHUH-GBM-nii-v1/RHUH-GBM_nii_v1/RHUH-0016/1/RHUH-0016_1_t1.nii.gz,longitudinal_rhuh_gbm.tar,longitudinal_rhuh_gbm/PKG - RHUH-GBM-nii-v1/RHUH-GBM_nii_v1/RHUH-0016/1/RHUH-0016_1_t1.nii.gz,5528465,dee6317fa5c74817a5bacb3e123246fe42c700754996d9fd53be6514ec2e8cfc,fde37808a2451f19246852176ea53966,240x240x155,1x1x1,float32,,,match
rhuh,RHUH-0016,1,flair,RHUH-0016_1_flair.nii.gz,longitudinal_rhuh_gbm/PKG - RHUH-GBM-nii-v1/RHUH-GBM_nii_v1/RHUH-0016/1/RHUH-0016_1_flair.nii.gz,longitudinal_rhuh_gbm.tar,longitudinal_rhuh_gbm/PKG - RHUH-GBM-nii-v1/RHUH-GBM_nii_v1/RHUH-0016/1/RHUH-0016_1_flair.nii.gz,5516797,2a46c785a48e7b3d3a84954f860788e3fc3e9003a9ff0f38069aa37130926afb,744d361685cefc134274f832ce3ffb53,240x240x155,1x1x1,float32,,,match
rhuh,RHUH-0016,1,t2,RHUH-0016_1_t2.nii.gz,longitudinal_rhuh_gbm/PKG - RHUH-GBM-nii-v1/RHUH-GBM_nii_v1/RHUH-0016/1/RHUH-0016_1_t2.nii.gz,longitudinal_rhuh_gbm.tar,longitudinal_rhuh_gbm/PKG - RHUH-GBM-nii-v1/RHUH-GBM_nii_v1/RHUH-0016/1/RHUH-0016_1_t2.nii.gz,5551513,6dc64d800629c7db1b930dc4225d415e6ecd9ae1fd9455e03bc90f14a8f9fa06,d2c0c70f563f49c292c50745ed89c9e0,240x240x155,1x1x1,float32,,,match
rhuh,RHUH-0016,2,seg,RHUH-0016_2_segmentations.nii.gz,longitudinal_rhuh_gbm/PKG - RHUH-GBM-nii-v1/RHUH-GBM_nii_v1/RHUH-0016/2/RHUH-0016_2_segmentations.nii.gz,longitudinal_rhuh_gbm.tar,longitudinal_rhuh_gbm/PKG - RHUH-GBM-nii-v1/RHUH-GBM_nii_v1/RHUH-0016/2/RHUH-0016_2_segmentations.nii.gz,24893,950639a958e072577ac1b1b95f795fa80e059583154cac8cb1d370675f8dc020,e7bc8010e7ef569fe9509a8c4a15f69e,240x240x155,1x1x1,uint16,"0,2,3",,match
rhuh,RHUH-0016,2,flair,RHUH-0016_2_flair.nii.gz,longitudinal_rhuh_gbm/PKG - RHUH-GBM-nii-v1/RHUH-GBM_nii_v1/RHUH-0016/2/RHUH-0016_2_flair.nii.gz,longitudinal_rhuh_gbm.tar,longitudinal_rhuh_gbm/PKG - RHUH-GBM-nii-v1/RHUH-GBM_nii_v1/RHUH-0016/2/RHUH-0016_2_flair.nii.gz,5333302,61eef479be56c12cfb5f4c261186718137b3f3e13eced5beb0a505f6035704ff,a2d91819ef1df3c4a8732b5971fdc9f3,240x240x155,1x1x1,float32,,,match
rhuh,RHUH-0016,2,adc,RHUH-0016_2_adc.nii.gz,longitudinal_rhuh_gbm/PKG - RHUH-GBM-nii-v1/RHUH-GBM_nii_v1/RHUH-0016/2/RHUH-0016_2_adc.nii.gz,longitudinal_rhuh_gbm.tar,longitudinal_rhuh_gbm/PKG - RHUH-GBM-nii-v1/RHUH-GBM_nii_v1/RHUH-0016/2/RHUH-0016_2_adc.nii.gz,2552236,be6884d105fbf9319dfcf187a5bd01cbeac552c66ab348bf27431e42256e2d3f,46242cde691ae5334c0b5a5427066db1,240x240x155,1x1x1,int16,,,match
rhuh,RHUH-0016,2,t1ce,RHUH-0016_2_t1ce.nii.gz,longitudinal_rhuh_gbm/PKG - RHUH-GBM-nii-v1/RHUH-GBM_nii_v1/RHUH-0016/2/RHUH-0016_2_t1ce.nii.gz,longitudinal_rhuh_gbm.tar,longitudinal_rhuh_gbm/PKG - RHUH-GBM-nii-v1/RHUH-GBM_nii_v1/RHUH-0016/2/RHUH-0016_2_t1ce.nii.gz,5336180,b710dffc6aa3a803392d90e851dd215266e65ee24c7b6f756cf31e771430849f,44b50bcb2f59db7e624ffcd2575e4804,240x240x155,1x1x1,float32,,,match
rhuh,RHUH-0016,2,t1,RHUH-0016_2_t1.nii.gz,longitudinal_rhuh_gbm/PKG - RHUH-GBM-nii-v1/RHUH-GBM_nii_v1/RHUH-0016/2/RHUH-0016_2_t1.nii.gz,longitudinal_rhuh_gbm.tar,longitudinal_rhuh_gbm/PKG - RHUH-GBM-nii-v1/RHUH-GBM_nii_v1/RHUH-0016/2/RHUH-0016_2_t1.nii.gz,5312635,0a26c6845fc39e19549ace888a48326029a6a295a30ac8833f73193621422742,a8c9c55bc21f246ef29a32a5dfb11431,240x240x155,1x1x1,float32,,,match
rhuh,RHUH-0016,2,t2,RHUH-0016_2_t2.nii.gz,longitudinal_rhuh_gbm/PKG - RHUH-GBM-nii-v1/RHUH-GBM_nii_v1/RHUH-0016/2/RHUH-0016_2_t2.nii.gz,longitudinal_rhuh_gbm.tar,longitudinal_rhuh_gbm/PKG - RHUH-GBM-nii-v1/RHUH-GBM_nii_v1/RHUH-0016/2/RHUH-0016_2_t2.nii.gz,5310534,f4ce65e7d85ba0067da67536d2f9a3869ddb96f953302e5bcdc77dbe2b0f39a2,2a2043fc1a2ef57d329870a8d7ff5748,240x240x155,1x1x1,float32,,,match
rhuh,RHUH-0038,0,adc,RHUH-0038_0_adc.nii.gz,longitudinal_rhuh_gbm/PKG - RHUH-GBM-nii-v1/RHUH-GBM_nii_v1/RHUH-0038/0/RHUH-0038_0_adc.nii.gz,longitudinal_rhuh_gbm.tar,longitudinal_rhuh_gbm/PKG - RHUH-GBM-nii-v1/RHUH-GBM_nii_v1/RHUH-0038/0/RHUH-0038_0_adc.nii.gz,2729474,01027c16b898c71b140e61411991191fc419c1e373ac6e20b63eade10e8c37bf,d2bb3f59e3caaa6aefaec186afbb783a,240x240x155,1x1x1,int16,,,match
rhuh,RHUH-0038,0,seg,RHUH-0038_0_segmentations.nii.gz,longitudinal_rhuh_gbm/PKG - RHUH-GBM-nii-v1/RHUH-GBM_nii_v1/RHUH-0038/0/RHUH-0038_0_segmentations.nii.gz,longitudinal_rhuh_gbm.tar,longitudinal_rhuh_gbm/PKG - RHUH-GBM-nii-v1/RHUH-GBM_nii_v1/RHUH-0038/0/RHUH-0038_0_segmentations.nii.gz,43865,f702ddf9ab9a5134ab834c1cc9d3fc516acbc5ac1bf8faba19da837c1ab0dc94,7bd8912c8f48e39430c87543056902ba,240x240x155,1x1x1,uint16,"0,1,2,3",,match
rhuh,RHUH-0038,0,t2,RHUH-0038_0_t2.nii.gz,longitudinal_rhuh_gbm/PKG - RHUH-GBM-nii-v1/RHUH-GBM_nii_v1/RHUH-0038/0/RHUH-0038_0_t2.nii.gz,longitudinal_rhuh_gbm.tar,longitudinal_rhuh_gbm/PKG - RHUH-GBM-nii-v1/RHUH-GBM_nii_v1/RHUH-0038/0/RHUH-0038_0_t2.nii.gz,5535806,63304e0ceb7772b51b438a03362cde13f63de431cef4a4956b3df1920f606907,73220217c99bed5a63590263c98d9c5c,240x240x155,1x1x1,float32,,,match
rhuh,RHUH-0038,0,t1ce,RHUH-0038_0_t1ce.nii.gz,longitudinal_rhuh_gbm/PKG - RHUH-GBM-nii-v1/RHUH-GBM_nii_v1/RHUH-0038/0/RHUH-0038_0_t1ce.nii.gz,longitudinal_rhuh_gbm.tar,longitudinal_rhuh_gbm/PKG - RHUH-GBM-nii-v1/RHUH-GBM_nii_v1/RHUH-0038/0/RHUH-0038_0_t1ce.nii.gz,5778663,97bd92837a80f26e0d6270dd1dcf1cef6b16d5a954a4ccc2aadaafee9cf001eb,094785940962d616a53ee0a27ce1bcff,240x240x155,1x1x1,float32,,,match
rhuh,RHUH-0038,0,t1,RHUH-0038_0_t1.nii.gz,longitudinal_rhuh_gbm/PKG - RHUH-GBM-nii-v1/RHUH-GBM_nii_v1/RHUH-0038/0/RHUH-0038_0_t1.nii.gz,longitudinal_rhuh_gbm.tar,longitudinal_rhuh_gbm/PKG - RHUH-GBM-nii-v1/RHUH-GBM_nii_v1/RHUH-0038/0/RHUH-0038_0_t1.nii.gz,5620817,56f7979211fabeb805b589248d5c36689deda2c1dd1f23ad93aff83cb4761cab,9e3225d63e5ab63691e0437eab23d7cf,240x240x155,1x1x1,float32,,,match
rhuh,RHUH-0038,0,flair,RHUH-0038_0_flair.nii.gz,longitudinal_rhuh_gbm/PKG - RHUH-GBM-nii-v1/RHUH-GBM_nii_v1/RHUH-0038/0/RHUH-0038_0_flair.nii.gz,longitudinal_rhuh_gbm.tar,longitudinal_rhuh_gbm/PKG - RHUH-GBM-nii-v1/RHUH-GBM_nii_v1/RHUH-0038/0/RHUH-0038_0_flair.nii.gz,5621968,dd5486ff8b7e40c19afeb44c27a94b7b41020a18013856632686d5934a643a61,ff2d13834a9265d54a85ceb2a0c43456,240x240x155,1x1x1,float32,,,match
rhuh,RHUH-0038,1,t2,RHUH-0038_1_t2.nii.gz,longitudinal_rhuh_gbm/PKG - RHUH-GBM-nii-v1/RHUH-GBM_nii_v1/RHUH-0038/1/RHUH-0038_1_t2.nii.gz,longitudinal_rhuh_gbm.tar,longitudinal_rhuh_gbm/PKG - RHUH-GBM-nii-v1/RHUH-GBM_nii_v1/RHUH-0038/1/RHUH-0038_1_t2.nii.gz,5890384,0a105eb24d7efa0fc4bfa5e69426f8b8d8a9462b43eadb3bdc15e0408a250841,02c927a14fca67e4e8b76a5965d4faef,240x240x155,1x1x1,float32,,,match
rhuh,RHUH-0038,1,t1ce,RHUH-0038_1_t1ce.nii.gz,longitudinal_rhuh_gbm/PKG - RHUH-GBM-nii-v1/RHUH-GBM_nii_v1/RHUH-0038/1/RHUH-0038_1_t1ce.nii.gz,longitudinal_rhuh_gbm.tar,longitudinal_rhuh_gbm/PKG - RHUH-GBM-nii-v1/RHUH-GBM_nii_v1/RHUH-0038/1/RHUH-0038_1_t1ce.nii.gz,6052739,e6e7654b640e752f521772de107dd833d30fec96b6351d242d79915a06281275,0a89093aa987784c1811d18d0eca947a,240x240x155,1x1x1,float32,,,match
rhuh,RHUH-0038,1,t1,RHUH-0038_1_t1.nii.gz,longitudinal_rhuh_gbm/PKG - RHUH-GBM-nii-v1/RHUH-GBM_nii_v1/RHUH-0038/1/RHUH-0038_1_t1.nii.gz,longitudinal_rhuh_gbm.tar,longitudinal_rhuh_gbm/PKG - RHUH-GBM-nii-v1/RHUH-GBM_nii_v1/RHUH-0038/1/RHUH-0038_1_t1.nii.gz,5986503,43f7364f56fbd059be6613a52606e6c7a57d31327c6d45afecfd4b57143f27a0,640172589a6209f2866162c759ada7dd,240x240x155,1x1x1,float32,,,match
rhuh,RHUH-0038,1,flair,RHUH-0038_1_flair.nii.gz,longitudinal_rhuh_gbm/PKG - RHUH-GBM-nii-v1/RHUH-GBM_nii_v1/RHUH-0038/1/RHUH-0038_1_flair.nii.gz,longitudinal_rhuh_gbm.tar,longitudinal_rhuh_gbm/PKG - RHUH-GBM-nii-v1/RHUH-GBM_nii_v1/RHUH-0038/1/RHUH-0038_1_flair.nii.gz,6008662,fdd3919e393d8401b07eacbeacb09c2636f89cca7143de2a556588ad023a4f76,b5cc4f387130cc30235ad32c92d6f6cb,240x240x155,1x1x1,float32,,,match
rhuh,RHUH-0038,1,adc,RHUH-0038_1_adc.nii.gz,longitudinal_rhuh_gbm/PKG - RHUH-GBM-nii-v1/RHUH-GBM_nii_v1/RHUH-0038/1/RHUH-0038_1_adc.nii.gz,longitudinal_rhuh_gbm.tar,longitudinal_rhuh_gbm/PKG - RHUH-GBM-nii-v1/RHUH-GBM_nii_v1/RHUH-0038/1/RHUH-0038_1_adc.nii.gz,2625773,91dcb7f7e03dcf4fb8ed6aca0e33accb7e7c5771831f229a44ff3b5642a0f6ee,f5d8bf4d6e7be58c9f026b082475a86c,240x240x155,1x1x1,int16,,,match
rhuh,RHUH-0038,1,seg,RHUH-0038_1_segmentations.nii.gz,longitudinal_rhuh_gbm/PKG - RHUH-GBM-nii-v1/RHUH-GBM_nii_v1/RHUH-0038/1/RHUH-0038_1_segmentations.nii.gz,longitudinal_rhuh_gbm.tar,longitudinal_rhuh_gbm/PKG - RHUH-GBM-nii-v1/RHUH-GBM_nii_v1/RHUH-0038/1/RHUH-0038_1_segmentations.nii.gz,30226,629e523cd97b26435eae49da44a3ee606f1d1f69e24f94770d8db1fdfd5b55b2,9876064c1522638b2a894b863f5b7f9d,240x240x155,1x1x1,uint16,"0,2",,match
rhuh,RHUH-0038,2,t1,RHUH-0038_2_t1.nii.gz,longitudinal_rhuh_gbm/PKG - RHUH-GBM-nii-v1/RHUH-GBM_nii_v1/RHUH-0038/2/RHUH-0038_2_t1.nii.gz,longitudinal_rhuh_gbm.tar,longitudinal_rhuh_gbm/PKG - RHUH-GBM-nii-v1/RHUH-GBM_nii_v1/RHUH-0038/2/RHUH-0038_2_t1.nii.gz,5624820,7c72fbf7ce3ac72a5128795d36c4287904866023f5159830c3042e0dcff25e2c,726b6a87e785a3a2cc543c3e456e7fe9,240x240x155,1x1x1,float32,,,match
rhuh,RHUH-0038,2,adc,RHUH-0038_2_adc.nii.gz,longitudinal_rhuh_gbm/PKG - RHUH-GBM-nii-v1/RHUH-GBM_nii_v1/RHUH-0038/2/RHUH-0038_2_adc.nii.gz,longitudinal_rhuh_gbm.tar,longitudinal_rhuh_gbm/PKG - RHUH-GBM-nii-v1/RHUH-GBM_nii_v1/RHUH-0038/2/RHUH-0038_2_adc.nii.gz,2754762,a436cdddc605fa981278ea14f8b681c6b33579958e37adc79f564ecbe54069bb,66192a46baf793cf8a379068116bd2c7,240x240x155,1x1x1,int16,,,match
rhuh,RHUH-0038,2,t2,RHUH-0038_2_t2.nii.gz,longitudinal_rhuh_gbm/PKG - RHUH-GBM-nii-v1/RHUH-GBM_nii_v1/RHUH-0038/2/RHUH-0038_2_t2.nii.gz,longitudinal_rhuh_gbm.tar,longitudinal_rhuh_gbm/PKG - RHUH-GBM-nii-v1/RHUH-GBM_nii_v1/RHUH-0038/2/RHUH-0038_2_t2.nii.gz,5635737,af42f34b46ffa5f553ead1b299a9442b9a77b1994f35f6d978d14b4a73b37260,4f0520e6b9775cc2bd6de12bf1a215ec,240x240x155,1x1x1,float32,,,match
rhuh,RHUH-0038,2,seg,RHUH-0038_2_segmentations.nii.gz,longitudinal_rhuh_gbm/PKG - RHUH-GBM-nii-v1/RHUH-GBM_nii_v1/RHUH-0038/2/RHUH-0038_2_segmentations.nii.gz,longitudinal_rhuh_gbm.tar,longitudinal_rhuh_gbm/PKG - RHUH-GBM-nii-v1/RHUH-GBM_nii_v1/RHUH-0038/2/RHUH-0038_2_segmentations.nii.gz,21074,3f079025bc2a9c05e446f672705135c56aa22347d6af0f00f48d56ac6708868a,49b413fe3849af5986f0dee353206a80,240x240x155,1x1x1,uint16,"0,2,3",,match
rhuh,RHUH-0038,2,t1ce,RHUH-0038_2_t1ce.nii.gz,longitudinal_rhuh_gbm/PKG - RHUH-GBM-nii-v1/RHUH-GBM_nii_v1/RHUH-0038/2/RHUH-0038_2_t1ce.nii.gz,longitudinal_rhuh_gbm.tar,longitudinal_rhuh_gbm/PKG - RHUH-GBM-nii-v1/RHUH-GBM_nii_v1/RHUH-0038/2/RHUH-0038_2_t1ce.nii.gz,5674285,9c8a1759c3643ad291aa06fc84669e8907eda3b9f41bd855fb67087892d0ee86,de6c54cba90dc3468cbce55aa8e551ad,240x240x155,1x1x1,float32,,,match
rhuh,RHUH-0038,2,flair,RHUH-0038_2_flair.nii.gz,longitudinal_rhuh_gbm/PKG - RHUH-GBM-nii-v1/RHUH-GBM_nii_v1/RHUH-0038/2/RHUH-0038_2_flair.nii.gz,longitudinal_rhuh_gbm.tar,longitudinal_rhuh_gbm/PKG - RHUH-GBM-nii-v1/RHUH-GBM_nii_v1/RHUH-0038/2/RHUH-0038_2_flair.nii.gz,5648095,9f5e3d17a33f2180115eda086875d129f98cd17a89517c276cb0282f31065f84,545dd4145cc8130b176aebd591716d30,240x240x155,1x1x1,float32,,,match
rhuh,RHUH-0011,0,t1ce,RHUH-0011_0_t1ce.nii.gz,longitudinal_rhuh_gbm/PKG - RHUH-GBM-nii-v1/RHUH-GBM_nii_v1/RHUH-0011/0/RHUH-0011_0_t1ce.nii.gz,longitudinal_rhuh_gbm.tar,longitudinal_rhuh_gbm/PKG - RHUH-GBM-nii-v1/RHUH-GBM_nii_v1/RHUH-0011/0/RHUH-0011_0_t1ce.nii.gz,5729745,5787cd491082d9cbac68aea23fa5fcf6f90f3e5d0c84155a2dbe734164531e96,da0df24766ea1a2165a3b8c7a1206fba,240x240x155,1x1x1,float32,,,match
rhuh,RHUH-0011,0,t2,RHUH-0011_0_t2.nii.gz,longitudinal_rhuh_gbm/PKG - RHUH-GBM-nii-v1/RHUH-GBM_nii_v1/RHUH-0011/0/RHUH-0011_0_t2.nii.gz,longitudinal_rhuh_gbm.tar,longitudinal_rhuh_gbm/PKG - RHUH-GBM-nii-v1/RHUH-GBM_nii_v1/RHUH-0011/0/RHUH-0011_0_t2.nii.gz,5744420,f4dbbf5fc535b9c2c8029eafd82c4b3de43abbc2e4873bcf5d93b3c691ee749f,3e3419751548aeedeb5cfa021966bcd3,240x240x155,1x1x1,float32,,,match
rhuh,RHUH-0011,0,t1,RHUH-0011_0_t1.nii.gz,longitudinal_rhuh_gbm/PKG - RHUH-GBM-nii-v1/RHUH-GBM_nii_v1/RHUH-0011/0/RHUH-0011_0_t1.nii.gz,longitudinal_rhuh_gbm.tar,longitudinal_rhuh_gbm/PKG - RHUH-GBM-nii-v1/RHUH-GBM_nii_v1/RHUH-0011/0/RHUH-0011_0_t1.nii.gz,5704044,304726f03dd3ae71554e7913bbf28b07d4b182fdef2c058af6eee038e5aa63bd,118b98929879a39944a752b2d4405cee,240x240x155,1x1x1,float32,,,match
rhuh,RHUH-0011,0,adc,RHUH-0011_0_adc.nii.gz,longitudinal_rhuh_gbm/PKG - RHUH-GBM-nii-v1/RHUH-GBM_nii_v1/RHUH-0011/0/RHUH-0011_0_adc.nii.gz,longitudinal_rhuh_gbm.tar,longitudinal_rhuh_gbm/PKG - RHUH-GBM-nii-v1/RHUH-GBM_nii_v1/RHUH-0011/0/RHUH-0011_0_adc.nii.gz,2746630,3556998333d4711a8b217be1c1bd2e9ac05e340d1cec5b46955df986d91eb76c,b99b2d1860ff8a615aa8f5f8fafec62c,240x240x155,1x1x1,int16,,,match
rhuh,RHUH-0011,0,flair,RHUH-0011_0_flair.nii.gz,longitudinal_rhuh_gbm/PKG - RHUH-GBM-nii-v1/RHUH-GBM_nii_v1/RHUH-0011/0/RHUH-0011_0_flair.nii.gz,longitudinal_rhuh_gbm.tar,longitudinal_rhuh_gbm/PKG - RHUH-GBM-nii-v1/RHUH-GBM_nii_v1/RHUH-0011/0/RHUH-0011_0_flair.nii.gz,5750340,cb36af5ab1536145ee7e8be059b80139ef1cf2dc1c0e5df3055c3c6d9b103059,adc66c44c31c54aee3d6aab4ac92eabc,240x240x155,1x1x1,float32,,,match
rhuh,RHUH-0011,0,seg,RHUH-0011_0_segmentations.nii.gz,longitudinal_rhuh_gbm/PKG - RHUH-GBM-nii-v1/RHUH-GBM_nii_v1/RHUH-0011/0/RHUH-0011_0_segmentations.nii.gz,longitudinal_rhuh_gbm.tar,longitudinal_rhuh_gbm/PKG - RHUH-GBM-nii-v1/RHUH-GBM_nii_v1/RHUH-0011/0/RHUH-0011_0_segmentations.nii.gz,41013,156d72e227b873d5b9c223200e0567399c232cecec30cc3af7c4e1f9bd3c0b23,1d48a23851b1428ec9ef2d36e40178a1,240x240x155,1x1x1,uint16,"0,1,2,3",,match
rhuh,RHUH-0011,1,t2,RHUH-0011_1_t2.nii.gz,longitudinal_rhuh_gbm/PKG - RHUH-GBM-nii-v1/RHUH-GBM_nii_v1/RHUH-0011/1/RHUH-0011_1_t2.nii.gz,longitudinal_rhuh_gbm.tar,longitudinal_rhuh_gbm/PKG - RHUH-GBM-nii-v1/RHUH-GBM_nii_v1/RHUH-0011/1/RHUH-0011_1_t2.nii.gz,5302156,db91d1c9b3cb728fbbacb12ed494e8babcbece942674aeec75d0598499c1738c,78283f2dd0eea320ddef06902a4785d3,240x240x155,1x1x1,float32,,,match
rhuh,RHUH-0011,1,flair,RHUH-0011_1_flair.nii.gz,longitudinal_rhuh_gbm/PKG - RHUH-GBM-nii-v1/RHUH-GBM_nii_v1/RHUH-0011/1/RHUH-0011_1_flair.nii.gz,longitudinal_rhuh_gbm.tar,longitudinal_rhuh_gbm/PKG - RHUH-GBM-nii-v1/RHUH-GBM_nii_v1/RHUH-0011/1/RHUH-0011_1_flair.nii.gz,5604398,a746637781b842b8834e4f0c810dab1fe997ac64be576fa51a101b5192674777,6cccd2fbf091741f18fb406f4348e9a2,240x240x155,1x1x1,float32,,,match
rhuh,RHUH-0011,1,t1,RHUH-0011_1_t1.nii.gz,longitudinal_rhuh_gbm/PKG - RHUH-GBM-nii-v1/RHUH-GBM_nii_v1/RHUH-0011/1/RHUH-0011_1_t1.nii.gz,longitudinal_rhuh_gbm.tar,longitudinal_rhuh_gbm/PKG - RHUH-GBM-nii-v1/RHUH-GBM_nii_v1/RHUH-0011/1/RHUH-0011_1_t1.nii.gz,5358794,edf31ed5e9ffdd1e391aad9ddc8458128745dfba2fbb7c012a407d7e63062091,cabc4ff4225e59e1feab55e4ed34797e,240x240x155,1x1x1,float32,,,match
rhuh,RHUH-0011,1,seg,RHUH-0011_1_segmentations.nii.gz,longitudinal_rhuh_gbm/PKG - RHUH-GBM-nii-v1/RHUH-GBM_nii_v1/RHUH-0011/1/RHUH-0011_1_segmentations.nii.gz,longitudinal_rhuh_gbm.tar,longitudinal_rhuh_gbm/PKG - RHUH-GBM-nii-v1/RHUH-GBM_nii_v1/RHUH-0011/1/RHUH-0011_1_segmentations.nii.gz,23579,80a634944ca5a301fc20848a70f17c702da691bbfadebe9a0c737189a7239ee8,b59214e3b0ffb90a09f2cad95609c1c9,240x240x155,1x1x1,uint16,"0,2",,match
rhuh,RHUH-0011,1,t1ce,RHUH-0011_1_t1ce.nii.gz,longitudinal_rhuh_gbm/PKG - RHUH-GBM-nii-v1/RHUH-GBM_nii_v1/RHUH-0011/1/RHUH-0011_1_t1ce.nii.gz,longitudinal_rhuh_gbm.tar,longitudinal_rhuh_gbm/PKG - RHUH-GBM-nii-v1/RHUH-GBM_nii_v1/RHUH-0011/1/RHUH-0011_1_t1ce.nii.gz,5423217,0f7cc0b63d1d309e1e7f12a6dfca2a36435be8e73ea95bcb3177adca4463d2ad,7504d39fccbb507af6b535329c696b7b,240x240x155,1x1x1,float32,,,match
rhuh,RHUH-0011,1,adc,RHUH-0011_1_adc.nii.gz,longitudinal_rhuh_gbm/PKG - RHUH-GBM-nii-v1/RHUH-GBM_nii_v1/RHUH-0011/1/RHUH-0011_1_adc.nii.gz,longitudinal_rhuh_gbm.tar,longitudinal_rhuh_gbm/PKG - RHUH-GBM-nii-v1/RHUH-GBM_nii_v1/RHUH-0011/1/RHUH-0011_1_adc.nii.gz,2612233,e91565fb500816bee140c01ea2fe6d83f40f20b5f8285093943dccd7398b33f2,29e8746612f9675f9972a5023174c6d9,240x240x155,1x1x1,int16,,,match
rhuh,RHUH-0011,2,t1ce,RHUH-0011_2_t1ce.nii.gz,longitudinal_rhuh_gbm/PKG - RHUH-GBM-nii-v1/RHUH-GBM_nii_v1/RHUH-0011/2/RHUH-0011_2_t1ce.nii.gz,longitudinal_rhuh_gbm.tar,longitudinal_rhuh_gbm/PKG - RHUH-GBM-nii-v1/RHUH-GBM_nii_v1/RHUH-0011/2/RHUH-0011_2_t1ce.nii.gz,5241818,5e7e2801d69eecda4d72b6dd8e936f3e8d4d97739778a96412e443491b522fed,4b3e5da6036dfaeaec4fc31ed6b85e89,240x240x155,1x1x1,float32,,,match
rhuh,RHUH-0011,2,adc,RHUH-0011_2_adc.nii.gz,longitudinal_rhuh_gbm/PKG - RHUH-GBM-nii-v1/RHUH-GBM_nii_v1/RHUH-0011/2/RHUH-0011_2_adc.nii.gz,longitudinal_rhuh_gbm.tar,longitudinal_rhuh_gbm/PKG - RHUH-GBM-nii-v1/RHUH-GBM_nii_v1/RHUH-0011/2/RHUH-0011_2_adc.nii.gz,2583984,00c2a3d0c53eb1d8e56c9feaa5a92997515778fa3d6a99c49d63275fbf329741,b2b45acdf02b73b980b7d33413917b51,240x240x155,1x1x1,int16,,,match
rhuh,RHUH-0011,2,t1,RHUH-0011_2_t1.nii.gz,longitudinal_rhuh_gbm/PKG - RHUH-GBM-nii-v1/RHUH-GBM_nii_v1/RHUH-0011/2/RHUH-0011_2_t1.nii.gz,longitudinal_rhuh_gbm.tar,longitudinal_rhuh_gbm/PKG - RHUH-GBM-nii-v1/RHUH-GBM_nii_v1/RHUH-0011/2/RHUH-0011_2_t1.nii.gz,5554487,2b5ef0c3aa71c28a3bdafee98786b564d0747baf717974d1689388d052820dd7,4fceaf9e4836eebdb3a43bcc88281827,240x240x155,1x1x1,float32,,,match
rhuh,RHUH-0011,2,t2,RHUH-0011_2_t2.nii.gz,longitudinal_rhuh_gbm/PKG - RHUH-GBM-nii-v1/RHUH-GBM_nii_v1/RHUH-0011/2/RHUH-0011_2_t2.nii.gz,longitudinal_rhuh_gbm.tar,longitudinal_rhuh_gbm/PKG - RHUH-GBM-nii-v1/RHUH-GBM_nii_v1/RHUH-0011/2/RHUH-0011_2_t2.nii.gz,5008714,72a0a0ababf025306bcc420c4042baf15a3a4edeb42ff81c67f21ac434661ce6,27530c723729af6ff796ab4a7766fa67,240x240x155,1x1x1,float32,,,match
rhuh,RHUH-0011,2,seg,RHUH-0011_2_segmentations.nii.gz,longitudinal_rhuh_gbm/PKG - RHUH-GBM-nii-v1/RHUH-GBM_nii_v1/RHUH-0011/2/RHUH-0011_2_segmentations.nii.gz,longitudinal_rhuh_gbm.tar,longitudinal_rhuh_gbm/PKG - RHUH-GBM-nii-v1/RHUH-GBM_nii_v1/RHUH-0011/2/RHUH-0011_2_segmentations.nii.gz,21787,b3cf20d70fea410cb7da127eadd2eb392d5c15d4ac0d2e54d2243fc31da2ac22,efe8ee7c736d5cd93b0bd728babe203b,240x240x155,1x1x1,uint16,"0,1,2,3",,match
rhuh,RHUH-0011,2,flair,RHUH-0011_2_flair.nii.gz,longitudinal_rhuh_gbm/PKG - RHUH-GBM-nii-v1/RHUH-GBM_nii_v1/RHUH-0011/2/RHUH-0011_2_flair.nii.gz,longitudinal_rhuh_gbm.tar,longitudinal_rhuh_gbm/PKG - RHUH-GBM-nii-v1/RHUH-GBM_nii_v1/RHUH-0011/2/RHUH-0011_2_flair.nii.gz,5079794,63a959cbe1c2f0202b78f1a91814c0fdc2a539d5002658a1c643f89985d30f8b,87f0dd213fd58d4ccf79cd1025d7cccf,240x240x155,1x1x1,float32,,,match
rhuh,RHUH-0014,0,adc,RHUH-0014_0_adc.nii.gz,longitudinal_rhuh_gbm/PKG - RHUH-GBM-nii-v1/RHUH-GBM_nii_v1/RHUH-0014/0/RHUH-0014_0_adc.nii.gz,longitudinal_rhuh_gbm.tar,longitudinal_rhuh_gbm/PKG - RHUH-GBM-nii-v1/RHUH-GBM_nii_v1/RHUH-0014/0/RHUH-0014_0_adc.nii.gz,2729692,42b67addb1463e5019f8ca6dc7dfdfd81914af2436a67cf12ff2410a091a4f87,d7ec886a0ef4f8bb454ce3096a3b2c3c,240x240x155,1x1x1,int16,,,match
rhuh,RHUH-0014,0,t1,RHUH-0014_0_t1.nii.gz,longitudinal_rhuh_gbm/PKG - RHUH-GBM-nii-v1/RHUH-GBM_nii_v1/RHUH-0014/0/RHUH-0014_0_t1.nii.gz,longitudinal_rhuh_gbm.tar,longitudinal_rhuh_gbm/PKG - RHUH-GBM-nii-v1/RHUH-GBM_nii_v1/RHUH-0014/0/RHUH-0014_0_t1.nii.gz,6233028,06131454954ebcf9971f8b828cd3daa3733cf5c21e68b8902f6af6a318e45df9,d6c2f57477cda7d00673108f7cebb2ad,240x240x155,1x1x1,float32,,,match
rhuh,RHUH-0014,0,seg,RHUH-0014_0_segmentations.nii.gz,longitudinal_rhuh_gbm/PKG - RHUH-GBM-nii-v1/RHUH-GBM_nii_v1/RHUH-0014/0/RHUH-0014_0_segmentations.nii.gz,longitudinal_rhuh_gbm.tar,longitudinal_rhuh_gbm/PKG - RHUH-GBM-nii-v1/RHUH-GBM_nii_v1/RHUH-0014/0/RHUH-0014_0_segmentations.nii.gz,45459,5c337a040e20492ace87df7bed14210686bd574222b839e14b7c8ad11f65f963,6f75e14ddc12e37af9bdd4de216c1079,240x240x155,1x1x1,uint16,"0,1,2,3",,match
rhuh,RHUH-0014,0,t1ce,RHUH-0014_0_t1ce.nii.gz,longitudinal_rhuh_gbm/PKG - RHUH-GBM-nii-v1/RHUH-GBM_nii_v1/RHUH-0014/0/RHUH-0014_0_t1ce.nii.gz,longitudinal_rhuh_gbm.tar,longitudinal_rhuh_gbm/PKG - RHUH-GBM-nii-v1/RHUH-GBM_nii_v1/RHUH-0014/0/RHUH-0014_0_t1ce.nii.gz,6290950,74e45befedab10dc62ea6adfbedd6ca3ab6b23075286cd62afb94705290fdff8,485e82e363d24803b6941808d5fe2855,240x240x155,1x1x1,float32,,,match
rhuh,RHUH-0014,0,t2,RHUH-0014_0_t2.nii.gz,longitudinal_rhuh_gbm/PKG - RHUH-GBM-nii-v1/RHUH-GBM_nii_v1/RHUH-0014/0/RHUH-0014_0_t2.nii.gz,longitudinal_rhuh_gbm.tar,longitudinal_rhuh_gbm/PKG - RHUH-GBM-nii-v1/RHUH-GBM_nii_v1/RHUH-0014/0/RHUH-0014_0_t2.nii.gz,6252859,1dce0f27bc545dd86376f68062133655edcbae6c763ac3079a6432b044e13517,c5b3b10db81c4823128219ce679da7ab,240x240x155,1x1x1,float32,,,match
rhuh,RHUH-0014,0,flair,RHUH-0014_0_flair.nii.gz,longitudinal_rhuh_gbm/PKG - RHUH-GBM-nii-v1/RHUH-GBM_nii_v1/RHUH-0014/0/RHUH-0014_0_flair.nii.gz,longitudinal_rhuh_gbm.tar,longitudinal_rhuh_gbm/PKG - RHUH-GBM-nii-v1/RHUH-GBM_nii_v1/RHUH-0014/0/RHUH-0014_0_flair.nii.gz,6558695,010e8899cf03a73e9f7e11d42726ce7bd410d9817d005a9851a116efe4a8e282,026580457cb9f485dff7015e8fbb157a,240x240x155,1x1x1,float32,,,match
rhuh,RHUH-0014,1,t1,RHUH-0014_1_t1.nii.gz,longitudinal_rhuh_gbm/PKG - RHUH-GBM-nii-v1/RHUH-GBM_nii_v1/RHUH-0014/1/RHUH-0014_1_t1.nii.gz,longitudinal_rhuh_gbm.tar,longitudinal_rhuh_gbm/PKG - RHUH-GBM-nii-v1/RHUH-GBM_nii_v1/RHUH-0014/1/RHUH-0014_1_t1.nii.gz,6203900,868a5c4ca16d7a6ea86252265ecbb6abbb0205457f0b1ee4896619f6f1628899,8331aa0d97587bcc5f2652d7ddc71c84,240x240x155,1x1x1,float32,,,match
rhuh,RHUH-0014,1,t2,RHUH-0014_1_t2.nii.gz,longitudinal_rhuh_gbm/PKG - RHUH-GBM-nii-v1/RHUH-GBM_nii_v1/RHUH-0014/1/RHUH-0014_1_t2.nii.gz,longitudinal_rhuh_gbm.tar,longitudinal_rhuh_gbm/PKG - RHUH-GBM-nii-v1/RHUH-GBM_nii_v1/RHUH-0014/1/RHUH-0014_1_t2.nii.gz,6174738,b36023fc25cdde0881c494da85a9b0b6c1f3400e01082876809992b63466da6d,99af8772a9841b0546d3af9be7051baa,240x240x155,1x1x1,float32,,,match
rhuh,RHUH-0014,1,t1ce,RHUH-0014_1_t1ce.nii.gz,longitudinal_rhuh_gbm/PKG - RHUH-GBM-nii-v1/RHUH-GBM_nii_v1/RHUH-0014/1/RHUH-0014_1_t1ce.nii.gz,longitudinal_rhuh_gbm.tar,longitudinal_rhuh_gbm/PKG - RHUH-GBM-nii-v1/RHUH-GBM_nii_v1/RHUH-0014/1/RHUH-0014_1_t1ce.nii.gz,6272929,0927d9bfbf9b0684854b2eeb7a3d82c3848934d714cd64de90e46188e22e96b8,4b7c64153faed9bc35293cc0a8f58420,240x240x155,1x1x1,float32,,,match
rhuh,RHUH-0014,1,flair,RHUH-0014_1_flair.nii.gz,longitudinal_rhuh_gbm/PKG - RHUH-GBM-nii-v1/RHUH-GBM_nii_v1/RHUH-0014/1/RHUH-0014_1_flair.nii.gz,longitudinal_rhuh_gbm.tar,longitudinal_rhuh_gbm/PKG - RHUH-GBM-nii-v1/RHUH-GBM_nii_v1/RHUH-0014/1/RHUH-0014_1_flair.nii.gz,6214807,b9d0d09a7600678bb1fceb9f2caf37884bcb77a8fae5afb7182cf219c8923e3b,8be12721c1dc8c6fe53f1447fae17df1,240x240x155,1x1x1,float32,,,match
rhuh,RHUH-0014,1,adc,RHUH-0014_1_adc.nii.gz,longitudinal_rhuh_gbm/PKG - RHUH-GBM-nii-v1/RHUH-GBM_nii_v1/RHUH-0014/1/RHUH-0014_1_adc.nii.gz,longitudinal_rhuh_gbm.tar,longitudinal_rhuh_gbm/PKG - RHUH-GBM-nii-v1/RHUH-GBM_nii_v1/RHUH-0014/1/RHUH-0014_1_adc.nii.gz,7901934,85f2f037992ed601da688a8e67bc65817e37ca1804d79a47bf87ef57355db767,4b2717ea4d6a73d21359113bebfd4e5c,240x240x155,1x1x1,float64,,,match
rhuh,RHUH-0014,1,seg,RHUH-0014_1_segmentations.nii.gz,longitudinal_rhuh_gbm/PKG - RHUH-GBM-nii-v1/RHUH-GBM_nii_v1/RHUH-0014/1/RHUH-0014_1_segmentations.nii.gz,longitudinal_rhuh_gbm.tar,longitudinal_rhuh_gbm/PKG - RHUH-GBM-nii-v1/RHUH-GBM_nii_v1/RHUH-0014/1/RHUH-0014_1_segmentations.nii.gz,33945,c62d17be5763f199ad1f837c8141d12127f0378ad186816e6e4e36c3c776be3e,cd00384cba933e4b798b3f43ab7f743e,240x240x155,1x1x1,uint16,"0,2,3",,match
rhuh,RHUH-0014,2,t2,RHUH-0014_2_t2.nii.gz,longitudinal_rhuh_gbm/PKG - RHUH-GBM-nii-v1/RHUH-GBM_nii_v1/RHUH-0014/2/RHUH-0014_2_t2.nii.gz,longitudinal_rhuh_gbm.tar,longitudinal_rhuh_gbm/PKG - RHUH-GBM-nii-v1/RHUH-GBM_nii_v1/RHUH-0014/2/RHUH-0014_2_t2.nii.gz,6275341,1a75901e3f2694923f93352c4c395606b4f2065da55c1f1e0d6a0d632a1c0a36,e0b95b24c0ae44ab9a18f355bff0c5db,240x240x155,1x1x1,float32,,,match
rhuh,RHUH-0014,2,adc,RHUH-0014_2_adc.nii.gz,longitudinal_rhuh_gbm/PKG - RHUH-GBM-nii-v1/RHUH-GBM_nii_v1/RHUH-0014/2/RHUH-0014_2_adc.nii.gz,longitudinal_rhuh_gbm.tar,longitudinal_rhuh_gbm/PKG - RHUH-GBM-nii-v1/RHUH-GBM_nii_v1/RHUH-0014/2/RHUH-0014_2_adc.nii.gz,2983465,d66c69bce2d1225a94c1db7f32204d3088988becd6cb96aac2332ffd838d4000,621269dcd3e02fa3f6b06805b68cd31f,240x240x155,1x1x1,int16,,,match
rhuh,RHUH-0014,2,t1,RHUH-0014_2_t1.nii.gz,longitudinal_rhuh_gbm/PKG - RHUH-GBM-nii-v1/RHUH-GBM_nii_v1/RHUH-0014/2/RHUH-0014_2_t1.nii.gz,longitudinal_rhuh_gbm.tar,longitudinal_rhuh_gbm/PKG - RHUH-GBM-nii-v1/RHUH-GBM_nii_v1/RHUH-0014/2/RHUH-0014_2_t1.nii.gz,6247553,053fec2d20a5fae3b6bfdc573ed60deafa91e9bf3f0aa193d6a98196cebd93ae,495ade3cf6b0dbf1bcb25aaef13e2650,240x240x155,1x1x1,float32,,,match
rhuh,RHUH-0014,2,t1ce,RHUH-0014_2_t1ce.nii.gz,longitudinal_rhuh_gbm/PKG - RHUH-GBM-nii-v1/RHUH-GBM_nii_v1/RHUH-0014/2/RHUH-0014_2_t1ce.nii.gz,longitudinal_rhuh_gbm.tar,longitudinal_rhuh_gbm/PKG - RHUH-GBM-nii-v1/RHUH-GBM_nii_v1/RHUH-0014/2/RHUH-0014_2_t1ce.nii.gz,6312533,70a11f707f63e96c25bb6059c2d68bfd36df4c3e05227c1b8c361b7a660cde7e,8de21f0a56155184a4d6048a1fbe9d4a,240x240x155,1x1x1,float32,,,match
rhuh,RHUH-0014,2,seg,RHUH-0014_2_segmentations.nii.gz,longitudinal_rhuh_gbm/PKG - RHUH-GBM-nii-v1/RHUH-GBM_nii_v1/RHUH-0014/2/RHUH-0014_2_segmentations.nii.gz,longitudinal_rhuh_gbm.tar,longitudinal_rhuh_gbm/PKG - RHUH-GBM-nii-v1/RHUH-GBM_nii_v1/RHUH-0014/2/RHUH-0014_2_segmentations.nii.gz,49178,2b6147a5d264e229432405b16b4576b8d4252dcc8aab01bdf00ad9d90578799d,7402863714a6f67bd2bd107e0a8a7c30,240x240x155,1x1x1,uint16,"0,1,2,3",,match
rhuh,RHUH-0014,2,flair,RHUH-0014_2_flair.nii.gz,longitudinal_rhuh_gbm/PKG - RHUH-GBM-nii-v1/RHUH-GBM_nii_v1/RHUH-0014/2/RHUH-0014_2_flair.nii.gz,longitudinal_rhuh_gbm.tar,longitudinal_rhuh_gbm/PKG - RHUH-GBM-nii-v1/RHUH-GBM_nii_v1/RHUH-0014/2/RHUH-0014_2_flair.nii.gz,6311770,2d562305987bc17474bca6edc46ad1cb22be974149c49f878eb284f3c0678ea1,ac2c6380ed84640e9903be7c14ac8dd5,240x240x155,1x1x1,float32,,,match
rhuh,RHUH-0035,0,seg,RHUH-0035_0_segmentations.nii.gz,longitudinal_rhuh_gbm/PKG - RHUH-GBM-nii-v1/RHUH-GBM_nii_v1/RHUH-0035/0/RHUH-0035_0_segmentations.nii.gz,longitudinal_rhuh_gbm.tar,longitudinal_rhuh_gbm/PKG - RHUH-GBM-nii-v1/RHUH-GBM_nii_v1/RHUH-0035/0/RHUH-0035_0_segmentations.nii.gz,34514,fb314e973364bd78a0b66396fa3276e8de52f6711528c51e9c183dc4f1c0442d,8655b9d327dc0245c288cfa487638210,240x240x155,1x1x1,uint16,"0,1,2,3",,match
rhuh,RHUH-0035,0,adc,RHUH-0035_0_adc.nii.gz,longitudinal_rhuh_gbm/PKG - RHUH-GBM-nii-v1/RHUH-GBM_nii_v1/RHUH-0035/0/RHUH-0035_0_adc.nii.gz,longitudinal_rhuh_gbm.tar,longitudinal_rhuh_gbm/PKG - RHUH-GBM-nii-v1/RHUH-GBM_nii_v1/RHUH-0035/0/RHUH-0035_0_adc.nii.gz,2388056,de768d303846f431882423f387c889cb80872336d1abce909c96ef2249968266,c1c27a68f3dfd6b7969dcb552c2ac5f3,240x240x155,1x1x1,int16,,,match
rhuh,RHUH-0035,0,t1ce,RHUH-0035_0_t1ce.nii.gz,longitudinal_rhuh_gbm/PKG - RHUH-GBM-nii-v1/RHUH-GBM_nii_v1/RHUH-0035/0/RHUH-0035_0_t1ce.nii.gz,longitudinal_rhuh_gbm.tar,longitudinal_rhuh_gbm/PKG - RHUH-GBM-nii-v1/RHUH-GBM_nii_v1/RHUH-0035/0/RHUH-0035_0_t1ce.nii.gz,5258603,2b31809257d6abcebc4c3fd5f735e428c5038c00770822a964702082cbced6d0,3985b5e5daf1e3cc6a1289b56dc5b107,240x240x155,1x1x1,float32,,,match
rhuh,RHUH-0035,0,flair,RHUH-0035_0_flair.nii.gz,longitudinal_rhuh_gbm/PKG - RHUH-GBM-nii-v1/RHUH-GBM_nii_v1/RHUH-0035/0/RHUH-0035_0_flair.nii.gz,longitudinal_rhuh_gbm.tar,longitudinal_rhuh_gbm/PKG - RHUH-GBM-nii-v1/RHUH-GBM_nii_v1/RHUH-0035/0/RHUH-0035_0_flair.nii.gz,5321409,d5a1423151f8093aafdb6c65497637e880c6817521f6cb0831691dd3fdc33ddd,9c0a89eec59005dba6869367773b1317,240x240x155,1x1x1,float32,,,match
rhuh,RHUH-0035,0,t1,RHUH-0035_0_t1.nii.gz,longitudinal_rhuh_gbm/PKG - RHUH-GBM-nii-v1/RHUH-GBM_nii_v1/RHUH-0035/0/RHUH-0035_0_t1.nii.gz,longitudinal_rhuh_gbm.tar,longitudinal_rhuh_gbm/PKG - RHUH-GBM-nii-v1/RHUH-GBM_nii_v1/RHUH-0035/0/RHUH-0035_0_t1.nii.gz,5247355,baaab82063b743b2b56deb2d9eb855a7230db755080fdd3472100c2194438c37,117e4de9d840cb31ea64a28559404c72,240x240x155,1x1x1,float32,,,match
rhuh,RHUH-0035,0,t2,RHUH-0035_0_t2.nii.gz,longitudinal_rhuh_gbm/PKG - RHUH-GBM-nii-v1/RHUH-GBM_nii_v1/RHUH-0035/0/RHUH-0035_0_t2.nii.gz,longitudinal_rhuh_gbm.tar,longitudinal_rhuh_gbm/PKG - RHUH-GBM-nii-v1/RHUH-GBM_nii_v1/RHUH-0035/0/RHUH-0035_0_t2.nii.gz,5265630,6a5c5f2e5aaea82d63527dd6c1fb75fe5057eb966645c0482aecba9a6fdfd712,fdb673bdcc616ef57c9adb9c2910d526,240x240x155,1x1x1,float32,,,match
rhuh,RHUH-0035,1,t1,RHUH-0035_1_t1.nii.gz,longitudinal_rhuh_gbm/PKG - RHUH-GBM-nii-v1/RHUH-GBM_nii_v1/RHUH-0035/1/RHUH-0035_1_t1.nii.gz,longitudinal_rhuh_gbm.tar,longitudinal_rhuh_gbm/PKG - RHUH-GBM-nii-v1/RHUH-GBM_nii_v1/RHUH-0035/1/RHUH-0035_1_t1.nii.gz,5472126,2c6f3617f62b4316c806af2d0ed9d8d732b3e7992df3cc1232bf68c0e205d4aa,b7bfe491e720594bb96ad9b39128c855,240x240x155,1x1x1,float32,,,match
rhuh,RHUH-0035,1,flair,RHUH-0035_1_flair.nii.gz,longitudinal_rhuh_gbm/PKG - RHUH-GBM-nii-v1/RHUH-GBM_nii_v1/RHUH-0035/1/RHUH-0035_1_flair.nii.gz,longitudinal_rhuh_gbm.tar,longitudinal_rhuh_gbm/PKG - RHUH-GBM-nii-v1/RHUH-GBM_nii_v1/RHUH-0035/1/RHUH-0035_1_flair.nii.gz,5569625,440ef28a3102470382cac59e831c160a8c2b3537687995bd85ede3f96b3a14ab,fcce525a2cf82b7aa6a237edddcac464,240x240x155,1x1x1,float32,,,match
rhuh,RHUH-0035,1,t2,RHUH-0035_1_t2.nii.gz,longitudinal_rhuh_gbm/PKG - RHUH-GBM-nii-v1/RHUH-GBM_nii_v1/RHUH-0035/1/RHUH-0035_1_t2.nii.gz,longitudinal_rhuh_gbm.tar,longitudinal_rhuh_gbm/PKG - RHUH-GBM-nii-v1/RHUH-GBM_nii_v1/RHUH-0035/1/RHUH-0035_1_t2.nii.gz,5614636,81b652336a8e22c4981a9d662f1dd25c09131c51a57776a0525ed9e6d65cc476,cd42d600857cf0480620e9b3547d9187,240x240x155,1x1x1,float32,,,match
rhuh,RHUH-0035,1,adc,RHUH-0035_1_adc.nii.gz,longitudinal_rhuh_gbm/PKG - RHUH-GBM-nii-v1/RHUH-GBM_nii_v1/RHUH-0035/1/RHUH-0035_1_adc.nii.gz,longitudinal_rhuh_gbm.tar,longitudinal_rhuh_gbm/PKG - RHUH-GBM-nii-v1/RHUH-GBM_nii_v1/RHUH-0035/1/RHUH-0035_1_adc.nii.gz,2385076,e9336fa55a4b7d3ae15b2c77d035da4a0ae6e2b4e6abda269dddc04c2e3ec584,7537c43fd83cb98c68de3b39bfe22537,240x240x155,1x1x1,int16,,,match
rhuh,RHUH-0035,1,seg,RHUH-0035_1_segmentations.nii.gz,longitudinal_rhuh_gbm/PKG - RHUH-GBM-nii-v1/RHUH-GBM_nii_v1/RHUH-0035/1/RHUH-0035_1_segmentations.nii.gz,longitudinal_rhuh_gbm.tar,longitudinal_rhuh_gbm/PKG - RHUH-GBM-nii-v1/RHUH-GBM_nii_v1/RHUH-0035/1/RHUH-0035_1_segmentations.nii.gz,22757,db81738729dbdbb504ba54f1d2cf5c3d2b99224f18a916f703bb37f99d757c8c,490906a6bed1a17c8488355032e42787,240x240x155,1x1x1,uint16,"0,2",,match
rhuh,RHUH-0035,1,t1ce,RHUH-0035_1_t1ce.nii.gz,longitudinal_rhuh_gbm/PKG - RHUH-GBM-nii-v1/RHUH-GBM_nii_v1/RHUH-0035/1/RHUH-0035_1_t1ce.nii.gz,longitudinal_rhuh_gbm.tar,longitudinal_rhuh_gbm/PKG - RHUH-GBM-nii-v1/RHUH-GBM_nii_v1/RHUH-0035/1/RHUH-0035_1_t1ce.nii.gz,5449073,f9209a5a4933fe5bc1533faf5ff5c36d43bd9d3b9819e7287ce17ae632030dff,29a03ee14e30bba53ecde0290c94875a,240x240x155,1x1x1,float32,,,match
rhuh,RHUH-0035,2,adc,RHUH-0035_2_adc.nii.gz,longitudinal_rhuh_gbm/PKG - RHUH-GBM-nii-v1/RHUH-GBM_nii_v1/RHUH-0035/2/RHUH-0035_2_adc.nii.gz,longitudinal_rhuh_gbm.tar,longitudinal_rhuh_gbm/PKG - RHUH-GBM-nii-v1/RHUH-GBM_nii_v1/RHUH-0035/2/RHUH-0035_2_adc.nii.gz,6765186,8099ce98249fe3548fb86fd707fa506584fe08589a71cc3e3e6526d138707cf6,e907459b562908e9276ba0edf1954bc0,240x240x155,1x1x1,float64,,,match
rhuh,RHUH-0035,2,t1,RHUH-0035_2_t1.nii.gz,longitudinal_rhuh_gbm/PKG - RHUH-GBM-nii-v1/RHUH-GBM_nii_v1/RHUH-0035/2/RHUH-0035_2_t1.nii.gz,longitudinal_rhuh_gbm.tar,longitudinal_rhuh_gbm/PKG - RHUH-GBM-nii-v1/RHUH-GBM_nii_v1/RHUH-0035/2/RHUH-0035_2_t1.nii.gz,5387706,23908a7dc8f2222fad4de424ddad6c481454be706a1efb1da5d971a90bd4ebf2,c6b89c617e5ce40e3f127919a2db9ca5,240x240x155,1x1x1,float32,,,match
rhuh,RHUH-0035,2,t1ce,RHUH-0035_2_t1ce.nii.gz,longitudinal_rhuh_gbm/PKG - RHUH-GBM-nii-v1/RHUH-GBM_nii_v1/RHUH-0035/2/RHUH-0035_2_t1ce.nii.gz,longitudinal_rhuh_gbm.tar,longitudinal_rhuh_gbm/PKG - RHUH-GBM-nii-v1/RHUH-GBM_nii_v1/RHUH-0035/2/RHUH-0035_2_t1ce.nii.gz,5326031,fc25ccfc7c0c790cf9774b775ed9d6dbf0b26fb842a7c1dc67c353c22b78cf9f,74101657e4977f8de63085e3aadd2656,240x240x155,1x1x1,float32,,,match
rhuh,RHUH-0035,2,t2,RHUH-0035_2_t2.nii.gz,longitudinal_rhuh_gbm/PKG - RHUH-GBM-nii-v1/RHUH-GBM_nii_v1/RHUH-0035/2/RHUH-0035_2_t2.nii.gz,longitudinal_rhuh_gbm.tar,longitudinal_rhuh_gbm/PKG - RHUH-GBM-nii-v1/RHUH-GBM_nii_v1/RHUH-0035/2/RHUH-0035_2_t2.nii.gz,5480182,42564ff813292315e5e7d8086f20278639e399775ba6e5caaa9f239674ee203b,596dae6f6fc89f7020a644c862be1955,240x240x155,1x1x1,float32,,,match
rhuh,RHUH-0035,2,seg,segmentation.nii.gz,longitudinal_rhuh_gbm/PKG - RHUH-GBM-nii-v1/RHUH-GBM_nii_v1/RHUH-0035/2/segmentation.nii.gz,longitudinal_rhuh_gbm.tar,longitudinal_rhuh_gbm/PKG - RHUH-GBM-nii-v1/RHUH-GBM_nii_v1/RHUH-0035/2/segmentation.nii.gz,21750,a968b570063a6de2f592bbcf7e206d5b63043d95a1a2f68c071935726d393393,8b67d0a81c0753f00ccec8cffcc398c8,240x240x155,1x1x1,uint16,"0,2,3",,match
rhuh,RHUH-0035,2,flair,RHUH-0035_2_flair.nii.gz,longitudinal_rhuh_gbm/PKG - RHUH-GBM-nii-v1/RHUH-GBM_nii_v1/RHUH-0035/2/RHUH-0035_2_flair.nii.gz,longitudinal_rhuh_gbm.tar,longitudinal_rhuh_gbm/PKG - RHUH-GBM-nii-v1/RHUH-GBM_nii_v1/RHUH-0035/2/RHUH-0035_2_flair.nii.gz,5352224,16f479e319718a13a07d217853366a91e96e038d77109531731fba7c98fb0bf7,7bd4c28f7afa22d375c62519e6233fdf,240x240x155,1x1x1,float32,,,match
rhuh,RHUH-0023,0,t1,RHUH-0023_0_t1.nii.gz,longitudinal_rhuh_gbm/PKG - RHUH-GBM-nii-v1/RHUH-GBM_nii_v1/RHUH-0023/0/RHUH-0023_0_t1.nii.gz,longitudinal_rhuh_gbm.tar,longitudinal_rhuh_gbm/PKG - RHUH-GBM-nii-v1/RHUH-GBM_nii_v1/RHUH-0023/0/RHUH-0023_0_t1.nii.gz,5647522,38fe3733c1d83ca3ee3651e20fa8a60d24c8ff32005cc6f1df18fd259862308d,cbe7715f12c82bd110932f9f21ea2b0f,240x240x155,1x1x1,float32,,,match
rhuh,RHUH-0023,0,seg,RHUH-0023_0_segmentations.nii.gz,longitudinal_rhuh_gbm/PKG - RHUH-GBM-nii-v1/RHUH-GBM_nii_v1/RHUH-0023/0/RHUH-0023_0_segmentations.nii.gz,longitudinal_rhuh_gbm.tar,longitudinal_rhuh_gbm/PKG - RHUH-GBM-nii-v1/RHUH-GBM_nii_v1/RHUH-0023/0/RHUH-0023_0_segmentations.nii.gz,36319,ae2fcad5de8306b03a434f77163905428a4c3f87602423e0b1771b5f5680e9a7,b03a0d86ed999deaac4a85d7afe47bbf,240x240x155,1x1x1,uint16,"0,1,2,3",,match
rhuh,RHUH-0023,0,adc,RHUH-0023_0_adc.nii.gz,longitudinal_rhuh_gbm/PKG - RHUH-GBM-nii-v1/RHUH-GBM_nii_v1/RHUH-0023/0/RHUH-0023_0_adc.nii.gz,longitudinal_rhuh_gbm.tar,longitudinal_rhuh_gbm/PKG - RHUH-GBM-nii-v1/RHUH-GBM_nii_v1/RHUH-0023/0/RHUH-0023_0_adc.nii.gz,2656454,6d42f4d4edc0907ef2807fb34cb2c62d24e6a2b5cbe7cc5e47084695668d6925,b1aa27d2b27728459697ae6edab1fedc,240x240x155,1x1x1,int16,,,match
rhuh,RHUH-0023,0,t2,RHUH-0023_0_t2.nii.gz,longitudinal_rhuh_gbm/PKG - RHUH-GBM-nii-v1/RHUH-GBM_nii_v1/RHUH-0023/0/RHUH-0023_0_t2.nii.gz,longitudinal_rhuh_gbm.tar,longitudinal_rhuh_gbm/PKG - RHUH-GBM-nii-v1/RHUH-GBM_nii_v1/RHUH-0023/0/RHUH-0023_0_t2.nii.gz,5636925,d37822d142454b7d229b1939288ead557f8bb51f19ba98d0b5e1409e58205f15,92c5e978c7fcc7d20ba19e339f889446,240x240x155,1x1x1,float32,,,match
rhuh,RHUH-0023,0,t1ce,RHUH-0023_0_t1ce.nii.gz,longitudinal_rhuh_gbm/PKG - RHUH-GBM-nii-v1/RHUH-GBM_nii_v1/RHUH-0023/0/RHUH-0023_0_t1ce.nii.gz,longitudinal_rhuh_gbm.tar,longitudinal_rhuh_gbm/PKG - RHUH-GBM-nii-v1/RHUH-GBM_nii_v1/RHUH-0023/0/RHUH-0023_0_t1ce.nii.gz,5684706,62d768794c5f07d9ce5be2ff923c975bd6994f2632e916fc4cc8441133960f76,83f6e7d95eac32ad86610a8b341dccc4,240x240x155,1x1x1,float32,,,match
rhuh,RHUH-0023,0,flair,RHUH-0023_0_flair.nii.gz,longitudinal_rhuh_gbm/PKG - RHUH-GBM-nii-v1/RHUH-GBM_nii_v1/RHUH-0023/0/RHUH-0023_0_flair.nii.gz,longitudinal_rhuh_gbm.tar,longitudinal_rhuh_gbm/PKG - RHUH-GBM-nii-v1/RHUH-GBM_nii_v1/RHUH-0023/0/RHUH-0023_0_flair.nii.gz,5684630,acad4009a203d4190e542ecc1ab439643f7746736fb2c05626456daf75dacecc,e435f2ae3e3bdebe5ffdcd77092aea5c,240x240x155,1x1x1,float32,,,match
rhuh,RHUH-0023,1,adc,RHUH-0023_1_adc.nii.gz,longitudinal_rhuh_gbm/PKG - RHUH-GBM-nii-v1/RHUH-GBM_nii_v1/RHUH-0023/1/RHUH-0023_1_adc.nii.gz,longitudinal_rhuh_gbm.tar,longitudinal_rhuh_gbm/PKG - RHUH-GBM-nii-v1/RHUH-GBM_nii_v1/RHUH-0023/1/RHUH-0023_1_adc.nii.gz,2723836,ee1cb00e486e0ac3acd5fe6300d685df8887ff99deec8da63ed5d08add94c01a,05fd231ae9ce52bc3152303abebc953b,240x240x155,1x1x1,int16,,,match
rhuh,RHUH-0023,1,t2,RHUH-0023_1_t2.nii.gz,longitudinal_rhuh_gbm/PKG - RHUH-GBM-nii-v1/RHUH-GBM_nii_v1/RHUH-0023/1/RHUH-0023_1_t2.nii.gz,longitudinal_rhuh_gbm.tar,longitudinal_rhuh_gbm/PKG - RHUH-GBM-nii-v1/RHUH-GBM_nii_v1/RHUH-0023/1/RHUH-0023_1_t2.nii.gz,5628506,51d3d1b8ffd487a6eafdf0c98202e28d6dd65c563d24a859e9ba57e3a00daead,3aada67a9fc963814591127a5011a251,240x240x155,1x1x1,float32,,,match
rhuh,RHUH-0023,1,flair,RHUH-0023_1_flair.nii.gz,longitudinal_rhuh_gbm/PKG - RHUH-GBM-nii-v1/RHUH-GBM_nii_v1/RHUH-0023/1/RHUH-0023_1_flair.nii.gz,longitudinal_rhuh_gbm.tar,longitudinal_rhuh_gbm/PKG - RHUH-GBM-nii-v1/RHUH-GBM_nii_v1/RHUH-0023/1/RHUH-0023_1_flair.nii.gz,5729756,b3b963e4f5aecc9de69277c2ac6bf86e23c185d4be848dfc94b8250979bbbc65,2dff4c3ec1c082dcca930d5c9d03bc9a,240x240x155,1x1x1,float32,,,match
rhuh,RHUH-0023,1,t1,RHUH-0023_1_t1.nii.gz,longitudinal_rhuh_gbm/PKG - RHUH-GBM-nii-v1/RHUH-GBM_nii_v1/RHUH-0023/1/RHUH-0023_1_t1.nii.gz,longitudinal_rhuh_gbm.tar,longitudinal_rhuh_gbm/PKG - RHUH-GBM-nii-v1/RHUH-GBM_nii_v1/RHUH-0023/1/RHUH-0023_1_t1.nii.gz,5710685,8c775cd25931f3e90361da9e94aeb53d5a6783220de7139b58fb16e7f2de1da1,36e3bc03317d955c13d46e03c9249c5e,240x240x155,1x1x1,float32,,,match
rhuh,RHUH-0023,1,seg,RHUH-0023_1_segmentations.nii.gz,longitudinal_rhuh_gbm/PKG - RHUH-GBM-nii-v1/RHUH-GBM_nii_v1/RHUH-0023/1/RHUH-0023_1_segmentations.nii.gz,longitudinal_rhuh_gbm.tar,longitudinal_rhuh_gbm/PKG - RHUH-GBM-nii-v1/RHUH-GBM_nii_v1/RHUH-0023/1/RHUH-0023_1_segmentations.nii.gz,30224,7f11bc8e64278126da6242b4bfd478ba2b137de2855da0142aaca6adec9dfe4e,d9f610a486cdd0a497d02b93e4d849a0,240x240x155,1x1x1,uint16,"0,2,3",,match
rhuh,RHUH-0023,1,t1ce,RHUH-0023_1_t1ce.nii.gz,longitudinal_rhuh_gbm/PKG - RHUH-GBM-nii-v1/RHUH-GBM_nii_v1/RHUH-0023/1/RHUH-0023_1_t1ce.nii.gz,longitudinal_rhuh_gbm.tar,longitudinal_rhuh_gbm/PKG - RHUH-GBM-nii-v1/RHUH-GBM_nii_v1/RHUH-0023/1/RHUH-0023_1_t1ce.nii.gz,5739799,0d39d1fc2ea34fa1004729180873cf37748cbf9a48fc36c61d7842becc75e940,dd34a32f349019ca7c94ba1ea77d3b29,240x240x155,1x1x1,float32,,,match
rhuh,RHUH-0023,2,seg,RHUH-0023_2_segmentations.nii.gz,longitudinal_rhuh_gbm/PKG - RHUH-GBM-nii-v1/RHUH-GBM_nii_v1/RHUH-0023/2/RHUH-0023_2_segmentations.nii.gz,longitudinal_rhuh_gbm.tar,longitudinal_rhuh_gbm/PKG - RHUH-GBM-nii-v1/RHUH-GBM_nii_v1/RHUH-0023/2/RHUH-0023_2_segmentations.nii.gz,45102,a45e1eb5f92445c80ec1320cccb329f25271324e4f5eb63b9b46364d64c6c4f4,d05a1ba2690a9777bc4cc0ef35e17012,240x240x155,1x1x1,uint16,"0,1,2,3",,match
rhuh,RHUH-0023,2,flair,RHUH-0023_2_flair.nii.gz,longitudinal_rhuh_gbm/PKG - RHUH-GBM-nii-v1/RHUH-GBM_nii_v1/RHUH-0023/2/RHUH-0023_2_flair.nii.gz,longitudinal_rhuh_gbm.tar,longitudinal_rhuh_gbm/PKG - RHUH-GBM-nii-v1/RHUH-GBM_nii_v1/RHUH-0023/2/RHUH-0023_2_flair.nii.gz,5585441,9a7bc87195ee2328aba2fc7bb22f5965f7f8033ec52169ae48a1bf15996bdf2d,1958cda134225a20e10be2c1a22ccd53,240x240x155,1x1x1,float32,,,match
rhuh,RHUH-0023,2,adc,RHUH-0023_2_adc.nii.gz,longitudinal_rhuh_gbm/PKG - RHUH-GBM-nii-v1/RHUH-GBM_nii_v1/RHUH-0023/2/RHUH-0023_2_adc.nii.gz,longitudinal_rhuh_gbm.tar,longitudinal_rhuh_gbm/PKG - RHUH-GBM-nii-v1/RHUH-GBM_nii_v1/RHUH-0023/2/RHUH-0023_2_adc.nii.gz,2512260,c241677524558619cd48edc4db66efef4d7a7c05ca0f3049ffec0f389c1dfe9e,8ad1a40c2988d16c4a3a214689d410e1,240x240x155,1x1x1,int16,,,match
rhuh,RHUH-0023,2,t2,RHUH-0023_2_t2.nii.gz,longitudinal_rhuh_gbm/PKG - RHUH-GBM-nii-v1/RHUH-GBM_nii_v1/RHUH-0023/2/RHUH-0023_2_t2.nii.gz,longitudinal_rhuh_gbm.tar,longitudinal_rhuh_gbm/PKG - RHUH-GBM-nii-v1/RHUH-GBM_nii_v1/RHUH-0023/2/RHUH-0023_2_t2.nii.gz,5528390,7924015373c71e9a60a2db2ebd225b9c077da4c735bcb2df43f8aa23702605b4,7f86dce911157e7140e4eb3296144bc1,240x240x155,1x1x1,float32,,,match
rhuh,RHUH-0023,2,t1ce,RHUH-0023_2_t1ce.nii.gz,longitudinal_rhuh_gbm/PKG - RHUH-GBM-nii-v1/RHUH-GBM_nii_v1/RHUH-0023/2/RHUH-0023_2_t1ce.nii.gz,longitudinal_rhuh_gbm.tar,longitudinal_rhuh_gbm/PKG - RHUH-GBM-nii-v1/RHUH-GBM_nii_v1/RHUH-0023/2/RHUH-0023_2_t1ce.nii.gz,5573815,ed58049944d1a5653d35dc978e5fe6a3505dd0a302e17be3b19077a942c4b67e,42ac972dd9dc5c6e5debfef53fa48263,240x240x155,1x1x1,float32,,,match
rhuh,RHUH-0023,2,t1,RHUH-0023_2_t1.nii.gz,longitudinal_rhuh_gbm/PKG - RHUH-GBM-nii-v1/RHUH-GBM_nii_v1/RHUH-0023/2/RHUH-0023_2_t1.nii.gz,longitudinal_rhuh_gbm.tar,longitudinal_rhuh_gbm/PKG - RHUH-GBM-nii-v1/RHUH-GBM_nii_v1/RHUH-0023/2/RHUH-0023_2_t1.nii.gz,5534088,8ae23c47d55f94e978de3cdf2522315cb775ce5335d5c39c8225459d70b493a0,63d488dc78e28d37df7c25cdeb77dc2e,240x240x155,1x1x1,float32,,,match
rhuh,RHUH-0004,0,t1,RHUH-0004_0_t1.nii.gz,longitudinal_rhuh_gbm/PKG - RHUH-GBM-nii-v1/RHUH-GBM_nii_v1/RHUH-0004/0/RHUH-0004_0_t1.nii.gz,longitudinal_rhuh_gbm.tar,longitudinal_rhuh_gbm/PKG - RHUH-GBM-nii-v1/RHUH-GBM_nii_v1/RHUH-0004/0/RHUH-0004_0_t1.nii.gz,4816847,18b370b737a36a22ada7df45733e83b6b313ca8e17bc37e7846af71b7fd657d9,835b205e61ac06a5b3f9e9c95d18f2ab,240x240x155,1x1x1,float32,,,match
rhuh,RHUH-0004,0,t2,RHUH-0004_0_t2.nii.gz,longitudinal_rhuh_gbm/PKG - RHUH-GBM-nii-v1/RHUH-GBM_nii_v1/RHUH-0004/0/RHUH-0004_0_t2.nii.gz,longitudinal_rhuh_gbm.tar,longitudinal_rhuh_gbm/PKG - RHUH-GBM-nii-v1/RHUH-GBM_nii_v1/RHUH-0004/0/RHUH-0004_0_t2.nii.gz,4854695,b625d7a9e4d254b2d9024f9cdd00a9c6cbdb93021cb855a093d1633f595dd9da,e516cb9be09647eccfc92b783a05518f,240x240x155,1x1x1,float32,,,match
rhuh,RHUH-0004,0,adc,RHUH-0004_0_adc.nii.gz,longitudinal_rhuh_gbm/PKG - RHUH-GBM-nii-v1/RHUH-GBM_nii_v1/RHUH-0004/0/RHUH-0004_0_adc.nii.gz,longitudinal_rhuh_gbm.tar,longitudinal_rhuh_gbm/PKG - RHUH-GBM-nii-v1/RHUH-GBM_nii_v1/RHUH-0004/0/RHUH-0004_0_adc.nii.gz,2207064,5129493ba06e807bbece7c15a6d384b1ddf08cf4a643f553f7569a59c0a60cc5,12411d25a4a0d7ebc67d8255efa36d5c,240x240x155,1x1x1,int16,,,match
rhuh,RHUH-0004,0,seg,RHUH-0004_0_segmentations.nii.gz,longitudinal_rhuh_gbm/PKG - RHUH-GBM-nii-v1/RHUH-GBM_nii_v1/RHUH-0004/0/RHUH-0004_0_segmentations.nii.gz,longitudinal_rhuh_gbm.tar,longitudinal_rhuh_gbm/PKG - RHUH-GBM-nii-v1/RHUH-GBM_nii_v1/RHUH-0004/0/RHUH-0004_0_segmentations.nii.gz,34629,9ef5202713fb0137977df4593de39cfb30bf1a016983bed680aef04644f690f4,61cfb1f787371adce9c1ce1a44767f0f,240x240x155,1x1x1,uint16,"0,1,2,3",,match
rhuh,RHUH-0004,0,t1ce,RHUH-0004_0_t1ce.nii.gz,longitudinal_rhuh_gbm/PKG - RHUH-GBM-nii-v1/RHUH-GBM_nii_v1/RHUH-0004/0/RHUH-0004_0_t1ce.nii.gz,longitudinal_rhuh_gbm.tar,longitudinal_rhuh_gbm/PKG - RHUH-GBM-nii-v1/RHUH-GBM_nii_v1/RHUH-0004/0/RHUH-0004_0_t1ce.nii.gz,4875196,5d530a6dafce7ebfc8d05c0f0f82d33b80ef99a3dc6b1fff8d36a1f8e000c05d,975f54390148ef03ebcac6e05ee77ed3,240x240x155,1x1x1,float32,,,match
rhuh,RHUH-0004,0,flair,RHUH-0004_0_flair.nii.gz,longitudinal_rhuh_gbm/PKG - RHUH-GBM-nii-v1/RHUH-GBM_nii_v1/RHUH-0004/0/RHUH-0004_0_flair.nii.gz,longitudinal_rhuh_gbm.tar,longitudinal_rhuh_gbm/PKG - RHUH-GBM-nii-v1/RHUH-GBM_nii_v1/RHUH-0004/0/RHUH-0004_0_flair.nii.gz,4875907,acb10b6967ef54bbce5cdd2adee5577d3941460e3f249f1ab2251c45abe7083c,1306eb2cd2425b406e10047e2dba7ae5,240x240x155,1x1x1,float32,,,match
rhuh,RHUH-0004,1,t2,RHUH-0004_1_t2.nii.gz,longitudinal_rhuh_gbm/PKG - RHUH-GBM-nii-v1/RHUH-GBM_nii_v1/RHUH-0004/1/RHUH-0004_1_t2.nii.gz,longitudinal_rhuh_gbm.tar,longitudinal_rhuh_gbm/PKG - RHUH-GBM-nii-v1/RHUH-GBM_nii_v1/RHUH-0004/1/RHUH-0004_1_t2.nii.gz,4681607,44be020bf954862bdbbc48fe0c2d1ce6248d96adf5406f3dacc557ee9358c5dd,b6d7b58d5de23b782c4c4ed2c7f09d72,240x240x155,1x1x1,float32,,,match
rhuh,RHUH-0004,1,seg,RHUH-0004_1_segmentations.nii.gz,longitudinal_rhuh_gbm/PKG - RHUH-GBM-nii-v1/RHUH-GBM_nii_v1/RHUH-0004/1/RHUH-0004_1_segmentations.nii.gz,longitudinal_rhuh_gbm.tar,longitudinal_rhuh_gbm/PKG - RHUH-GBM-nii-v1/RHUH-GBM_nii_v1/RHUH-0004/1/RHUH-0004_1_segmentations.nii.gz,26270,0ee6d76a708f4ca4e8b5b4fe01ae65efbc00bbc9a488a0f4b2706fed7867d879,f294519310ed6a4e325275df997893f8,240x240x155,1x1x1,uint16,"0,2",,match
rhuh,RHUH-0004,1,flair,RHUH-0004_1_flair.nii.gz,longitudinal_rhuh_gbm/PKG - RHUH-GBM-nii-v1/RHUH-GBM_nii_v1/RHUH-0004/1/RHUH-0004_1_flair.nii.gz,longitudinal_rhuh_gbm.tar,longitudinal_rhuh_gbm/PKG - RHUH-GBM-nii-v1/RHUH-GBM_nii_v1/RHUH-0004/1/RHUH-0004_1_flair.nii.gz,4715467,5702102740f12e8be5ed0040a5a11dfed918821f3c5f2fd2cb1c17993ece924b,e252812fe1e9501bb736a1c7241c3ddc,240x240x155,1x1x1,float32,,,match
rhuh,RHUH-0004,1,adc,RHUH-0004_1_adc.nii.gz,longitudinal_rhuh_gbm/PKG - RHUH-GBM-nii-v1/RHUH-GBM_nii_v1/RHUH-0004/1/RHUH-0004_1_adc.nii.gz,longitudinal_rhuh_gbm.tar,longitudinal_rhuh_gbm/PKG - RHUH-GBM-nii-v1/RHUH-GBM_nii_v1/RHUH-0004/1/RHUH-0004_1_adc.nii.gz,2244995,c1dd0cfbd7236b1e008a7d6a4ed6c0f8e79b3d49ceb8779218401757ca79aa8d,fee67b5cfe42c0212eb8403b4d059b7c,240x240x155,1x1x1,int16,,,match
rhuh,RHUH-0004,1,t1,RHUH-0004_1_t1.nii.gz,longitudinal_rhuh_gbm/PKG - RHUH-GBM-nii-v1/RHUH-GBM_nii_v1/RHUH-0004/1/RHUH-0004_1_t1.nii.gz,longitudinal_rhuh_gbm.tar,longitudinal_rhuh_gbm/PKG - RHUH-GBM-nii-v1/RHUH-GBM_nii_v1/RHUH-0004/1/RHUH-0004_1_t1.nii.gz,4666618,0d14f39b83bb088bdc228c5e44690b0f676657d28002ecb10ef5c030426e5fdb,5980286801ed141ed7770e8f23913442,240x240x155,1x1x1,float32,,,match
rhuh,RHUH-0004,1,t1ce,RHUH-0004_1_t1ce.nii.gz,longitudinal_rhuh_gbm/PKG - RHUH-GBM-nii-v1/RHUH-GBM_nii_v1/RHUH-0004/1/RHUH-0004_1_t1ce.nii.gz,longitudinal_rhuh_gbm.tar,longitudinal_rhuh_gbm/PKG - RHUH-GBM-nii-v1/RHUH-GBM_nii_v1/RHUH-0004/1/RHUH-0004_1_t1ce.nii.gz,4708258,49ded56954899f9225ab5c980c97bebc15cee73416dda3491ad0bcd16e4f2655,8eedac2b0257b80411752d789515574a,240x240x155,1x1x1,float32,,,match
rhuh,RHUH-0004,2,t1ce,RHUH-0004_2_t1ce.nii.gz,longitudinal_rhuh_gbm/PKG - RHUH-GBM-nii-v1/RHUH-GBM_nii_v1/RHUH-0004/2/RHUH-0004_2_t1ce.nii.gz,longitudinal_rhuh_gbm.tar,longitudinal_rhuh_gbm/PKG - RHUH-GBM-nii-v1/RHUH-GBM_nii_v1/RHUH-0004/2/RHUH-0004_2_t1ce.nii.gz,5003012,e52110a8ba2d26d06459e74c6f483f3967d9ca70cc43994ad6a86f931b86de85,82c154e39f53454b2cc750f85b809231,240x240x155,1x1x1,float32,,,match
rhuh,RHUH-0004,2,seg,RHUH-0004_2_segmentations.nii.gz,longitudinal_rhuh_gbm/PKG - RHUH-GBM-nii-v1/RHUH-GBM_nii_v1/RHUH-0004/2/RHUH-0004_2_segmentations.nii.gz,longitudinal_rhuh_gbm.tar,longitudinal_rhuh_gbm/PKG - RHUH-GBM-nii-v1/RHUH-GBM_nii_v1/RHUH-0004/2/RHUH-0004_2_segmentations.nii.gz,49600,03bb64b56b817b6ad72a016830b585a3f60403af0885f065e7c0a3720b24f438,264ac46ba67b3d31d67218626e33f2fd,240x240x155,1x1x1,uint16,"0,1,2,3",,match
rhuh,RHUH-0004,2,flair,RHUH-0004_2_flair.nii.gz,longitudinal_rhuh_gbm/PKG - RHUH-GBM-nii-v1/RHUH-GBM_nii_v1/RHUH-0004/2/RHUH-0004_2_flair.nii.gz,longitudinal_rhuh_gbm.tar,longitudinal_rhuh_gbm/PKG - RHUH-GBM-nii-v1/RHUH-GBM_nii_v1/RHUH-0004/2/RHUH-0004_2_flair.nii.gz,4953449,2512952058f8003243b20b10d32c9c06dd991f22f142f5cd922305e7c9909396,1a2a1fc553ef84156976ccc9a5a4db32,240x240x155,1x1x1,float32,,,match
rhuh,RHUH-0004,2,t1,RHUH-0004_2_t1.nii.gz,longitudinal_rhuh_gbm/PKG - RHUH-GBM-nii-v1/RHUH-GBM_nii_v1/RHUH-0004/2/RHUH-0004_2_t1.nii.gz,longitudinal_rhuh_gbm.tar,longitudinal_rhuh_gbm/PKG - RHUH-GBM-nii-v1/RHUH-GBM_nii_v1/RHUH-0004/2/RHUH-0004_2_t1.nii.gz,4909275,9e70fabc06368035ee78ffbf4d9ccdddc30a91c867b4457c341b100d3f14b1bf,1cabd93901196ffa20bb4a35d17d682c,240x240x155,1x1x1,float32,,,match
rhuh,RHUH-0004,2,t2,RHUH-0004_2_t2.nii.gz,longitudinal_rhuh_gbm/PKG - RHUH-GBM-nii-v1/RHUH-GBM_nii_v1/RHUH-0004/2/RHUH-0004_2_t2.nii.gz,longitudinal_rhuh_gbm.tar,longitudinal_rhuh_gbm/PKG - RHUH-GBM-nii-v1/RHUH-GBM_nii_v1/RHUH-0004/2/RHUH-0004_2_t2.nii.gz,4950155,3764b71cb7d8ab2b7890e3513f49f5793e334303618582708ccae880b37fea7d,14c99226c86c709601de904502af5769,240x240x155,1x1x1,float32,,,match
rhuh,RHUH-0004,2,adc,RHUH-0004_2_adc.nii.gz,longitudinal_rhuh_gbm/PKG - RHUH-GBM-nii-v1/RHUH-GBM_nii_v1/RHUH-0004/2/RHUH-0004_2_adc.nii.gz,longitudinal_rhuh_gbm.tar,longitudinal_rhuh_gbm/PKG - RHUH-GBM-nii-v1/RHUH-GBM_nii_v1/RHUH-0004/2/RHUH-0004_2_adc.nii.gz,2398267,89c543cee1516453c2a00afc6fb9a646d2d757a6657d7c2589d5ca1286917cdb,b450d758c4451f7fe12aa3b6be1f5b1e,240x240x155,1x1x1,int16,,,match
rhuh,RHUH-0010,0,t2,RHUH-0010_0_t2.nii.gz,longitudinal_rhuh_gbm/PKG - RHUH-GBM-nii-v1/RHUH-GBM_nii_v1/RHUH-0010/0/RHUH-0010_0_t2.nii.gz,longitudinal_rhuh_gbm.tar,longitudinal_rhuh_gbm/PKG - RHUH-GBM-nii-v1/RHUH-GBM_nii_v1/RHUH-0010/0/RHUH-0010_0_t2.nii.gz,5823555,6c280ab04d0eb8e4d2147f9b7a449aacfcd30010739b13824104770ce4728053,8dc765f3ca2a767787914999ac6e7f68,240x240x155,1x1x1,float32,,,match
rhuh,RHUH-0010,0,adc,RHUH-0010_0_adc.nii.gz,longitudinal_rhuh_gbm/PKG - RHUH-GBM-nii-v1/RHUH-GBM_nii_v1/RHUH-0010/0/RHUH-0010_0_adc.nii.gz,longitudinal_rhuh_gbm.tar,longitudinal_rhuh_gbm/PKG - RHUH-GBM-nii-v1/RHUH-GBM_nii_v1/RHUH-0010/0/RHUH-0010_0_adc.nii.gz,2763296,50e62e043821204595fe0db6c53b731f7d9ead5bd80bd4b122b7571283854987,a8584cee216b2d6147d2656ca010dee8,240x240x155,1x1x1,int16,,,match
rhuh,RHUH-0010,0,flair,RHUH-0010_0_flair.nii.gz,longitudinal_rhuh_gbm/PKG - RHUH-GBM-nii-v1/RHUH-GBM_nii_v1/RHUH-0010/0/RHUH-0010_0_flair.nii.gz,longitudinal_rhuh_gbm.tar,longitudinal_rhuh_gbm/PKG - RHUH-GBM-nii-v1/RHUH-GBM_nii_v1/RHUH-0010/0/RHUH-0010_0_flair.nii.gz,5815509,f61df67a903facfab2abd325f47221c9b544fa195aaa1e8e6e999061e7499b65,7a51edfddb1b8f3e413e988f04136676,240x240x155,1x1x1,float32,,,match
rhuh,RHUH-0010,0,t1,RHUH-0010_0_t1.nii.gz,longitudinal_rhuh_gbm/PKG - RHUH-GBM-nii-v1/RHUH-GBM_nii_v1/RHUH-0010/0/RHUH-0010_0_t1.nii.gz,longitudinal_rhuh_gbm.tar,longitudinal_rhuh_gbm/PKG - RHUH-GBM-nii-v1/RHUH-GBM_nii_v1/RHUH-0010/0/RHUH-0010_0_t1.nii.gz,5798021,a0d25ccbd935a95815c707033228827cb2b748c2309c31810dd7cded24f7d09d,2cd83934312a9c6ad795649270904dae,240x240x155,1x1x1,float32,,,match
rhuh,RHUH-0010,0,t1ce,RHUH-0010_0_t1ce.nii.gz,longitudinal_rhuh_gbm/PKG - RHUH-GBM-nii-v1/RHUH-GBM_nii_v1/RHUH-0010/0/RHUH-0010_0_t1ce.nii.gz,longitudinal_rhuh_gbm.tar,longitudinal_rhuh_gbm/PKG - RHUH-GBM-nii-v1/RHUH-GBM_nii_v1/RHUH-0010/0/RHUH-0010_0_t1ce.nii.gz,5838297,f1408d4c22b9a7f329f9332b307caa0e4e948f62d0b50634a941e8da589c1138,77846e3d7be016e275fec7357dae8bfb,240x240x155,1x1x1,float32,,,match
rhuh,RHUH-0010,0,seg,RHUH-0010_0_segmentations.nii.gz,longitudinal_rhuh_gbm/PKG - RHUH-GBM-nii-v1/RHUH-GBM_nii_v1/RHUH-0010/0/RHUH-0010_0_segmentations.nii.gz,longitudinal_rhuh_gbm.tar,longitudinal_rhuh_gbm/PKG - RHUH-GBM-nii-v1/RHUH-GBM_nii_v1/RHUH-0010/0/RHUH-0010_0_segmentations.nii.gz,24975,a0126b02359fbf74d8bf3f46b3e44bc89caa249f124f14478b2361075f2c9f3f,261b8624135c4d5229dbe7028db3285e,240x240x155,1x1x1,uint16,"0,1,2,3",,match
rhuh,RHUH-0010,1,t1ce,RHUH-0010_1_t1ce.nii.gz,longitudinal_rhuh_gbm/PKG - RHUH-GBM-nii-v1/RHUH-GBM_nii_v1/RHUH-0010/1/RHUH-0010_1_t1ce.nii.gz,longitudinal_rhuh_gbm.tar,longitudinal_rhuh_gbm/PKG - RHUH-GBM-nii-v1/RHUH-GBM_nii_v1/RHUH-0010/1/RHUH-0010_1_t1ce.nii.gz,6097490,90be37fc63b1de383156db786f1c859977261914b9109f5b2dd482350c45b16f,d89f5953fb1a9b4f76af437347dbd850,240x240x155,1x1x1,float32,,,match
rhuh,RHUH-0010,1,t2,RHUH-0010_1_t2.nii.gz,longitudinal_rhuh_gbm/PKG - RHUH-GBM-nii-v1/RHUH-GBM_nii_v1/RHUH-0010/1/RHUH-0010_1_t2.nii.gz,longitudinal_rhuh_gbm.tar,longitudinal_rhuh_gbm/PKG - RHUH-GBM-nii-v1/RHUH-GBM_nii_v1/RHUH-0010/1/RHUH-0010_1_t2.nii.gz,6090341,a5b4f7bcd2b882bcb6de633d587ecd2bcb189123c4e83eee8d7aea82a9cb2476,920b2805fd6acb29fa2fe4e57e5ef122,240x240x155,1x1x1,float32,,,match
rhuh,RHUH-0010,1,t1,RHUH-0010_1_t1.nii.gz,longitudinal_rhuh_gbm/PKG - RHUH-GBM-nii-v1/RHUH-GBM_nii_v1/RHUH-0010/1/RHUH-0010_1_t1.nii.gz,longitudinal_rhuh_gbm.tar,longitudinal_rhuh_gbm/PKG - RHUH-GBM-nii-v1/RHUH-GBM_nii_v1/RHUH-0010/1/RHUH-0010_1_t1.nii.gz,6092791,e94e034005fbc0312638bd84f2826e36aab99becf667c812697f87c170ce0bf3,5f82248dd8237059aef16c6738b84520,240x240x155,1x1x1,float32,,,match
rhuh,RHUH-0010,1,seg,RHUH-0010_1_segmentations.nii.gz,longitudinal_rhuh_gbm/PKG - RHUH-GBM-nii-v1/RHUH-GBM_nii_v1/RHUH-0010/1/RHUH-0010_1_segmentations.nii.gz,longitudinal_rhuh_gbm.tar,longitudinal_rhuh_gbm/PKG - RHUH-GBM-nii-v1/RHUH-GBM_nii_v1/RHUH-0010/1/RHUH-0010_1_segmentations.nii.gz,22972,a39dfe88413e817a50e13028a16f538b98125853621cdc411613ddae295ebd8f,43decbee2acf22de91c557288e0eebea,240x240x155,1x1x1,uint16,"0,2",,match
rhuh,RHUH-0010,1,flair,RHUH-0010_1_flair.nii.gz,longitudinal_rhuh_gbm/PKG - RHUH-GBM-nii-v1/RHUH-GBM_nii_v1/RHUH-0010/1/RHUH-0010_1_flair.nii.gz,longitudinal_rhuh_gbm.tar,longitudinal_rhuh_gbm/PKG - RHUH-GBM-nii-v1/RHUH-GBM_nii_v1/RHUH-0010/1/RHUH-0010_1_flair.nii.gz,6130697,9d09db1493343731b7ba7a60932489dafa1db9debd131d2cec9523eb2b435b83,a06dfad21966e96bb25d1e7c46b133a5,240x240x155,1x1x1,float32,,,match
rhuh,RHUH-0010,1,adc,RHUH-0010_1_adc.nii.gz,longitudinal_rhuh_gbm/PKG - RHUH-GBM-nii-v1/RHUH-GBM_nii_v1/RHUH-0010/1/RHUH-0010_1_adc.nii.gz,longitudinal_rhuh_gbm.tar,longitudinal_rhuh_gbm/PKG - RHUH-GBM-nii-v1/RHUH-GBM_nii_v1/RHUH-0010/1/RHUH-0010_1_adc.nii.gz,7558471,ce3c1e8deb639f095aac48ad62ad16dd524cfa6b5b717759c6ea2a2a742f3cf0,0c1c9ae8be3dfc3b2a9d13270d41d8d5,240x240x155,1x1x1,float64,,,match
rhuh,RHUH-0010,2,t1ce,RHUH-0010_2_t1ce.nii.gz,longitudinal_rhuh_gbm/PKG - RHUH-GBM-nii-v1/RHUH-GBM_nii_v1/RHUH-0010/2/RHUH-0010_2_t1ce.nii.gz,longitudinal_rhuh_gbm.tar,longitudinal_rhuh_gbm/PKG - RHUH-GBM-nii-v1/RHUH-GBM_nii_v1/RHUH-0010/2/RHUH-0010_2_t1ce.nii.gz,6523595,a7addda22083378a9f4bb31512fa1d80da741b334c78121b895c92ebcba17dd3,294bf75b3eaafaf9c28f766b1af5938d,240x240x155,1x1x1,float32,,,match
rhuh,RHUH-0010,2,t1,RHUH-0010_2_t1.nii.gz,longitudinal_rhuh_gbm/PKG - RHUH-GBM-nii-v1/RHUH-GBM_nii_v1/RHUH-0010/2/RHUH-0010_2_t1.nii.gz,longitudinal_rhuh_gbm.tar,longitudinal_rhuh_gbm/PKG - RHUH-GBM-nii-v1/RHUH-GBM_nii_v1/RHUH-0010/2/RHUH-0010_2_t1.nii.gz,6413541,36fda9d3e74114368dc5db3ff6814a78f56f4a7cf159e5fd33de064e58b4dc47,78c4fcba23e9cc994f3c082e0824f068,240x240x155,1x1x1,float32,,,match
rhuh,RHUH-0010,2,adc,RHUH-0010_2_adc.nii.gz,longitudinal_rhuh_gbm/PKG - RHUH-GBM-nii-v1/RHUH-GBM_nii_v1/RHUH-0010/2/RHUH-0010_2_adc.nii.gz,longitudinal_rhuh_gbm.tar,longitudinal_rhuh_gbm/PKG - RHUH-GBM-nii-v1/RHUH-GBM_nii_v1/RHUH-0010/2/RHUH-0010_2_adc.nii.gz,2622026,a9a3b358d588bfff9614c8a053396e1a6a2032a1a3dbfb1b87d0925915e17e40,fdd67b90021b5b121ebd968cdf530de2,240x240x155,1x1x1,int16,,,match
rhuh,RHUH-0010,2,seg,RHUH-0010_2_segmentations.nii.gz,longitudinal_rhuh_gbm/PKG - RHUH-GBM-nii-v1/RHUH-GBM_nii_v1/RHUH-0010/2/RHUH-0010_2_segmentations.nii.gz,longitudinal_rhuh_gbm.tar,longitudinal_rhuh_gbm/PKG - RHUH-GBM-nii-v1/RHUH-GBM_nii_v1/RHUH-0010/2/RHUH-0010_2_segmentations.nii.gz,46650,92d2ff34ae0ab5fd5dd8fa6c5a754cd3714109e2bb4f44b0bc5d101e063d3d29,fb77619bce237444eba204ad23ea888b,240x240x155,1x1x1,uint16,"0,1,2,3",,match
rhuh,RHUH-0010,2,t2,RHUH-0010_2_t2.nii.gz,longitudinal_rhuh_gbm/PKG - RHUH-GBM-nii-v1/RHUH-GBM_nii_v1/RHUH-0010/2/RHUH-0010_2_t2.nii.gz,longitudinal_rhuh_gbm.tar,longitudinal_rhuh_gbm/PKG - RHUH-GBM-nii-v1/RHUH-GBM_nii_v1/RHUH-0010/2/RHUH-0010_2_t2.nii.gz,6483374,1c27707bd8fecbb64ae984f46b8a20afdbb877ff8e1a09a18a9d70a052fb5c5c,bb5b5f233f65a765b0e438007cd4f4e2,240x240x155,1x1x1,float32,,,match
rhuh,RHUH-0010,2,flair,RHUH-0010_2_flair.nii.gz,longitudinal_rhuh_gbm/PKG - RHUH-GBM-nii-v1/RHUH-GBM_nii_v1/RHUH-0010/2/RHUH-0010_2_flair.nii.gz,longitudinal_rhuh_gbm.tar,longitudinal_rhuh_gbm/PKG - RHUH-GBM-nii-v1/RHUH-GBM_nii_v1/RHUH-0010/2/RHUH-0010_2_flair.nii.gz,6521693,bcb8d78fd1b36f1a712c482ab86184cd350d63443078132016e74992ea9ec7eb,988d0c834420e9ec27baddb36dfb2ed6,240x240x155,1x1x1,float32,,,match
rhuh,RHUH-0018,0,t1,RHUH-0018_0_t1.nii.gz,longitudinal_rhuh_gbm/PKG - RHUH-GBM-nii-v1/RHUH-GBM_nii_v1/RHUH-0018/0/RHUH-0018_0_t1.nii.gz,longitudinal_rhuh_gbm.tar,longitudinal_rhuh_gbm/PKG - RHUH-GBM-nii-v1/RHUH-GBM_nii_v1/RHUH-0018/0/RHUH-0018_0_t1.nii.gz,6305200,4498ea53bad86e04ecff1a497305eec960397d1aea9bcc6c9a836d4b77d75112,fe98830508e756bd5c94cb929af6f31b,240x240x155,1x1x1,float32,,,match
rhuh,RHUH-0018,0,seg,RHUH-0018_0_segmentations.nii.gz,longitudinal_rhuh_gbm/PKG - RHUH-GBM-nii-v1/RHUH-GBM_nii_v1/RHUH-0018/0/RHUH-0018_0_segmentations.nii.gz,longitudinal_rhuh_gbm.tar,longitudinal_rhuh_gbm/PKG - RHUH-GBM-nii-v1/RHUH-GBM_nii_v1/RHUH-0018/0/RHUH-0018_0_segmentations.nii.gz,43410,9fe7b8036da318086638f4347291821b1b4250bf6668b01f24cf8bf171f6baef,7f7bf635bfd73f6c2c40b9029db643af,240x240x155,1x1x1,uint16,"0,1,2,3",,match
rhuh,RHUH-0018,0,t1ce,RHUH-0018_0_t1ce.nii.gz,longitudinal_rhuh_gbm/PKG - RHUH-GBM-nii-v1/RHUH-GBM_nii_v1/RHUH-0018/0/RHUH-0018_0_t1ce.nii.gz,longitudinal_rhuh_gbm.tar,longitudinal_rhuh_gbm/PKG - RHUH-GBM-nii-v1/RHUH-GBM_nii_v1/RHUH-0018/0/RHUH-0018_0_t1ce.nii.gz,5997583,09b32849e6f67d1b2b653bb19f7397f64c91a13dc4cc63874c5a5fadf125adaa,d4bda6a6d14007b382a7f977f5fa746a,240x240x155,1x1x1,float32,,,match
rhuh,RHUH-0018,0,adc,RHUH-0018_0_adc.nii.gz,longitudinal_rhuh_gbm/PKG - RHUH-GBM-nii-v1/RHUH-GBM_nii_v1/RHUH-0018/0/RHUH-0018_0_adc.nii.gz,longitudinal_rhuh_gbm.tar,longitudinal_rhuh_gbm/PKG - RHUH-GBM-nii-v1/RHUH-GBM_nii_v1/RHUH-0018/0/RHUH-0018_0_adc.nii.gz,2837137,74c9761a4de4d7a3e5fbdb37ce608ce30ebdf69abcc0ae6ae85bf09d2310c49a,5c129982fdb6d40c78343ccac0e948ba,240x240x155,1x1x1,int16,,,match
rhuh,RHUH-0018,0,flair,RHUH-0018_0_flair.nii.gz,longitudinal_rhuh_gbm/PKG - RHUH-GBM-nii-v1/RHUH-GBM_nii_v1/RHUH-0018/0/RHUH-0018_0_flair.nii.gz,longitudinal_rhuh_gbm.tar,longitudinal_rhuh_gbm/PKG - RHUH-GBM-nii-v1/RHUH-GBM_nii_v1/RHUH-0018/0/RHUH-0018_0_flair.nii.gz,6269140,8713bb42364dba7dfe0915066e5ae2dd4c8bf4ed8f1069a2cba64cf87e113425,6218b880c2881cb3cf33a83535191245,240x240x155,1x1x1,float32,,,match
rhuh,RHUH-0018,0,t2,RHUH-0018_0_t2.nii.gz,longitudinal_rhuh_gbm/PKG - RHUH-GBM-nii-v1/RHUH-GBM_nii_v1/RHUH-0018/0/RHUH-0018_0_t2.nii.gz,longitudinal_rhuh_gbm.tar,longitudinal_rhuh_gbm/PKG - RHUH-GBM-nii-v1/RHUH-GBM_nii_v1/RHUH-0018/0/RHUH-0018_0_t2.nii.gz,6457890,42d627da4449ca7f2b66cec1761606d0e8fc9c2e10efda70d66ade42c6ce8a9e,f4a9a0576cc94fa5f6bdea58d67a874f,240x240x155,1x1x1,float32,,,match
rhuh,RHUH-0018,1,t1,RHUH-0018_1_t1.nii.gz,longitudinal_rhuh_gbm/PKG - RHUH-GBM-nii-v1/RHUH-GBM_nii_v1/RHUH-0018/1/RHUH-0018_1_t1.nii.gz,longitudinal_rhuh_gbm.tar,longitudinal_rhuh_gbm/PKG - RHUH-GBM-nii-v1/RHUH-GBM_nii_v1/RHUH-0018/1/RHUH-0018_1_t1.nii.gz,5903259,6071f788e5edf6be25c2e9b2749822596cd05a941ec86a51168e881749a6f491,cca6ebbc109de9f631a30befb35e4679,240x240x155,1x1x1,float32,,,match
rhuh,RHUH-0018,1,adc,RHUH-0018_1_adc.nii.gz,longitudinal_rhuh_gbm/PKG - RHUH-GBM-nii-v1/RHUH-GBM_nii_v1/RHUH-0018/1/RHUH-0018_1_adc.nii.gz,longitudinal_rhuh_gbm.tar,longitudinal_rhuh_gbm/PKG - RHUH-GBM-nii-v1/RHUH-GBM_nii_v1/RHUH-0018/1/RHUH-0018_1_adc.nii.gz,2821808,44c7e3bacae0376408839aa1774b23f6012d7e5edfcc62716436c9f22e7f1f50,17ea98014d01a28332f1092ece59841c,240x240x155,1x1x1,int16,,,match
rhuh,RHUH-0018,1,t2,RHUH-0018_1_t2.nii.gz,longitudinal_rhuh_gbm/PKG - RHUH-GBM-nii-v1/RHUH-GBM_nii_v1/RHUH-0018/1/RHUH-0018_1_t2.nii.gz,longitudinal_rhuh_gbm.tar,longitudinal_rhuh_gbm/PKG - RHUH-GBM-nii-v1/RHUH-GBM_nii_v1/RHUH-0018/1/RHUH-0018_1_t2.nii.gz,6051316,b630e225d16982801d52d61245b77dbfa7493c59a4e697fb54edf0f9f1624208,f30d39dd3b1e31e31826bea3f440c8ab,240x240x155,1x1x1,float32,,,match
rhuh,RHUH-0018,1,t1ce,RHUH-0018_1_t1ce.nii.gz,longitudinal_rhuh_gbm/PKG - RHUH-GBM-nii-v1/RHUH-GBM_nii_v1/RHUH-0018/1/RHUH-0018_1_t1ce.nii.gz,longitudinal_rhuh_gbm.tar,longitudinal_rhuh_gbm/PKG - RHUH-GBM-nii-v1/RHUH-GBM_nii_v1/RHUH-0018/1/RHUH-0018_1_t1ce.nii.gz,6108159,a77dec870206ed625cbfd85183829c2577cc3abc261f6d5bb2841c8015b4b2f2,a4018d17bc64a1323a3b644005e4f4f6,240x240x155,1x1x1,float32,,,match
rhuh,RHUH-0018,1,flair,RHUH-0018_1_flair.nii.gz,longitudinal_rhuh_gbm/PKG - RHUH-GBM-nii-v1/RHUH-GBM_nii_v1/RHUH-0018/1/RHUH-0018_1_flair.nii.gz,longitudinal_rhuh_gbm.tar,longitudinal_rhuh_gbm/PKG - RHUH-GBM-nii-v1/RHUH-GBM_nii_v1/RHUH-0018/1/RHUH-0018_1_flair.nii.gz,6091413,6c19f1bb0dd0432cbb9a666aa8bd25f7e4826240df3e1671752cd00e4a0e74a5,9208dd0c5740fbcdb4e3c208f1d03122,240x240x155,1x1x1,float32,,,match
rhuh,RHUH-0018,1,seg,RHUH-0018_1_segmentations.nii.gz,longitudinal_rhuh_gbm/PKG - RHUH-GBM-nii-v1/RHUH-GBM_nii_v1/RHUH-0018/1/RHUH-0018_1_segmentations.nii.gz,longitudinal_rhuh_gbm.tar,longitudinal_rhuh_gbm/PKG - RHUH-GBM-nii-v1/RHUH-GBM_nii_v1/RHUH-0018/1/RHUH-0018_1_segmentations.nii.gz,38182,805e08d49d0b05021e5e245ef45a213d2853ecc88fefb98b769105f28f6f5ef0,8388424aab1fb0002b668ad36b32f933,240x240x155,1x1x1,uint16,"0,2,3",,match
rhuh,RHUH-0018,2,t1ce,RHUH-0018_2_t1ce.nii.gz,longitudinal_rhuh_gbm/PKG - RHUH-GBM-nii-v1/RHUH-GBM_nii_v1/RHUH-0018/2/RHUH-0018_2_t1ce.nii.gz,longitudinal_rhuh_gbm.tar,longitudinal_rhuh_gbm/PKG - RHUH-GBM-nii-v1/RHUH-GBM_nii_v1/RHUH-0018/2/RHUH-0018_2_t1ce.nii.gz,5908217,36e1751a7152abaf309829ddbe03a8e0a313a17397418dfa675843b4a9dcbd45,f70104fd85721b451eadcf7d4c9333c4,240x240x155,1x1x1,float32,,,match
rhuh,RHUH-0018,2,adc,RHUH-0018_2_adc.nii.gz,longitudinal_rhuh_gbm/PKG - RHUH-GBM-nii-v1/RHUH-GBM_nii_v1/RHUH-0018/2/RHUH-0018_2_adc.nii.gz,longitudinal_rhuh_gbm.tar,longitudinal_rhuh_gbm/PKG - RHUH-GBM-nii-v1/RHUH-GBM_nii_v1/RHUH-0018/2/RHUH-0018_2_adc.nii.gz,2745517,5bc4141aa1ec2ac17b8e9a135e7534b13e41db3188131d8a4ce78097336b13a0,af6234c5b17398cd5f629e6164915208,240x240x155,1x1x1,int16,,,match
rhuh,RHUH-0018,2,seg,RHUH-0018_2_segmentations.nii.gz,longitudinal_rhuh_gbm/PKG - RHUH-GBM-nii-v1/RHUH-GBM_nii_v1/RHUH-0018/2/RHUH-0018_2_segmentations.nii.gz,longitudinal_rhuh_gbm.tar,longitudinal_rhuh_gbm/PKG - RHUH-GBM-nii-v1/RHUH-GBM_nii_v1/RHUH-0018/2/RHUH-0018_2_segmentations.nii.gz,38800,ee5830c7604c5473e6ab2ef6866824313f35f72ee7a758933e58711416452873,0b0d0f329f1915e46bc26c8a8ba960f9,240x240x155,1x1x1,uint16,"0,1,2,3",,match
rhuh,RHUH-0018,2,t2,RHUH-0018_2_t2.nii.gz,longitudinal_rhuh_gbm/PKG - RHUH-GBM-nii-v1/RHUH-GBM_nii_v1/RHUH-0018/2/RHUH-0018_2_t2.nii.gz,longitudinal_rhuh_gbm.tar,longitudinal_rhuh_gbm/PKG - RHUH-GBM-nii-v1/RHUH-GBM_nii_v1/RHUH-0018/2/RHUH-0018_2_t2.nii.gz,5906836,b1b352266e21da9d83ddfa18baf5db6eafc70ddb66cf1acee46e0b046844a294,52536f8e2e53fc716aaf0cb15676267f,240x240x155,1x1x1,float32,,,match
rhuh,RHUH-0018,2,t1,RHUH-0018_2_t1.nii.gz,longitudinal_rhuh_gbm/PKG - RHUH-GBM-nii-v1/RHUH-GBM_nii_v1/RHUH-0018/2/RHUH-0018_2_t1.nii.gz,longitudinal_rhuh_gbm.tar,longitudinal_rhuh_gbm/PKG - RHUH-GBM-nii-v1/RHUH-GBM_nii_v1/RHUH-0018/2/RHUH-0018_2_t1.nii.gz,5926461,fe6cf7b23592f1db6806e60bf37e3dc81f4c03b5d9e1aeded2bbbf1ec0d58254,bd8b23e7ed83e9fa813e101d1a8f97ce,240x240x155,1x1x1,float32,,,match
rhuh,RHUH-0018,2,flair,RHUH-0018_2_flair.nii.gz,longitudinal_rhuh_gbm/PKG - RHUH-GBM-nii-v1/RHUH-GBM_nii_v1/RHUH-0018/2/RHUH-0018_2_flair.nii.gz,longitudinal_rhuh_gbm.tar,longitudinal_rhuh_gbm/PKG - RHUH-GBM-nii-v1/RHUH-GBM_nii_v1/RHUH-0018/2/RHUH-0018_2_flair.nii.gz,5931418,38c5bfb98f234d18a004882350c1efbc641d51f9ac1d2b29fa134875c8ad8941,f07e686464ca69dddac821071b3478bb,240x240x155,1x1x1,float32,,,match
rhuh,RHUH-0006,0,flair,RHUH-0006_0_flair.nii.gz,longitudinal_rhuh_gbm/PKG - RHUH-GBM-nii-v1/RHUH-GBM_nii_v1/RHUH-0006/0/RHUH-0006_0_flair.nii.gz,longitudinal_rhuh_gbm.tar,longitudinal_rhuh_gbm/PKG - RHUH-GBM-nii-v1/RHUH-GBM_nii_v1/RHUH-0006/0/RHUH-0006_0_flair.nii.gz,5371830,150660663ce34a115bd58c0c01ab037b0d12baa4641894b00212f853a1aa1974,bd1e1e73ae83e0ca723d0a9a4c75e14d,240x240x155,1x1x1,float32,,,match
rhuh,RHUH-0006,0,t2,RHUH-0006_0_t2.nii.gz,longitudinal_rhuh_gbm/PKG - RHUH-GBM-nii-v1/RHUH-GBM_nii_v1/RHUH-0006/0/RHUH-0006_0_t2.nii.gz,longitudinal_rhuh_gbm.tar,longitudinal_rhuh_gbm/PKG - RHUH-GBM-nii-v1/RHUH-GBM_nii_v1/RHUH-0006/0/RHUH-0006_0_t2.nii.gz,5356870,6824542177b946dd4c6c073cab118d9bee45d9726f0f089b20445fdf1f52055a,90a13f98b7a208c5457aab8a326fb47d,240x240x155,1x1x1,float32,,,match
rhuh,RHUH-0006,0,t1,RHUH-0006_0_t1.nii.gz,longitudinal_rhuh_gbm/PKG - RHUH-GBM-nii-v1/RHUH-GBM_nii_v1/RHUH-0006/0/RHUH-0006_0_t1.nii.gz,longitudinal_rhuh_gbm.tar,longitudinal_rhuh_gbm/PKG - RHUH-GBM-nii-v1/RHUH-GBM_nii_v1/RHUH-0006/0/RHUH-0006_0_t1.nii.gz,5168568,7ad434c92521836af9db5a3447fcbe261d538ebc86396bd5af9a42208cc2b34c,8dc09c163db0995d6a6d52a8689c91a9,240x240x155,1x1x1,float32,,,match
rhuh,RHUH-0006,0,adc,RHUH-0006_0_adc.nii.gz,longitudinal_rhuh_gbm/PKG - RHUH-GBM-nii-v1/RHUH-GBM_nii_v1/RHUH-0006/0/RHUH-0006_0_adc.nii.gz,longitudinal_rhuh_gbm.tar,longitudinal_rhuh_gbm/PKG - RHUH-GBM-nii-v1/RHUH-GBM_nii_v1/RHUH-0006/0/RHUH-0006_0_adc.nii.gz,2534208,6efea1413db1323b69b4264eba86703fd07cf30bc4725c374e91e8bdcaece97f,34ca35d5abd2ea1d6c84951eb91cae21,240x240x155,1x1x1,int16,,,match
rhuh,RHUH-0006,0,t1ce,RHUH-0006_0_t1ce.nii.gz,longitudinal_rhuh_gbm/PKG - RHUH-GBM-nii-v1/RHUH-GBM_nii_v1/RHUH-0006/0/RHUH-0006_0_t1ce.nii.gz,longitudinal_rhuh_gbm.tar,longitudinal_rhuh_gbm/PKG - RHUH-GBM-nii-v1/RHUH-GBM_nii_v1/RHUH-0006/0/RHUH-0006_0_t1ce.nii.gz,5388012,71c18470ecdc850f28d9e463cdd869ddfe517a1ccfafcca33575494b3efd6441,865d8fa158d7569ab0e861bb6baad983,240x240x155,1x1x1,float32,,,match
rhuh,RHUH-0006,0,seg,RHUH-0006_0_segmentations.nii.gz,longitudinal_rhuh_gbm/PKG - RHUH-GBM-nii-v1/RHUH-GBM_nii_v1/RHUH-0006/0/RHUH-0006_0_segmentations.nii.gz,longitudinal_rhuh_gbm.tar,longitudinal_rhuh_gbm/PKG - RHUH-GBM-nii-v1/RHUH-GBM_nii_v1/RHUH-0006/0/RHUH-0006_0_segmentations.nii.gz,43002,8de85ed3c3e0c94c9247553cf3025b8b50794386dc118e6e210953316d9543b1,4bcd7631bc99266601b4ac6e7bb1ee5b,240x240x155,1x1x1,uint16,"0,1,2,3",,match
rhuh,RHUH-0006,1,t2,RHUH-0006_1_t2.nii.gz,longitudinal_rhuh_gbm/PKG - RHUH-GBM-nii-v1/RHUH-GBM_nii_v1/RHUH-0006/1/RHUH-0006_1_t2.nii.gz,longitudinal_rhuh_gbm.tar,longitudinal_rhuh_gbm/PKG - RHUH-GBM-nii-v1/RHUH-GBM_nii_v1/RHUH-0006/1/RHUH-0006_1_t2.nii.gz,5372976,bf2917b565a137da8d104dd8bbe726a730cf066b6e8348c329298990b74c17a6,dd94a8f6714467a130108a079a082ef2,240x240x155,1x1x1,float32,,,match
rhuh,RHUH-0006,1,t1ce,RHUH-0006_1_t1ce.nii.gz,longitudinal_rhuh_gbm/PKG - RHUH-GBM-nii-v1/RHUH-GBM_nii_v1/RHUH-0006/1/RHUH-0006_1_t1ce.nii.gz,longitudinal_rhuh_gbm.tar,longitudinal_rhuh_gbm/PKG - RHUH-GBM-nii-v1/RHUH-GBM_nii_v1/RHUH-0006/1/RHUH-0006_1_t1ce.nii.gz,5340454,14dfcae25077d3bf7b069aa769b82e1b9f5a545a0328933b2ef95616ae7dec4b,9ae363aa79c6816380f27d4b70f06192,240x240x155,1x1x1,float32,,,match
rhuh,RHUH-0006,1,seg,RHUH-0006_1_segmentations.nii.gz,longitudinal_rhuh_gbm/PKG - RHUH-GBM-nii-v1/RHUH-GBM_nii_v1/RHUH-0006/1/RHUH-0006_1_segmentations.nii.gz,longitudinal_rhuh_gbm.tar,longitudinal_rhuh_gbm/PKG - RHUH-GBM-nii-v1/RHUH-GBM_nii_v1/RHUH-0006/1/RHUH-0006_1_segmentations.nii.gz,25596,570e406d02bb23f84060ceded05bba25a47d7fc5854e7aca1a73d53a097042a2,f6a71b6c1649b18cc4f9dd0e5a2f4ca9,240x240x155,1x1x1,uint16,"0,2",,match
rhuh,RHUH-0006,1,t1,RHUH-0006_1_t1.nii.gz,longitudinal_rhuh_gbm/PKG - RHUH-GBM-nii-v1/RHUH-GBM_nii_v1/RHUH-0006/1/RHUH-0006_1_t1.nii.gz,longitudinal_rhuh_gbm.tar,longitudinal_rhuh_gbm/PKG - RHUH-GBM-nii-v1/RHUH-GBM_nii_v1/RHUH-0006/1/RHUH-0006_1_t1.nii.gz,5372856,a770eebbbcbd875140ed899d2650ff592e8fdec2b1e5a42aa59f41e8f3ca3104,34defa5799d6ee20af41d44a4ecd417e,240x240x155,1x1x1,float32,,,match
rhuh,RHUH-0006,1,flair,RHUH-0006_1_flair.nii.gz,longitudinal_rhuh_gbm/PKG - RHUH-GBM-nii-v1/RHUH-GBM_nii_v1/RHUH-0006/1/RHUH-0006_1_flair.nii.gz,longitudinal_rhuh_gbm.tar,longitudinal_rhuh_gbm/PKG - RHUH-GBM-nii-v1/RHUH-GBM_nii_v1/RHUH-0006/1/RHUH-0006_1_flair.nii.gz,5439653,58dcce5910dea0bfe8cb4cabb8ec7742e761de195feb846921673a0678309f51,7bb4ef490975ad33e53b4317d14a2be9,240x240x155,1x1x1,float32,,,match
rhuh,RHUH-0006,1,adc,RHUH-0006_1_adc.nii.gz,longitudinal_rhuh_gbm/PKG - RHUH-GBM-nii-v1/RHUH-GBM_nii_v1/RHUH-0006/1/RHUH-0006_1_adc.nii.gz,longitudinal_rhuh_gbm.tar,longitudinal_rhuh_gbm/PKG - RHUH-GBM-nii-v1/RHUH-GBM_nii_v1/RHUH-0006/1/RHUH-0006_1_adc.nii.gz,2486162,946bf3afa53176b42f0659de6a9b388c6c156d57f821d976ee78b742eb3f68f3,0249ac841a701160c71085d09ee2af97,240x240x155,1x1x1,int16,,,match
rhuh,RHUH-0006,2,t2,RHUH-0006_2_t2.nii.gz,longitudinal_rhuh_gbm/PKG - RHUH-GBM-nii-v1/RHUH-GBM_nii_v1/RHUH-0006/2/RHUH-0006_2_t2.nii.gz,longitudinal_rhuh_gbm.tar,longitudinal_rhuh_gbm/PKG - RHUH-GBM-nii-v1/RHUH-GBM_nii_v1/RHUH-0006/2/RHUH-0006_2_t2.nii.gz,5337016,7533f52de444ea3f3eec5a838e72803dc2c3ca1408cc703c4f1e38766bcec78c,0772f85424350bbf8d623a87b6409570,240x240x155,1x1x1,float32,,,match
rhuh,RHUH-0006,2,t1ce,RHUH-0006_2_t1ce.nii.gz,longitudinal_rhuh_gbm/PKG - RHUH-GBM-nii-v1/RHUH-GBM_nii_v1/RHUH-0006/2/RHUH-0006_2_t1ce.nii.gz,longitudinal_rhuh_gbm.tar,longitudinal_rhuh_gbm/PKG - RHUH-GBM-nii-v1/RHUH-GBM_nii_v1/RHUH-0006/2/RHUH-0006_2_t1ce.nii.gz,5420967,c03729e381c9299ecbfd8d1fdd3c10ec9c51d29606b88eb190d1701dad879458,efc48b13b51e2760c6de64c7b7e49dcf,240x240x155,1x1x1,float32,,,match
rhuh,RHUH-0006,2,t1,RHUH-0006_2_t1.nii.gz,longitudinal_rhuh_gbm/PKG - RHUH-GBM-nii-v1/RHUH-GBM_nii_v1/RHUH-0006/2/RHUH-0006_2_t1.nii.gz,longitudinal_rhuh_gbm.tar,longitudinal_rhuh_gbm/PKG - RHUH-GBM-nii-v1/RHUH-GBM_nii_v1/RHUH-0006/2/RHUH-0006_2_t1.nii.gz,5393250,85014ebb175e019328fc9e2e696f166d3baa06908920d0b6b49ce6082b16a95c,fd5c05e21cb054a79a9a9713f7a85d06,240x240x155,1x1x1,float32,,,match
rhuh,RHUH-0006,2,flair,RHUH-0006_2_flair.nii.gz,longitudinal_rhuh_gbm/PKG - RHUH-GBM-nii-v1/RHUH-GBM_nii_v1/RHUH-0006/2/RHUH-0006_2_flair.nii.gz,longitudinal_rhuh_gbm.tar,longitudinal_rhuh_gbm/PKG - RHUH-GBM-nii-v1/RHUH-GBM_nii_v1/RHUH-0006/2/RHUH-0006_2_flair.nii.gz,5381753,7e882b338e4fdab7187ea214b9826f0dca4955b5c4921a8530d7a51dd7499294,e6302a1fd7a9dfd3a5d49ca7561f3202,240x240x155,1x1x1,float32,,,match
rhuh,RHUH-0006,2,seg,RHUH-0006_2_segmentations.nii.gz,longitudinal_rhuh_gbm/PKG - RHUH-GBM-nii-v1/RHUH-GBM_nii_v1/RHUH-0006/2/RHUH-0006_2_segmentations.nii.gz,longitudinal_rhuh_gbm.tar,longitudinal_rhuh_gbm/PKG - RHUH-GBM-nii-v1/RHUH-GBM_nii_v1/RHUH-0006/2/RHUH-0006_2_segmentations.nii.gz,26572,891a7d3369bedcf0c5e56d3a3f78edfcbbbde17f6b310b9f8795b7c7630ffa6e,2ec1bd6197943ae232714f082d18ef8c,240x240x155,1x1x1,uint16,"0,1,2,3",,match
rhuh,RHUH-0006,2,adc,RHUH-0006_2_adc.nii.gz,longitudinal_rhuh_gbm/PKG - RHUH-GBM-nii-v1/RHUH-GBM_nii_v1/RHUH-0006/2/RHUH-0006_2_adc.nii.gz,longitudinal_rhuh_gbm.tar,longitudinal_rhuh_gbm/PKG - RHUH-GBM-nii-v1/RHUH-GBM_nii_v1/RHUH-0006/2/RHUH-0006_2_adc.nii.gz,2591228,eceb1f084b3732c056e390410e0f64ebb6093054a72507e7debbb4081782f2c5,6f7cc6e19d7f97be200c1ed2d3f384fc,240x240x155,1x1x1,int16,,,match
rhuh,RHUH-0033,0,adc,RHUH-0033_0_adc.nii.gz,longitudinal_rhuh_gbm/PKG - RHUH-GBM-nii-v1/RHUH-GBM_nii_v1/RHUH-0033/0/RHUH-0033_0_adc.nii.gz,longitudinal_rhuh_gbm.tar,longitudinal_rhuh_gbm/PKG - RHUH-GBM-nii-v1/RHUH-GBM_nii_v1/RHUH-0033/0/RHUH-0033_0_adc.nii.gz,2635247,85eddb85b05452e260991aaf2f65ca0bd5781fe21fb7518ad1a3c74fe651435c,bd4c3d1dcc08c6c51e0e213d0a97bc9f,240x240x155,1x1x1,int16,,,match
rhuh,RHUH-0033,0,t2,RHUH-0033_0_t2.nii.gz,longitudinal_rhuh_gbm/PKG - RHUH-GBM-nii-v1/RHUH-GBM_nii_v1/RHUH-0033/0/RHUH-0033_0_t2.nii.gz,longitudinal_rhuh_gbm.tar,longitudinal_rhuh_gbm/PKG - RHUH-GBM-nii-v1/RHUH-GBM_nii_v1/RHUH-0033/0/RHUH-0033_0_t2.nii.gz,5675625,9f0dbbf8932b09623216421981bb1a9ee3ce0f770be02d6676512a5fe26bcbdb,d2ed7d4f280e2ce817ef9b48a420da4a,240x240x155,1x1x1,float32,,,match
rhuh,RHUH-0033,0,flair,RHUH-0033_0_flair.nii.gz,longitudinal_rhuh_gbm/PKG - RHUH-GBM-nii-v1/RHUH-GBM_nii_v1/RHUH-0033/0/RHUH-0033_0_flair.nii.gz,longitudinal_rhuh_gbm.tar,longitudinal_rhuh_gbm/PKG - RHUH-GBM-nii-v1/RHUH-GBM_nii_v1/RHUH-0033/0/RHUH-0033_0_flair.nii.gz,5707584,a593eb75424433399cbf6a19701cd495ba2dac0ae6481e8fdf47506118580ade,3991225d79f4e7b6b92e299a08228534,240x240x155,1x1x1,float32,,,match
rhuh,RHUH-0033,0,t1,RHUH-0033_0_t1.nii.gz,longitudinal_rhuh_gbm/PKG - RHUH-GBM-nii-v1/RHUH-GBM_nii_v1/RHUH-0033/0/RHUH-0033_0_t1.nii.gz,longitudinal_rhuh_gbm.tar,longitudinal_rhuh_gbm/PKG - RHUH-GBM-nii-v1/RHUH-GBM_nii_v1/RHUH-0033/0/RHUH-0033_0_t1.nii.gz,5670741,f99b6869eabf42ac2863b6cf25c37b6d5f3ec5ea342e4fced58e5bd0de1eac5a,2dd309a705c2ab52dbb9393ac68b54b6,240x240x155,1x1x1,float32,,,match
rhuh,RHUH-0033,0,t1ce,RHUH-0033_0_t1ce.nii.gz,longitudinal_rhuh_gbm/PKG - RHUH-GBM-nii-v1/RHUH-GBM_nii_v1/RHUH-0033/0/RHUH-0033_0_t1ce.nii.gz,longitudinal_rhuh_gbm.tar,longitudinal_rhuh_gbm/PKG - RHUH-GBM-nii-v1/RHUH-GBM_nii_v1/RHUH-0033/0/RHUH-0033_0_t1ce.nii.gz,5713814,8a0326fee5b52fc10ff63322fed0d7d7604271ce6a772a73b79e57f9a1ce8ea8,872ebec6bec2bab3c17408f1e46636c5,240x240x155,1x1x1,float32,,,match
rhuh,RHUH-0033,0,seg,RHUH-0033_0_segmentations.nii.gz,longitudinal_rhuh_gbm/PKG - RHUH-GBM-nii-v1/RHUH-GBM_nii_v1/RHUH-0033/0/RHUH-0033_0_segmentations.nii.gz,longitudinal_rhuh_gbm.tar,longitudinal_rhuh_gbm/PKG - RHUH-GBM-nii-v1/RHUH-GBM_nii_v1/RHUH-0033/0/RHUH-0033_0_segmentations.nii.gz,28362,06b18e5b5e1a07660d551d5478c0003af908e8b36138b0f4f5be345e3b52ae2b,e9b6bb241bbf364366f6583b36db9c36,240x240x155,1x1x1,uint16,"0,1,2,3",,match
rhuh,RHUH-0033,1,t2,RHUH-0033_1_t2.nii.gz,longitudinal_rhuh_gbm/PKG - RHUH-GBM-nii-v1/RHUH-GBM_nii_v1/RHUH-0033/1/RHUH-0033_1_t2.nii.gz,longitudinal_rhuh_gbm.tar,longitudinal_rhuh_gbm/PKG - RHUH-GBM-nii-v1/RHUH-GBM_nii_v1/RHUH-0033/1/RHUH-0033_1_t2.nii.gz,5792996,c915869df076b2762d92f46d0f4d4c3a2f46762024857117974f24fb11f6dcd8,9510cf819f0ba3b0942d6f3ec96c42ab,240x240x155,1x1x1,float32,,,match
rhuh,RHUH-0033,1,t1,RHUH-0033_1_t1.nii.gz,longitudinal_rhuh_gbm/PKG - RHUH-GBM-nii-v1/RHUH-GBM_nii_v1/RHUH-0033/1/RHUH-0033_1_t1.nii.gz,longitudinal_rhuh_gbm.tar,longitudinal_rhuh_gbm/PKG - RHUH-GBM-nii-v1/RHUH-GBM_nii_v1/RHUH-0033/1/RHUH-0033_1_t1.nii.gz,5805470,1d41e392ed57618b1165755923de23245731572668ada93d0d87ba5258cd8885,61e0378a65934a4374e1e5cce4e266d7,240x240x155,1x1x1,float32,,,match
rhuh,RHUH-0033,1,flair,RHUH-0033_1_flair.nii.gz,longitudinal_rhuh_gbm/PKG - RHUH-GBM-nii-v1/RHUH-GBM_nii_v1/RHUH-0033/1/RHUH-0033_1_flair.nii.gz,longitudinal_rhuh_gbm.tar,longitudinal_rhuh_gbm/PKG - RHUH-GBM-nii-v1/RHUH-GBM_nii_v1/RHUH-0033/1/RHUH-0033_1_flair.nii.gz,5822430,89335459cb69c2a93a5b14234f00454bcdcc2d81382156ffab4accdcd0127c2e,c42a03e27b56bd9fadc608130cef4216,240x240x155,1x1x1,float32,,,match
rhuh,RHUH-0033,1,seg,RHUH-0033_1_segmentations.nii.gz,longitudinal_rhuh_gbm/PKG - RHUH-GBM-nii-v1/RHUH-GBM_nii_v1/RHUH-0033/1/RHUH-0033_1_segmentations.nii.gz,longitudinal_rhuh_gbm.tar,longitudinal_rhuh_gbm/PKG - RHUH-GBM-nii-v1/RHUH-GBM_nii_v1/RHUH-0033/1/RHUH-0033_1_segmentations.nii.gz,22006,d58f8e18bf7e6a22a08133fed7859504ef6b1800f6032cdcdc1d6fc1e10829fb,0183d98b9dac28c71013c76347dabd9b,240x240x155,1x1x1,uint16,"0,2",,match
rhuh,RHUH-0033,1,t1ce,RHUH-0033_1_t1ce.nii.gz,longitudinal_rhuh_gbm/PKG - RHUH-GBM-nii-v1/RHUH-GBM_nii_v1/RHUH-0033/1/RHUH-0033_1_t1ce.nii.gz,longitudinal_rhuh_gbm.tar,longitudinal_rhuh_gbm/PKG - RHUH-GBM-nii-v1/RHUH-GBM_nii_v1/RHUH-0033/1/RHUH-0033_1_t1ce.nii.gz,5844065,ee06d3dcae3ab9d2a49b4c2050b242e3532bb9dcbf7b2119c443067985d4e0d1,96089484a1d126eec46c8837f6b071ce,240x240x155,1x1x1,float32,,,match
rhuh,RHUH-0033,1,adc,RHUH-0033_1_adc.nii.gz,longitudinal_rhuh_gbm/PKG - RHUH-GBM-nii-v1/RHUH-GBM_nii_v1/RHUH-0033/1/RHUH-0033_1_adc.nii.gz,longitudinal_rhuh_gbm.tar,longitudinal_rhuh_gbm/PKG - RHUH-GBM-nii-v1/RHUH-GBM_nii_v1/RHUH-0033/1/RHUH-0033_1_adc.nii.gz,2780320,8a569efaa5c7154c7ffe03e50aa8d59b9327f7938c03389404e918bebc13d20c,42422b73bfc38cc3e0a5982be9c744b6,240x240x155,1x1x1,int16,,,match
rhuh,RHUH-0033,2,seg,RHUH-0033_2_segmentations.nii.gz,longitudinal_rhuh_gbm/PKG - RHUH-GBM-nii-v1/RHUH-GBM_nii_v1/RHUH-0033/2/RHUH-0033_2_segmentations.nii.gz,longitudinal_rhuh_gbm.tar,longitudinal_rhuh_gbm/PKG - RHUH-GBM-nii-v1/RHUH-GBM_nii_v1/RHUH-0033/2/RHUH-0033_2_segmentations.nii.gz,50403,b3fdcf63f7fd2e9cb4aa9e4cdb8bd29dcc07c1967404adfb0cbe1dbb73092356,30787a969c37d44c120685ecf8e6e374,240x240x155,1x1x1,uint16,"0,1,2,3",,match
rhuh,RHUH-0033,2,flair,RHUH-0033_2_flair.nii.gz,longitudinal_rhuh_gbm/PKG - RHUH-GBM-nii-v1/RHUH-GBM_nii_v1/RHUH-0033/2/RHUH-0033_2_flair.nii.gz,longitudinal_rhuh_gbm.tar,longitudinal_rhuh_gbm/PKG - RHUH-GBM-nii-v1/RHUH-GBM_nii_v1/RHUH-0033/2/RHUH-0033_2_flair.nii.gz,5818300,4766321b9523f030b237d4fabff1ac9dec786f409a6a5e8a1c33f202301ce7b6,06623e3017679220b432921f429f4645,240x240x155,1x1x1,float32,,,match
rhuh,RHUH-0033,2,t2,RHUH-0033_2_t2.nii.gz,longitudinal_rhuh_gbm/PKG - RHUH-GBM-nii-v1/RHUH-GBM_nii_v1/RHUH-0033/2/RHUH-0033_2_t2.nii.gz,longitudinal_rhuh_gbm.tar,longitudinal_rhuh_gbm/PKG - RHUH-GBM-nii-v1/RHUH-GBM_nii_v1/RHUH-0033/2/RHUH-0033_2_t2.nii.gz,5770376,418ffdd53c8861c75baf83a2f32719405b2df3bbecd5eb991305f01806860eb4,1a7722121df30e892fac4b18ed6c7a10,240x240x155,1x1x1,float32,,,match
rhuh,RHUH-0033,2,t1ce,RHUH-0033_2_t1ce.nii.gz,longitudinal_rhuh_gbm/PKG - RHUH-GBM-nii-v1/RHUH-GBM_nii_v1/RHUH-0033/2/RHUH-0033_2_t1ce.nii.gz,longitudinal_rhuh_gbm.tar,longitudinal_rhuh_gbm/PKG - RHUH-GBM-nii-v1/RHUH-GBM_nii_v1/RHUH-0033/2/RHUH-0033_2_t1ce.nii.gz,5790465,c2de6b72518ddf97ced73abb2b7e94a5bf04d4d75b870516f9f36fec577c0781,e9a7687fa7aaa9b9c01e15e30146556a,240x240x155,1x1x1,float32,,,match
rhuh,RHUH-0033,2,adc,RHUH-0033_2_adc.nii.gz,longitudinal_rhuh_gbm/PKG - RHUH-GBM-nii-v1/RHUH-GBM_nii_v1/RHUH-0033/2/RHUH-0033_2_adc.nii.gz,longitudinal_rhuh_gbm.tar,longitudinal_rhuh_gbm/PKG - RHUH-GBM-nii-v1/RHUH-GBM_nii_v1/RHUH-0033/2/RHUH-0033_2_adc.nii.gz,2684949,a3e614b59c6813c1077f165fe4553eb8d789ae81f6f2d1a17c251d7f0f31e8ca,fe209cc7a412d7d4e729d4baa23c142e,240x240x155,1x1x1,int16,,,match
rhuh,RHUH-0033,2,t1,RHUH-0033_2_t1.nii.gz,longitudinal_rhuh_gbm/PKG - RHUH-GBM-nii-v1/RHUH-GBM_nii_v1/RHUH-0033/2/RHUH-0033_2_t1.nii.gz,longitudinal_rhuh_gbm.tar,longitudinal_rhuh_gbm/PKG - RHUH-GBM-nii-v1/RHUH-GBM_nii_v1/RHUH-0033/2/RHUH-0033_2_t1.nii.gz,5791524,746f8151b34adcd164008594b0e13e76ef924655778dc396028b74dd40cd0b44,f9b81526c0f6f5d33b42dde519755a02,240x240x155,1x1x1,float32,,,match
rhuh,RHUH-0005,0,t2,RHUH-0005_0_t2.nii.gz,longitudinal_rhuh_gbm/PKG - RHUH-GBM-nii-v1/RHUH-GBM_nii_v1/RHUH-0005/0/RHUH-0005_0_t2.nii.gz,longitudinal_rhuh_gbm.tar,longitudinal_rhuh_gbm/PKG - RHUH-GBM-nii-v1/RHUH-GBM_nii_v1/RHUH-0005/0/RHUH-0005_0_t2.nii.gz,5663131,9ed0bad2d0afe59a2c404ef9d91152d2c8ee2a728b214152ad80403cfee7e944,fca68bfea6f9d11997d94a57faa526bb,240x240x155,1x1x1,float32,,,match
rhuh,RHUH-0005,0,t1,RHUH-0005_0_t1.nii.gz,longitudinal_rhuh_gbm/PKG - RHUH-GBM-nii-v1/RHUH-GBM_nii_v1/RHUH-0005/0/RHUH-0005_0_t1.nii.gz,longitudinal_rhuh_gbm.tar,longitudinal_rhuh_gbm/PKG - RHUH-GBM-nii-v1/RHUH-GBM_nii_v1/RHUH-0005/0/RHUH-0005_0_t1.nii.gz,5594388,6289e972f0d4857bf08bffb026bd95a25f3408e7cdf6610b9fa0389f1b19d958,27e283e4972ff5653c578d02eb4799f9,240x240x155,1x1x1,float32,,,match
rhuh,RHUH-0005,0,adc,RHUH-0005_0_adc.nii.gz,longitudinal_rhuh_gbm/PKG - RHUH-GBM-nii-v1/RHUH-GBM_nii_v1/RHUH-0005/0/RHUH-0005_0_adc.nii.gz,longitudinal_rhuh_gbm.tar,longitudinal_rhuh_gbm/PKG - RHUH-GBM-nii-v1/RHUH-GBM_nii_v1/RHUH-0005/0/RHUH-0005_0_adc.nii.gz,2557356,65eec826fc8fad67cb1f71a1849e087dc06810bd19f07ba87d7e2d811eb1b26b,540f38ac3ea84aa06b9269913299fbad,240x240x155,1x1x1,int16,,,match
rhuh,RHUH-0005,0,flair,RHUH-0005_0_flair.nii.gz,longitudinal_rhuh_gbm/PKG - RHUH-GBM-nii-v1/RHUH-GBM_nii_v1/RHUH-0005/0/RHUH-0005_0_flair.nii.gz,longitudinal_rhuh_gbm.tar,longitudinal_rhuh_gbm/PKG - RHUH-GBM-nii-v1/RHUH-GBM_nii_v1/RHUH-0005/0/RHUH-0005_0_flair.nii.gz,5670314,374cea52aade97e8f7ec037bdfee16adaa949b1cc38c3eddce2b26c31ae3b42e,7ed605638070d20328ceae06e2bf497e,240x240x155,1x1x1,float32,,,match
rhuh,RHUH-0005,0,seg,RHUH-0005_0_segmentations.nii.gz,longitudinal_rhuh_gbm/PKG - RHUH-GBM-nii-v1/RHUH-GBM_nii_v1/RHUH-0005/0/RHUH-0005_0_segmentations.nii.gz,longitudinal_rhuh_gbm.tar,longitudinal_rhuh_gbm/PKG - RHUH-GBM-nii-v1/RHUH-GBM_nii_v1/RHUH-0005/0/RHUH-0005_0_segmentations.nii.gz,28823,ea67f6f7612b0eea0c377ff330dbfd9a2b29275fbf11bcae8626ff59c4c0c16c,8aa9b18f77a32d9edb3bcc24650c96c2,240x240x155,1x1x1,uint16,"0,1,2,3",,match
rhuh,RHUH-0005,0,t1ce,RHUH-0005_0_t1ce.nii.gz,longitudinal_rhuh_gbm/PKG - RHUH-GBM-nii-v1/RHUH-GBM_nii_v1/RHUH-0005/0/RHUH-0005_0_t1ce.nii.gz,longitudinal_rhuh_gbm.tar,longitudinal_rhuh_gbm/PKG - RHUH-GBM-nii-v1/RHUH-GBM_nii_v1/RHUH-0005/0/RHUH-0005_0_t1ce.nii.gz,5643414,9afed930b4da64a72feaaae707a1becd0e2ff4501fd1f28bc3a8f8b3a9a4086f,6b9649b5d56c160ddc70a6b8dca3acf9,240x240x155,1x1x1,float32,,,match
rhuh,RHUH-0005,1,flair,RHUH-0005_1_flair.nii.gz,longitudinal_rhuh_gbm/PKG - RHUH-GBM-nii-v1/RHUH-GBM_nii_v1/RHUH-0005/1/RHUH-0005_1_flair.nii.gz,longitudinal_rhuh_gbm.tar,longitudinal_rhuh_gbm/PKG - RHUH-GBM-nii-v1/RHUH-GBM_nii_v1/RHUH-0005/1/RHUH-0005_1_flair.nii.gz,5454664,2fb554dbc349a12255852cf9e75809e7d3b14b45ca873f1dbe1bf160d06e9263,2a9796a28e053e65540c6441a56a4a86,240x240x155,1x1x1,float32,,,match
rhuh,RHUH-0005,1,adc,RHUH-0005_1_adc.nii.gz,longitudinal_rhuh_gbm/PKG - RHUH-GBM-nii-v1/RHUH-GBM_nii_v1/RHUH-0005/1/RHUH-0005_1_adc.nii.gz,longitudinal_rhuh_gbm.tar,longitudinal_rhuh_gbm/PKG - RHUH-GBM-nii-v1/RHUH-GBM_nii_v1/RHUH-0005/1/RHUH-0005_1_adc.nii.gz,5685654,8d920d31f759724ec44c3c37cf62396b29f5309dec4934dcd6c0f46d9f4ad4d2,321d71d3885bba9efeeaca31ebd0bc5d,240x240x155,1x1x1,float32,,,match
rhuh,RHUH-0005,1,t1,RHUH-0005_1_t1.nii.gz,longitudinal_rhuh_gbm/PKG - RHUH-GBM-nii-v1/RHUH-GBM_nii_v1/RHUH-0005/1/RHUH-0005_1_t1.nii.gz,longitudinal_rhuh_gbm.tar,longitudinal_rhuh_gbm/PKG - RHUH-GBM-nii-v1/RHUH-GBM_nii_v1/RHUH-0005/1/RHUH-0005_1_t1.nii.gz,5448230,aea5a541024c2c756d118bf7f9c1f519e0da59cd1e01e8aa2b0f3651b5a563f5,f137aeac002e8b9737310c984a4ab5ba,240x240x155,1x1x1,float32,,,match
rhuh,RHUH-0005,1,t2,RHUH-0005_1_t2.nii.gz,longitudinal_rhuh_gbm/PKG - RHUH-GBM-nii-v1/RHUH-GBM_nii_v1/RHUH-0005/1/RHUH-0005_1_t2.nii.gz,longitudinal_rhuh_gbm.tar,longitudinal_rhuh_gbm/PKG - RHUH-GBM-nii-v1/RHUH-GBM_nii_v1/RHUH-0005/1/RHUH-0005_1_t2.nii.gz,5463022,4b27e99ebbfeb55811f9a334fb9c5564d93836a2bf08950bd1d2d42e88f7ebb0,7834c0066d18fa4e60d1d7735b4ce0a8,240x240x155,1x1x1,float32,,,match
rhuh,RHUH-0005,1,t1ce,RHUH-0005_1_t1ce.nii.gz,longitudinal_rhuh_gbm/PKG - RHUH-GBM-nii-v1/RHUH-GBM_nii_v1/RHUH-0005/1/RHUH-0005_1_t1ce.nii.gz,longitudinal_rhuh_gbm.tar,longitudinal_rhuh_gbm/PKG - RHUH-GBM-nii-v1/RHUH-GBM_nii_v1/RHUH-0005/1/RHUH-0005_1_t1ce.nii.gz,5487383,496bc9f5f74bf6e90909e1145388f15dcd393e1f36951d197a86d8597d0744fa,3d2a37f4765fcf54b73f24c266f6c58f,240x240x155,1x1x1,float32,,,match
rhuh,RHUH-0005,1,seg,RHUH-0005_1_segmentations.nii.gz,longitudinal_rhuh_gbm/PKG - RHUH-GBM-nii-v1/RHUH-GBM_nii_v1/RHUH-0005/1/RHUH-0005_1_segmentations.nii.gz,longitudinal_rhuh_gbm.tar,longitudinal_rhuh_gbm/PKG - RHUH-GBM-nii-v1/RHUH-GBM_nii_v1/RHUH-0005/1/RHUH-0005_1_segmentations.nii.gz,25765,af793b92ab73f21cda37ba3b56171b70008e246fcd8194e0b51e0a53f719a1a1,6112e7c9fda510c47e12195cbe6fa71d,240x240x155,1x1x1,uint16,"0,2,3",,match
rhuh,RHUH-0005,2,seg,RHUH-0005_2_segmentations.nii.gz,longitudinal_rhuh_gbm/PKG - RHUH-GBM-nii-v1/RHUH-GBM_nii_v1/RHUH-0005/2/RHUH-0005_2_segmentations.nii.gz,longitudinal_rhuh_gbm.tar,longitudinal_rhuh_gbm/PKG - RHUH-GBM-nii-v1/RHUH-GBM_nii_v1/RHUH-0005/2/RHUH-0005_2_segmentations.nii.gz,33248,7bc9c9d1bddac8fc5ebbd7aadff756ca62a390a746811032348c0e474817c44b,24a711ca713284d9aa7fd4dcacf01df0,240x240x155,1x1x1,uint16,"0,1,2,3",,match
rhuh,RHUH-0005,2,t1,RHUH-0005_2_t1.nii.gz,longitudinal_rhuh_gbm/PKG - RHUH-GBM-nii-v1/RHUH-GBM_nii_v1/RHUH-0005/2/RHUH-0005_2_t1.nii.gz,longitudinal_rhuh_gbm.tar,longitudinal_rhuh_gbm/PKG - RHUH-GBM-nii-v1/RHUH-GBM_nii_v1/RHUH-0005/2/RHUH-0005_2_t1.nii.gz,5601686,a57735f2da1d9aef6897dbba7b7615c313f331a957e374998cd2007cca910d55,065ef91f9ba6d2298999a231519f5534,240x240x155,1x1x1,float32,,,match
rhuh,RHUH-0005,2,adc,RHUH-0005_2_adc.nii.gz,longitudinal_rhuh_gbm/PKG - RHUH-GBM-nii-v1/RHUH-GBM_nii_v1/RHUH-0005/2/RHUH-0005_2_adc.nii.gz,longitudinal_rhuh_gbm.tar,longitudinal_rhuh_gbm/PKG - RHUH-GBM-nii-v1/RHUH-GBM_nii_v1/RHUH-0005/2/RHUH-0005_2_adc.nii.gz,6808814,ee2898e5453cba8185d13fd6e15067b84cd124485406c8af9ea2a87ac6e12bb6,17749788a5a246ebf551b9e92b1c7524,240x240x155,1x1x1,float64,,,match
rhuh,RHUH-0005,2,flair,RHUH-0005_2_flair.nii.gz,longitudinal_rhuh_gbm/PKG - RHUH-GBM-nii-v1/RHUH-GBM_nii_v1/RHUH-0005/2/RHUH-0005_2_flair.nii.gz,longitudinal_rhuh_gbm.tar,longitudinal_rhuh_gbm/PKG - RHUH-GBM-nii-v1/RHUH-GBM_nii_v1/RHUH-0005/2/RHUH-0005_2_flair.nii.gz,5684273,ac010814d2c4c2839b15e6d2902ff6e10a8a1a7779a37ef0df895675e3302ed8,d742c5db25bb6176390f4a04d9102db6,240x240x155,1x1x1,float32,,,match
rhuh,RHUH-0005,2,t2,RHUH-0005_2_t2.nii.gz,longitudinal_rhuh_gbm/PKG - RHUH-GBM-nii-v1/RHUH-GBM_nii_v1/RHUH-0005/2/RHUH-0005_2_t2.nii.gz,longitudinal_rhuh_gbm.tar,longitudinal_rhuh_gbm/PKG - RHUH-GBM-nii-v1/RHUH-GBM_nii_v1/RHUH-0005/2/RHUH-0005_2_t2.nii.gz,5668684,d286a864604076fc3493d5bf48d669f7748a7a6b25993927f1fa376efb709015,2b26accf943eecf9604859052b9af886,240x240x155,1x1x1,float32,,,match
rhuh,RHUH-0005,2,t1ce,RHUH-0005_2_t1ce.nii.gz,longitudinal_rhuh_gbm/PKG - RHUH-GBM-nii-v1/RHUH-GBM_nii_v1/RHUH-0005/2/RHUH-0005_2_t1ce.nii.gz,longitudinal_rhuh_gbm.tar,longitudinal_rhuh_gbm/PKG - RHUH-GBM-nii-v1/RHUH-GBM_nii_v1/RHUH-0005/2/RHUH-0005_2_t1ce.nii.gz,5618145,5268ead7a2d9555f3eb121291f42fee4c6885e3aafaaf2794e2462655032ae00,81fe9bf0946840eed73f4c54efe4d3b9,240x240x155,1x1x1,float32,,,match
rhuh,RHUH-0009,0,t1,RHUH-0009_0_t1.nii.gz,longitudinal_rhuh_gbm/PKG - RHUH-GBM-nii-v1/RHUH-GBM_nii_v1/RHUH-0009/0/RHUH-0009_0_t1.nii.gz,longitudinal_rhuh_gbm.tar,longitudinal_rhuh_gbm/PKG - RHUH-GBM-nii-v1/RHUH-GBM_nii_v1/RHUH-0009/0/RHUH-0009_0_t1.nii.gz,5941071,ee25d332e81f622548d6c17ba631ab5d2d50bf1f112d580d971a619a4b296cac,254bce0ef8316b8f662eca6ec21811a0,240x240x155,1x1x1,float32,,,match
rhuh,RHUH-0009,0,flair,RHUH-0009_0_flair.nii.gz,longitudinal_rhuh_gbm/PKG - RHUH-GBM-nii-v1/RHUH-GBM_nii_v1/RHUH-0009/0/RHUH-0009_0_flair.nii.gz,longitudinal_rhuh_gbm.tar,longitudinal_rhuh_gbm/PKG - RHUH-GBM-nii-v1/RHUH-GBM_nii_v1/RHUH-0009/0/RHUH-0009_0_flair.nii.gz,6026672,40a8ed9e1ef1af68f4477c266432b80471385983d4472fc6ad1648cdea7e90f1,2fc4b3ab1a7e3e7adc313c88ef0af6aa,240x240x155,1x1x1,float32,,,match
rhuh,RHUH-0009,0,t1ce,RHUH-0009_0_t1ce.nii.gz,longitudinal_rhuh_gbm/PKG - RHUH-GBM-nii-v1/RHUH-GBM_nii_v1/RHUH-0009/0/RHUH-0009_0_t1ce.nii.gz,longitudinal_rhuh_gbm.tar,longitudinal_rhuh_gbm/PKG - RHUH-GBM-nii-v1/RHUH-GBM_nii_v1/RHUH-0009/0/RHUH-0009_0_t1ce.nii.gz,6026599,84ee8a70ed140268089bebd8efdfa02a7f47f3325426d5902328686b38e3fd9c,5d9cbdff01faada43240aa13cc68fd57,240x240x155,1x1x1,float32,,,match
rhuh,RHUH-0009,0,adc,RHUH-0009_0_adc.nii.gz,longitudinal_rhuh_gbm/PKG - RHUH-GBM-nii-v1/RHUH-GBM_nii_v1/RHUH-0009/0/RHUH-0009_0_adc.nii.gz,longitudinal_rhuh_gbm.tar,longitudinal_rhuh_gbm/PKG - RHUH-GBM-nii-v1/RHUH-GBM_nii_v1/RHUH-0009/0/RHUH-0009_0_adc.nii.gz,2738070,2d2dad81ab0835b0177e21c429b0e7205bcffe81104f2b0da64096cbf614f8ec,60ec6048d4ba2a7837eadc671114f312,240x240x155,1x1x1,int16,,,match
rhuh,RHUH-0009,0,seg,RHUH-0009_0_segmentations.nii.gz,longitudinal_rhuh_gbm/PKG - RHUH-GBM-nii-v1/RHUH-GBM_nii_v1/RHUH-0009/0/RHUH-0009_0_segmentations.nii.gz,longitudinal_rhuh_gbm.tar,longitudinal_rhuh_gbm/PKG - RHUH-GBM-nii-v1/RHUH-GBM_nii_v1/RHUH-0009/0/RHUH-0009_0_segmentations.nii.gz,41336,03ab4ff7a99e337283f3a08e7db1aa4a909459626203cf4b5ec4327f16f1c091,861ab9839548ba24ad2ad0aef7e635be,240x240x155,1x1x1,uint16,"0,1,2,3",,match
rhuh,RHUH-0009,0,t2,RHUH-0009_0_t2.nii.gz,longitudinal_rhuh_gbm/PKG - RHUH-GBM-nii-v1/RHUH-GBM_nii_v1/RHUH-0009/0/RHUH-0009_0_t2.nii.gz,longitudinal_rhuh_gbm.tar,longitudinal_rhuh_gbm/PKG - RHUH-GBM-nii-v1/RHUH-GBM_nii_v1/RHUH-0009/0/RHUH-0009_0_t2.nii.gz,6057699,ad23d98bedd4cef97fe16ccd2b14b21839574c30a127dcccd8f9216c628806af,47dd50049edf8d7bbb2330477020dc76,240x240x155,1x1x1,float32,,,match
rhuh,RHUH-0009,1,t1ce,RHUH-0009_1_t1ce.nii.gz,longitudinal_rhuh_gbm/PKG - RHUH-GBM-nii-v1/RHUH-GBM_nii_v1/RHUH-0009/1/RHUH-0009_1_t1ce.nii.gz,longitudinal_rhuh_gbm.tar,longitudinal_rhuh_gbm/PKG - RHUH-GBM-nii-v1/RHUH-GBM_nii_v1/RHUH-0009/1/RHUH-0009_1_t1ce.nii.gz,5647874,ef23dc36a39bf9e379c46ae4f4f411008c4953bf77f8fb68955953aba9547c82,516341ecf029354ac5209d66470f7dfa,240x240x155,1x1x1,float32,,,match
rhuh,RHUH-0009,1,seg,RHUH-0009_1_segmentations.nii.gz,longitudinal_rhuh_gbm/PKG - RHUH-GBM-nii-v1/RHUH-GBM_nii_v1/RHUH-0009/1/RHUH-0009_1_segmentations.nii.gz,longitudinal_rhuh_gbm.tar,longitudinal_rhuh_gbm/PKG - RHUH-GBM-nii-v1/RHUH-GBM_nii_v1/RHUH-0009/1/RHUH-0009_1_segmentations.nii.gz,34399,3dd3e4903dec2c4476a1b19ad7436952103e3c97443416aaefa7c6e15e785a16,2ad68be4d42d15c2063aa4714129c0de,240x240x155,1x1x1,uint16,"0,2",,match
rhuh,RHUH-0009,1,t2,RHUH-0009_1_t2.nii.gz,longitudinal_rhuh_gbm/PKG - RHUH-GBM-nii-v1/RHUH-GBM_nii_v1/RHUH-0009/1/RHUH-0009_1_t2.nii.gz,longitudinal_rhuh_gbm.tar,longitudinal_rhuh_gbm/PKG - RHUH-GBM-nii-v1/RHUH-GBM_nii_v1/RHUH-0009/1/RHUH-0009_1_t2.nii.gz,5617688,8dcbd84124998559a414d4a6d3b48088387b14b7d71e47df6631c15adb11348d,57276564e8f18c0d6db006978b5c8d39,240x240x155,1x1x1,float32,,,match
rhuh,RHUH-0009,1,flair,RHUH-0009_1_flair.nii.gz,longitudinal_rhuh_gbm/PKG - RHUH-GBM-nii-v1/RHUH-GBM_nii_v1/RHUH-0009/1/RHUH-0009_1_flair.nii.gz,longitudinal_rhuh_gbm.tar,longitudinal_rhuh_gbm/PKG - RHUH-GBM-nii-v1/RHUH-GBM_nii_v1/RHUH-0009/1/RHUH-0009_1_flair.nii.gz,5662832,93874d962529c28f0bf5035e7fbb449471bdcf4d19ce9e3e37322e0b0e8c0190,ca80b6f4f05c9a6c6e80eaef1c5b87ec,240x240x155,1x1x1,float32,,,match
rhuh,RHUH-0009,1,t1,RHUH-0009_1_t1.nii.gz,longitudinal_rhuh_gbm/PKG - RHUH-GBM-nii-v1/RHUH-GBM_nii_v1/RHUH-0009/1/RHUH-0009_1_t1.nii.gz,longitudinal_rhuh_gbm.tar,longitudinal_rhuh_gbm/PKG - RHUH-GBM-nii-v1/RHUH-GBM_nii_v1/RHUH-0009/1/RHUH-0009_1_t1.nii.gz,5609993,70fe3a8b96ab67c0a15f1482ca37e9c931b371ffa05b01b4bcaa11cd4c2945cd,32adce080db4d88e8e8ef504f49adc62,240x240x155,1x1x1,float32,,,match
rhuh,RHUH-0009,1,adc,RHUH-0009_1_adc.nii.gz,longitudinal_rhuh_gbm/PKG - RHUH-GBM-nii-v1/RHUH-GBM_nii_v1/RHUH-0009/1/RHUH-0009_1_adc.nii.gz,longitudinal_rhuh_gbm.tar,longitudinal_rhuh_gbm/PKG - RHUH-GBM-nii-v1/RHUH-GBM_nii_v1/RHUH-0009/1/RHUH-0009_1_adc.nii.gz,2673457,10c41175564fbf8fa35e9fa7e40d1f40ed24319d6e851dd279f692c6591687a8,9edc9e37d7f84a1d2f143fb26b6869cb,240x240x155,1x1x1,int16,,,match
rhuh,RHUH-0009,2,seg,RHUH-0009_2_segmentations.nii.gz,longitudinal_rhuh_gbm/PKG - RHUH-GBM-nii-v1/RHUH-GBM_nii_v1/RHUH-0009/2/RHUH-0009_2_segmentations.nii.gz,longitudinal_rhuh_gbm.tar,longitudinal_rhuh_gbm/PKG - RHUH-GBM-nii-v1/RHUH-GBM_nii_v1/RHUH-0009/2/RHUH-0009_2_segmentations.nii.gz,20369,3df7cdea9d9ee510190fec0781b65288635b699dbb89628ac54f2b8935387f1a,a2852bfde8b72c2741461744b4663602,240x240x155,1x1x1,uint16,"0,1,2,3",,match
rhuh,RHUH-0009,2,t2,RHUH-0009_2_t2.nii.gz,longitudinal_rhuh_gbm/PKG - RHUH-GBM-nii-v1/RHUH-GBM_nii_v1/RHUH-0009/2/RHUH-0009_2_t2.nii.gz,longitudinal_rhuh_gbm.tar,longitudinal_rhuh_gbm/PKG - RHUH-GBM-nii-v1/RHUH-GBM_nii_v1/RHUH-0009/2/RHUH-0009_2_t2.nii.gz,5965065,e05f53f6da44e0b9091ac50f55b0e3406b98275dd6da8c505980dedf72ae2bde,89e2211b22f98048d93afdf9a72dfd4b,240x240x155,1x1x1,float32,,,match
rhuh,RHUH-0009,2,t1ce,RHUH-0009_2_t1ce.nii.gz,longitudinal_rhuh_gbm/PKG - RHUH-GBM-nii-v1/RHUH-GBM_nii_v1/RHUH-0009/2/RHUH-0009_2_t1ce.nii.gz,longitudinal_rhuh_gbm.tar,longitudinal_rhuh_gbm/PKG - RHUH-GBM-nii-v1/RHUH-GBM_nii_v1/RHUH-0009/2/RHUH-0009_2_t1ce.nii.gz,6018032,957d584a4420e33c29743162851bd5817de7e266d21371c9cc407e781cbfb863,6f74110759bc9fdf13cae57304c4583d,240x240x155,1x1x1,float32,,,match
rhuh,RHUH-0009,2,flair,RHUH-0009_2_flair.nii.gz,longitudinal_rhuh_gbm/PKG - RHUH-GBM-nii-v1/RHUH-GBM_nii_v1/RHUH-0009/2/RHUH-0009_2_flair.nii.gz,longitudinal_rhuh_gbm.tar,longitudinal_rhuh_gbm/PKG - RHUH-GBM-nii-v1/RHUH-GBM_nii_v1/RHUH-0009/2/RHUH-0009_2_flair.nii.gz,5953046,5413444fda98a0ebc8298e70fa479214aafc90b76ff7235526361f9e8974170e,a907a9dfd558203c76ed2c5f1c7cee2b,240x240x155,1x1x1,float32,,,match
rhuh,RHUH-0009,2,adc,RHUH-0009_2_adc.nii.gz,longitudinal_rhuh_gbm/PKG - RHUH-GBM-nii-v1/RHUH-GBM_nii_v1/RHUH-0009/2/RHUH-0009_2_adc.nii.gz,longitudinal_rhuh_gbm.tar,longitudinal_rhuh_gbm/PKG - RHUH-GBM-nii-v1/RHUH-GBM_nii_v1/RHUH-0009/2/RHUH-0009_2_adc.nii.gz,2612130,015a756ed3491c815c9343b0d4adb6c4c61cc92e3609bb213b0a73d7173a1e2c,967d623370617bff0405047fa1f7576b,240x240x155,1x1x1,int16,,,match
rhuh,RHUH-0009,2,t1,RHUH-0009_2_t1.nii.gz,longitudinal_rhuh_gbm/PKG - RHUH-GBM-nii-v1/RHUH-GBM_nii_v1/RHUH-0009/2/RHUH-0009_2_t1.nii.gz,longitudinal_rhuh_gbm.tar,longitudinal_rhuh_gbm/PKG - RHUH-GBM-nii-v1/RHUH-GBM_nii_v1/RHUH-0009/2/RHUH-0009_2_t1.nii.gz,6007443,c032de9bdefe17e1633ef0b85dff93ea1d6544f9e30d7f71ffc64d384e24407e,050e0755673fe0f83e6779282ef99db2,240x240x155,1x1x1,float32,,,match
rhuh,RHUH-0001,0,t1,RHUH-0001_0_t1.nii.gz,longitudinal_rhuh_gbm/PKG - RHUH-GBM-nii-v1/RHUH-GBM_nii_v1/RHUH-0001/0/RHUH-0001_0_t1.nii.gz,longitudinal_rhuh_gbm.tar,longitudinal_rhuh_gbm/PKG - RHUH-GBM-nii-v1/RHUH-GBM_nii_v1/RHUH-0001/0/RHUH-0001_0_t1.nii.gz,6337221,b3b9fa69b87221062261b8b16fbddfdac2c678104b354ba371b069fd784e3625,a5c579950d0431d04928e5b59e91ce9d,240x240x155,1x1x1,float32,,,match
rhuh,RHUH-0001,0,seg,RHUH-0001_0_segmentations.nii.gz,longitudinal_rhuh_gbm/PKG - RHUH-GBM-nii-v1/RHUH-GBM_nii_v1/RHUH-0001/0/RHUH-0001_0_segmentations.nii.gz,longitudinal_rhuh_gbm.tar,longitudinal_rhuh_gbm/PKG - RHUH-GBM-nii-v1/RHUH-GBM_nii_v1/RHUH-0001/0/RHUH-0001_0_segmentations.nii.gz,38988,4a2bf3f8ca40cbc81897f83ae162d92d68885c082a78bbbf44e4ed90d94276c6,9e4011a7a01f5f9ac23c87d51873f41c,240x240x155,1x1x1,uint16,"0,1,2,3",,match
rhuh,RHUH-0001,0,adc,RHUH-0001_0_adc.nii.gz,longitudinal_rhuh_gbm/PKG - RHUH-GBM-nii-v1/RHUH-GBM_nii_v1/RHUH-0001/0/RHUH-0001_0_adc.nii.gz,longitudinal_rhuh_gbm.tar,longitudinal_rhuh_gbm/PKG - RHUH-GBM-nii-v1/RHUH-GBM_nii_v1/RHUH-0001/0/RHUH-0001_0_adc.nii.gz,2905807,68569bd5bd987edf318169cc2fcdcc0e048e6d1f8462757a1a647c3a2b8c90be,91e6504a5c533bf7e1fee1dc2a810777,240x240x155,1x1x1,int16,,,match
rhuh,RHUH-0001,0,t1ce,RHUH-0001_0_t1ce.nii.gz,longitudinal_rhuh_gbm/PKG - RHUH-GBM-nii-v1/RHUH-GBM_nii_v1/RHUH-0001/0/RHUH-0001_0_t1ce.nii.gz,longitudinal_rhuh_gbm.tar,longitudinal_rhuh_gbm/PKG - RHUH-GBM-nii-v1/RHUH-GBM_nii_v1/RHUH-0001/0/RHUH-0001_0_t1ce.nii.gz,6415416,868cceabcf8d07fc8307282d0367dc64a8aaa32c32efe89b79a0c7ccf0d3fe38,5bdeca3efc545e6ab07e18f33fc79449,240x240x155,1x1x1,float32,,,match
rhuh,RHUH-0001,0,flair,RHUH-0001_0_flair.nii.gz,longitudinal_rhuh_gbm/PKG - RHUH-GBM-nii-v1/RHUH-GBM_nii_v1/RHUH-0001/0/RHUH-0001_0_flair.nii.gz,longitudinal_rhuh_gbm.tar,longitudinal_rhuh_gbm/PKG - RHUH-GBM-nii-v1/RHUH-GBM_nii_v1/RHUH-0001/0/RHUH-0001_0_flair.nii.gz,6320735,6aa8cb862ec0cd2a0fce5741c6dc7b6a7a674310a68a0a695d46200412625838,1c3ef3640848ef124fb82b63da1320f6,240x240x155,1x1x1,float32,,,match
rhuh,RHUH-0001,0,t2,RHUH-0001_0_t2.nii.gz,longitudinal_rhuh_gbm/PKG - RHUH-GBM-nii-v1/RHUH-GBM_nii_v1/RHUH-0001/0/RHUH-0001_0_t2.nii.gz,longitudinal_rhuh_gbm.tar,longitudinal_rhuh_gbm/PKG - RHUH-GBM-nii-v1/RHUH-GBM_nii_v1/RHUH-0001/0/RHUH-0001_0_t2.nii.gz,6163241,74381cca2b23ae65ab3bda6892f3baf7f8ddafee4d1526fe8213169cb76eafcb,e0e2e963b03f0fa819058878c849dbd6,240x240x155,1x1x1,float32,,,match
rhuh,RHUH-0001,1,flair,RHUH-0001_1_flair.nii.gz,longitudinal_rhuh_gbm/PKG - RHUH-GBM-nii-v1/RHUH-GBM_nii_v1/RHUH-0001/1/RHUH-0001_1_flair.nii.gz,longitudinal_rhuh_gbm.tar,longitudinal_rhuh_gbm/PKG - RHUH-GBM-nii-v1/RHUH-GBM_nii_v1/RHUH-0001/1/RHUH-0001_1_flair.nii.gz,6113405,eda9c769be8eda9d32a738435a83335168a26420593c329879face4e26227d44,f325c68dd9ab696babd2d725e8cab942,240x240x155,1x1x1,float32,,,match
rhuh,RHUH-0001,1,t2,RHUH-0001_1_t2.nii.gz,longitudinal_rhuh_gbm/PKG - RHUH-GBM-nii-v1/RHUH-GBM_nii_v1/RHUH-0001/1/RHUH-0001_1_t2.nii.gz,longitudinal_rhuh_gbm.tar,longitudinal_rhuh_gbm/PKG - RHUH-GBM-nii-v1/RHUH-GBM_nii_v1/RHUH-0001/1/RHUH-0001_1_t2.nii.gz,6131856,79a37c9bb5f748328df11e1c073cc3fa077e8ee5d6702456db680c2d31056a4b,0d582e80faaf1c88529d02a4dc332eae,240x240x155,1x1x1,float32,,,match
rhuh,RHUH-0001,1,seg,RHUH-0001_1_segmentations.nii.gz,longitudinal_rhuh_gbm/PKG - RHUH-GBM-nii-v1/RHUH-GBM_nii_v1/RHUH-0001/1/RHUH-0001_1_segmentations.nii.gz,longitudinal_rhuh_gbm.tar,longitudinal_rhuh_gbm/PKG - RHUH-GBM-nii-v1/RHUH-GBM_nii_v1/RHUH-0001/1/RHUH-0001_1_segmentations.nii.gz,23638,ae0356516fa9735c2cc203634720cf5afb3fa70b88f1492d44914bd6e48552de,75b7bb7f08e82693ddab54ad72279222,240x240x155,1x1x1,uint16,"0,2",,match
rhuh,RHUH-0001,1,t1ce,RHUH-0001_1_t1ce.nii.gz,longitudinal_rhuh_gbm/PKG - RHUH-GBM-nii-v1/RHUH-GBM_nii_v1/RHUH-0001/1/RHUH-0001_1_t1ce.nii.gz,longitudinal_rhuh_gbm.tar,longitudinal_rhuh_gbm/PKG - RHUH-GBM-nii-v1/RHUH-GBM_nii_v1/RHUH-0001/1/RHUH-0001_1_t1ce.nii.gz,6164071,3b7f6f7d19ee12317cc4131d4f32773f7c5ceefd35d98a4de7f21901abc5fbe8,3b08962226372f5d39542ddd188ab23f,240x240x155,1x1x1,float32,,,match
rhuh,RHUH-0001,1,t1,RHUH-0001_1_t1.nii.gz,longitudinal_rhuh_gbm/PKG - RHUH-GBM-nii-v1/RHUH-GBM_nii_v1/RHUH-0001/1/RHUH-0001_1_t1.nii.gz,longitudinal_rhuh_gbm.tar,longitudinal_rhuh_gbm/PKG - RHUH-GBM-nii-v1/RHUH-GBM_nii_v1/RHUH-0001/1/RHUH-0001_1_t1.nii.gz,6155061,85f0ac90738937a020ba3dd9ac21babb49254bcc08981be8693b68f97771beaf,b93c74c993a9ce680ae7a163b4b0cd0c,240x240x155,1x1x1,float32,,,match
rhuh,RHUH-0001,1,adc,RHUH-0001_1_adc.nii.gz,longitudinal_rhuh_gbm/PKG - RHUH-GBM-nii-v1/RHUH-GBM_nii_v1/RHUH-0001/1/RHUH-0001_1_adc.nii.gz,longitudinal_rhuh_gbm.tar,longitudinal_rhuh_gbm/PKG - RHUH-GBM-nii-v1/RHUH-GBM_nii_v1/RHUH-0001/1/RHUH-0001_1_adc.nii.gz,2713968,cacbc1b282fb137bd776df4e9fc24daf02c9fca80e2af6c7902a64ee4fa5f8e1,38e7431a8c8c124b55fc6102a20dc89b,240x240x155,1x1x1,int16,,,match
rhuh,RHUH-0001,2,seg,RHUH-0001_2_segmentations.nii.gz,longitudinal_rhuh_gbm/PKG - RHUH-GBM-nii-v1/RHUH-GBM_nii_v1/RHUH-0001/2/RHUH-0001_2_segmentations.nii.gz,longitudinal_rhuh_gbm.tar,longitudinal_rhuh_gbm/PKG - RHUH-GBM-nii-v1/RHUH-GBM_nii_v1/RHUH-0001/2/RHUH-0001_2_segmentations.nii.gz,54683,b5a5aa9406c6c4cb3efcaf55afb10c3b573730d0de1dc9597b7e21df43bd9428,1270e0f2b7b703c695f229ec8be25797,240x240x155,1x1x1,uint16,"0,1,2,3",,match
rhuh,RHUH-0001,2,adc,RHUH-0001_2_adc.nii.gz,longitudinal_rhuh_gbm/PKG - RHUH-GBM-nii-v1/RHUH-GBM_nii_v1/RHUH-0001/2/RHUH-0001_2_adc.nii.gz,longitudinal_rhuh_gbm.tar,longitudinal_rhuh_gbm/PKG - RHUH-GBM-nii-v1/RHUH-GBM_nii_v1/RHUH-0001/2/RHUH-0001_2_adc.nii.gz,2911167,505f9f7a33e3d2ef539f4e892d5c8d6a55e0efb40ee787c4634c3718dd6a289d,d69f124a73d4ab8d58bd6c17a1cb13c9,240x240x155,1x1x1,int16,,,match
rhuh,RHUH-0001,2,t1ce,RHUH-0001_2_t1ce.nii.gz,longitudinal_rhuh_gbm/PKG - RHUH-GBM-nii-v1/RHUH-GBM_nii_v1/RHUH-0001/2/RHUH-0001_2_t1ce.nii.gz,longitudinal_rhuh_gbm.tar,longitudinal_rhuh_gbm/PKG - RHUH-GBM-nii-v1/RHUH-GBM_nii_v1/RHUH-0001/2/RHUH-0001_2_t1ce.nii.gz,6330082,e923780f2238ec79153e3a199813af64e1393cb8a650b29189aa25e9cf74daa8,4eb85ce87627b465c65a0173a043266e,240x240x155,1x1x1,float32,,,match
rhuh,RHUH-0001,2,t1,RHUH-0001_2_t1.nii.gz,longitudinal_rhuh_gbm/PKG - RHUH-GBM-nii-v1/RHUH-GBM_nii_v1/RHUH-0001/2/RHUH-0001_2_t1.nii.gz,longitudinal_rhuh_gbm.tar,longitudinal_rhuh_gbm/PKG - RHUH-GBM-nii-v1/RHUH-GBM_nii_v1/RHUH-0001/2/RHUH-0001_2_t1.nii.gz,6278182,81a76aeb53d674e98af939d3ba1b0466be967f9831434ddd395e366b17c970cb,cf7b3b85160ec18630185dc0835c734a,240x240x155,1x1x1,float32,,,match
rhuh,RHUH-0001,2,t2,RHUH-0001_2_t2.nii.gz,longitudinal_rhuh_gbm/PKG - RHUH-GBM-nii-v1/RHUH-GBM_nii_v1/RHUH-0001/2/RHUH-0001_2_t2.nii.gz,longitudinal_rhuh_gbm.tar,longitudinal_rhuh_gbm/PKG - RHUH-GBM-nii-v1/RHUH-GBM_nii_v1/RHUH-0001/2/RHUH-0001_2_t2.nii.gz,6287771,d9d9beee3a8357530ab2123824ba282297ebaaa04a9864b26877c1baf942ac6a,54e190daae08b4fc88841b8a02ec37c1,240x240x155,1x1x1,float32,,,match
rhuh,RHUH-0001,2,flair,RHUH-0001_2_flair.nii.gz,longitudinal_rhuh_gbm/PKG - RHUH-GBM-nii-v1/RHUH-GBM_nii_v1/RHUH-0001/2/RHUH-0001_2_flair.nii.gz,longitudinal_rhuh_gbm.tar,longitudinal_rhuh_gbm/PKG - RHUH-GBM-nii-v1/RHUH-GBM_nii_v1/RHUH-0001/2/RHUH-0001_2_flair.nii.gz,6343535,e02579911420a1d55716c5e1098effd207cda1ded66a3d1286736fb7372fcb5b,63492d5f5ac36e2d5bce535e88c0e565,240x240x155,1x1x1,float32,,,match
rhuh,RHUH-0036,0,t2,RHUH-0036_0_t2.nii.gz,longitudinal_rhuh_gbm/PKG - RHUH-GBM-nii-v1/RHUH-GBM_nii_v1/RHUH-0036/0/RHUH-0036_0_t2.nii.gz,longitudinal_rhuh_gbm.tar,longitudinal_rhuh_gbm/PKG - RHUH-GBM-nii-v1/RHUH-GBM_nii_v1/RHUH-0036/0/RHUH-0036_0_t2.nii.gz,5295762,b1dc2ae29123c3475d495971a739aa9c0d061467b941903722267ab938f1ded7,d4e0f7259cb5c2a8050580d25bc12811,240x240x155,1x1x1,float32,,,match
rhuh,RHUH-0036,0,adc,RHUH-0036_0_adc.nii.gz,longitudinal_rhuh_gbm/PKG - RHUH-GBM-nii-v1/RHUH-GBM_nii_v1/RHUH-0036/0/RHUH-0036_0_adc.nii.gz,longitudinal_rhuh_gbm.tar,longitudinal_rhuh_gbm/PKG - RHUH-GBM-nii-v1/RHUH-GBM_nii_v1/RHUH-0036/0/RHUH-0036_0_adc.nii.gz,6814143,51dc1b1acf1241c3524fd8f639a10f9be47403e6487a5ac2ef5cd31b7b0bb5d2,8fab675e88e2c8416a74b05a6f134492,240x240x155,1x1x1,float64,,,match
rhuh,RHUH-0036,0,flair,RHUH-0036_0_flair.nii.gz,longitudinal_rhuh_gbm/PKG - RHUH-GBM-nii-v1/RHUH-GBM_nii_v1/RHUH-0036/0/RHUH-0036_0_flair.nii.gz,longitudinal_rhuh_gbm.tar,longitudinal_rhuh_gbm/PKG - RHUH-GBM-nii-v1/RHUH-GBM_nii_v1/RHUH-0036/0/RHUH-0036_0_flair.nii.gz,5257602,a18cd086815e30adc3ef79215cac50481103ec18b110edf1067530139f97d505,b5c42d4a398d57269b95f9ccbf3e4932,240x240x155,1x1x1,float32,,,match
rhuh,RHUH-0036,0,t1ce,RHUH-0036_0_t1ce.nii.gz,longitudinal_rhuh_gbm/PKG - RHUH-GBM-nii-v1/RHUH-GBM_nii_v1/RHUH-0036/0/RHUH-0036_0_t1ce.nii.gz,longitudinal_rhuh_gbm.tar,longitudinal_rhuh_gbm/PKG - RHUH-GBM-nii-v1/RHUH-GBM_nii_v1/RHUH-0036/0/RHUH-0036_0_t1ce.nii.gz,5310943,e886b68901198e86e22c48893d8e2155969fdfd3a320153d3b2e73d8dad7aebe,529c06bb797f1af344d6b4bd36ef73cf,240x240x155,1x1x1,float32,,,match
rhuh,RHUH-0036,0,t1,RHUH-0036_0_t1.nii.gz,longitudinal_rhuh_gbm/PKG - RHUH-GBM-nii-v1/RHUH-GBM_nii_v1/RHUH-0036/0/RHUH-0036_0_t1.nii.gz,longitudinal_rhuh_gbm.tar,longitudinal_rhuh_gbm/PKG - RHUH-GBM-nii-v1/RHUH-GBM_nii_v1/RHUH-0036/0/RHUH-0036_0_t1.nii.gz,5216003,9060ed3c928a084fc5c4daa4950ab838b58df614ad0212eaf36c96d4350e6255,c63deda4c9e40ab47c8d033a2730e34e,240x240x155,1x1x1,float32,,,match
rhuh,RHUH-0036,0,seg,RHUH-0036_0_segmentations.nii.gz,longitudinal_rhuh_gbm/PKG - RHUH-GBM-nii-v1/RHUH-GBM_nii_v1/RHUH-0036/0/RHUH-0036_0_segmentations.nii.gz,longitudinal_rhuh_gbm.tar,longitudinal_rhuh_gbm/PKG - RHUH-GBM-nii-v1/RHUH-GBM_nii_v1/RHUH-0036/0/RHUH-0036_0_segmentations.nii.gz,40631,76eddb805d4d0d39a6ae9fa78098c3e173c3791fd7fde54fd8c494d65e31d5c5,cbaac3e54514e58006872bea37afa40a,240x240x155,1x1x1,uint16,"0,1,2,3",,match
rhuh,RHUH-0036,1,t1,RHUH-0036_1_t1.nii.gz,longitudinal_rhuh_gbm/PKG - RHUH-GBM-nii-v1/RHUH-GBM_nii_v1/RHUH-0036/1/RHUH-0036_1_t1.nii.gz,longitudinal_rhuh_gbm.tar,longitudinal_rhuh_gbm/PKG - RHUH-GBM-nii-v1/RHUH-GBM_nii_v1/RHUH-0036/1/RHUH-0036_1_t1.nii.gz,5329486,3dc470a2df6787f80a8d239d89b233d180a9b0ad38e726b71b055be0f2a85471,765d0f915c7a5f74b3bd4098e0e0793c,240x240x155,1x1x1,float32,,,match
rhuh,RHUH-0036,1,t1ce,RHUH-0036_1_t1ce.nii.gz,longitudinal_rhuh_gbm/PKG - RHUH-GBM-nii-v1/RHUH-GBM_nii_v1/RHUH-0036/1/RHUH-0036_1_t1ce.nii.gz,longitudinal_rhuh_gbm.tar,longitudinal_rhuh_gbm/PKG - RHUH-GBM-nii-v1/RHUH-GBM_nii_v1/RHUH-0036/1/RHUH-0036_1_t1ce.nii.gz,5190792,6cdc085c63a0912d52cdf2bedddc296687aa1ace77cf52aeccaecff5f4c13bf8,149420aab526491c041b4995ae5db7fe,240x240x155,1x1x1,float32,,,match
rhuh,RHUH-0036,1,adc,RHUH-0036_1_adc.nii.gz,longitudinal_rhuh_gbm/PKG - RHUH-GBM-nii-v1/RHUH-GBM_nii_v1/RHUH-0036/1/RHUH-0036_1_adc.nii.gz,longitudinal_rhuh_gbm.tar,longitudinal_rhuh_gbm/PKG - RHUH-GBM-nii-v1/RHUH-GBM_nii_v1/RHUH-0036/1/RHUH-0036_1_adc.nii.gz,2442794,510482c756632df1a564b2f87a774e262b229decb2b0cc43d321bc0b6a554af9,873cc13ef341dca838a1803f074b4d4a,240x240x155,1x1x1,int16,,,match
rhuh,RHUH-0036,1,seg,RHUH-0036_1_segmentations.nii.gz,longitudinal_rhuh_gbm/PKG - RHUH-GBM-nii-v1/RHUH-GBM_nii_v1/RHUH-0036/1/RHUH-0036_1_segmentations.nii.gz,longitudinal_rhuh_gbm.tar,longitudinal_rhuh_gbm/PKG - RHUH-GBM-nii-v1/RHUH-GBM_nii_v1/RHUH-0036/1/RHUH-0036_1_segmentations.nii.gz,24282,ebb6636f963fdd74b0eb348dcccd42acee7c2732c7f6b203719ba656131fae4e,83c5fded7bd0f68c4e5485b04bade940,240x240x155,1x1x1,uint16,"0,2",,match
rhuh,RHUH-0036,1,t2,RHUH-0036_1_t2.nii.gz,longitudinal_rhuh_gbm/PKG - RHUH-GBM-nii-v1/RHUH-GBM_nii_v1/RHUH-0036/1/RHUH-0036_1_t2.nii.gz,longitudinal_rhuh_gbm.tar,longitudinal_rhuh_gbm/PKG - RHUH-GBM-nii-v1/RHUH-GBM_nii_v1/RHUH-0036/1/RHUH-0036_1_t2.nii.gz,5338091,b2847eef04206de5d143d1efff44e2aa7c30e9e153c0fba65e72a12fab348f13,bb3899b929462a61232632c3d6ba4822,240x240x155,1x1x1,float32,,,match
rhuh,RHUH-0036,1,flair,RHUH-0036_1_flair.nii.gz,longitudinal_rhuh_gbm/PKG - RHUH-GBM-nii-v1/RHUH-GBM_nii_v1/RHUH-0036/1/RHUH-0036_1_flair.nii.gz,longitudinal_rhuh_gbm.tar,longitudinal_rhuh_gbm/PKG - RHUH-GBM-nii-v1/RHUH-GBM_nii_v1/RHUH-0036/1/RHUH-0036_1_flair.nii.gz,5411458,30e4201e4be1a09370dada71fa08bf5a76094de5e537a053a1c4187792e578f2,2354ab5fde4ad3b9f68eb8c2086f78cd,240x240x155,1x1x1,float32,,,match
rhuh,RHUH-0036,2,t2,RHUH-0036_2_t2.nii.gz,longitudinal_rhuh_gbm/PKG - RHUH-GBM-nii-v1/RHUH-GBM_nii_v1/RHUH-0036/2/RHUH-0036_2_t2.nii.gz,longitudinal_rhuh_gbm.tar,longitudinal_rhuh_gbm/PKG - RHUH-GBM-nii-v1/RHUH-GBM_nii_v1/RHUH-0036/2/RHUH-0036_2_t2.nii.gz,5134979,2a168a394e2da5fbdd2f84b6baf3fb91cbca917a14301edf28c54b8b94d3d8df,e587efb230f92b9119d5fbc53b32770f,240x240x155,1x1x1,float32,,,match
rhuh,RHUH-0036,2,seg,RHUH-0036_2_segmentations.nii.gz,longitudinal_rhuh_gbm/PKG - RHUH-GBM-nii-v1/RHUH-GBM_nii_v1/RHUH-0036/2/RHUH-0036_2_segmentations.nii.gz,longitudinal_rhuh_gbm.tar,longitudinal_rhuh_gbm/PKG - RHUH-GBM-nii-v1/RHUH-GBM_nii_v1/RHUH-0036/2/RHUH-0036_2_segmentations.nii.gz,28258,4e0ac17c21e858d03108b36b5d292d545bb374561c819f3e656bce0e9b38ce70,357acc025dcfe78b3ee4c622a2c762fb,240x240x155,1x1x1,uint16,"0,1,2,3",,match
rhuh,RHUH-0036,2,t1ce,RHUH-0036_2_t1ce.nii.gz,longitudinal_rhuh_gbm/PKG - RHUH-GBM-nii-v1/RHUH-GBM_nii_v1/RHUH-0036/2/RHUH-0036_2_t1ce.nii.gz,longitudinal_rhuh_gbm.tar,longitudinal_rhuh_gbm/PKG - RHUH-GBM-nii-v1/RHUH-GBM_nii_v1/RHUH-0036/2/RHUH-0036_2_t1ce.nii.gz,5160445,01ef918fca0a04abc5cd6b61322de70161263389b71219add3286502359eec2e,4446bcc9a14507f4288136053e646b58,240x240x155,1x1x1,float32,,,match
rhuh,RHUH-0036,2,flair,RHUH-0036_2_flair.nii.gz,longitudinal_rhuh_gbm/PKG - RHUH-GBM-nii-v1/RHUH-GBM_nii_v1/RHUH-0036/2/RHUH-0036_2_flair.nii.gz,longitudinal_rhuh_gbm.tar,longitudinal_rhuh_gbm/PKG - RHUH-GBM-nii-v1/RHUH-GBM_nii_v1/RHUH-0036/2/RHUH-0036_2_flair.nii.gz,5195172,513691e53f207bc1b6213808b13f9746eaa721f6dc398070ee10e42d22bf9c30,07e912d328c41625e0cbe80a72e89762,240x240x155,1x1x1,float32,,,match
rhuh,RHUH-0036,2,adc,RHUH-0036_2_adc.nii.gz,longitudinal_rhuh_gbm/PKG - RHUH-GBM-nii-v1/RHUH-GBM_nii_v1/RHUH-0036/2/RHUH-0036_2_adc.nii.gz,longitudinal_rhuh_gbm.tar,longitudinal_rhuh_gbm/PKG - RHUH-GBM-nii-v1/RHUH-GBM_nii_v1/RHUH-0036/2/RHUH-0036_2_adc.nii.gz,2334132,514b503f5d57230ca86002ec654585bc058e67eb7129f40809636372f327fa7f,29e0a51135f39b20db1dad7b481036be,240x240x155,1x1x1,int16,,,match
rhuh,RHUH-0036,2,t1,RHUH-0036_2_t1.nii.gz,longitudinal_rhuh_gbm/PKG - RHUH-GBM-nii-v1/RHUH-GBM_nii_v1/RHUH-0036/2/RHUH-0036_2_t1.nii.gz,longitudinal_rhuh_gbm.tar,longitudinal_rhuh_gbm/PKG - RHUH-GBM-nii-v1/RHUH-GBM_nii_v1/RHUH-0036/2/RHUH-0036_2_t1.nii.gz,5163274,28a1a4ab38a585d50888121214756aa5ed613bdf88d34d10f058f0427b799208,6430cb0cec7f5255ff09f12888385d09,240x240x155,1x1x1,float32,,,match
rhuh,RHUH-0030,0,adc,RHUH-0030_0_adc.nii.gz,longitudinal_rhuh_gbm/PKG - RHUH-GBM-nii-v1/RHUH-GBM_nii_v1/RHUH-0030/0/RHUH-0030_0_adc.nii.gz,longitudinal_rhuh_gbm.tar,longitudinal_rhuh_gbm/PKG - RHUH-GBM-nii-v1/RHUH-GBM_nii_v1/RHUH-0030/0/RHUH-0030_0_adc.nii.gz,2667457,bd6ac6787e623363231a58075eca893a1c5addd1e819d91b5188a3aea163fa18,39b2a11e5e55fc1973491f57d8c4271a,240x240x155,1x1x1,int16,,,match
rhuh,RHUH-0030,0,flair,RHUH-0030_0_flair.nii.gz,longitudinal_rhuh_gbm/PKG - RHUH-GBM-nii-v1/RHUH-GBM_nii_v1/RHUH-0030/0/RHUH-0030_0_flair.nii.gz,longitudinal_rhuh_gbm.tar,longitudinal_rhuh_gbm/PKG - RHUH-GBM-nii-v1/RHUH-GBM_nii_v1/RHUH-0030/0/RHUH-0030_0_flair.nii.gz,5851491,e2a306daa3d3762e0cec8843d5d53410a528e06723efe0abceceaf9adbba69d3,ef687c7e5ddf3f8eb197c884453ea903,240x240x155,1x1x1,float32,,,match
rhuh,RHUH-0030,0,t2,RHUH-0030_0_t2.nii.gz,longitudinal_rhuh_gbm/PKG - RHUH-GBM-nii-v1/RHUH-GBM_nii_v1/RHUH-0030/0/RHUH-0030_0_t2.nii.gz,longitudinal_rhuh_gbm.tar,longitudinal_rhuh_gbm/PKG - RHUH-GBM-nii-v1/RHUH-GBM_nii_v1/RHUH-0030/0/RHUH-0030_0_t2.nii.gz,5817441,7fc82b6c74d232ea8af0192d2defbb26c21dbe30f2a5b943770ace0ae7602798,a7421252586de220192a5cb5176a771f,240x240x155,1x1x1,float32,,,match
rhuh,RHUH-0030,0,seg,RHUH-0030_0_segmentations.nii.gz,longitudinal_rhuh_gbm/PKG - RHUH-GBM-nii-v1/RHUH-GBM_nii_v1/RHUH-0030/0/RHUH-0030_0_segmentations.nii.gz,longitudinal_rhuh_gbm.tar,longitudinal_rhuh_gbm/PKG - RHUH-GBM-nii-v1/RHUH-GBM_nii_v1/RHUH-0030/0/RHUH-0030_0_segmentations.nii.gz,34274,d5cf51c5c49947da24620f6348163f70df63ca34267f3a7e57faa7abac8d15a1,6aae673172c7ae29d7ec88b8d5fda216,240x240x155,1x1x1,uint16,"0,1,2,3",,match
rhuh,RHUH-0030,0,t1,RHUH-0030_0_t1.nii.gz,longitudinal_rhuh_gbm/PKG - RHUH-GBM-nii-v1/RHUH-GBM_nii_v1/RHUH-0030/0/RHUH-0030_0_t1.nii.gz,longitudinal_rhuh_gbm.tar,longitudinal_rhuh_gbm/PKG - RHUH-GBM-nii-v1/RHUH-GBM_nii_v1/RHUH-0030/0/RHUH-0030_0_t1.nii.gz,5799714,1e30e7a5ca4e2fd223dcf6d1601e2c3437dc91609ad98082d46b7d48e0e629be,2c2b0591101d0ddf8f9a5125256c79d6,240x240x155,1x1x1,float32,,,match
rhuh,RHUH-0030,0,t1ce,RHUH-0030_0_t1ce.nii.gz,longitudinal_rhuh_gbm/PKG - RHUH-GBM-nii-v1/RHUH-GBM_nii_v1/RHUH-0030/0/RHUH-0030_0_t1ce.nii.gz,longitudinal_rhuh_gbm.tar,longitudinal_rhuh_gbm/PKG - RHUH-GBM-nii-v1/RHUH-GBM_nii_v1/RHUH-0030/0/RHUH-0030_0_t1ce.nii.gz,5835724,21093181b367d2b67e0a9f44fea44b43b947adcaa80c8f0e49edaaa9850f888c,e234ed427f5163d9b30266624a9b9b4b,240x240x155,1x1x1,float32,,,match
rhuh,RHUH-0030,1,flair,RHUH-0030_1_flair.nii.gz,longitudinal_rhuh_gbm/PKG - RHUH-GBM-nii-v1/RHUH-GBM_nii_v1/RHUH-0030/1/RHUH-0030_1_flair.nii.gz,longitudinal_rhuh_gbm.tar,longitudinal_rhuh_gbm/PKG - RHUH-GBM-nii-v1/RHUH-GBM_nii_v1/RHUH-0030/1/RHUH-0030_1_flair.nii.gz,5887215,c2999a9fe9bc3e690a43173efffcea4c3ffee2bda9c20c2808f3d4fe880830a4,eaddadebf49c69c68347d60ba128f35d,240x240x155,1x1x1,float32,,,match
rhuh,RHUH-0030,1,seg,RHUH-0030_1_segmentations.nii.gz,longitudinal_rhuh_gbm/PKG - RHUH-GBM-nii-v1/RHUH-GBM_nii_v1/RHUH-0030/1/RHUH-0030_1_segmentations.nii.gz,longitudinal_rhuh_gbm.tar,longitudinal_rhuh_gbm/PKG - RHUH-GBM-nii-v1/RHUH-GBM_nii_v1/RHUH-0030/1/RHUH-0030_1_segmentations.nii.gz,24166,79053e04f206d645655cc0e5c0b916def76232d632a46305286481ca80e553bb,2e24bead98c5997f7fa5c4a1122a467c,240x240x155,1x1x1,uint16,"0,2,3",,match
rhuh,RHUH-0030,1,t1ce,RHUH-0030_1_t1ce.nii.gz,longitudinal_rhuh_gbm/PKG - RHUH-GBM-nii-v1/RHUH-GBM_nii_v1/RHUH-0030/1/RHUH-0030_1_t1ce.nii.gz,longitudinal_rhuh_gbm.tar,longitudinal_rhuh_gbm/PKG - RHUH-GBM-nii-v1/RHUH-GBM_nii_v1/RHUH-0030/1/RHUH-0030_1_t1ce.nii.gz,5820802,9ff697d27bfce9b09e7e82c63e9a83b19318b07dde1d937e87577601c89af9e6,e9988fb444aaa0f9fe611d32fa9b0c50,240x240x155,1x1x1,float32,,,match
rhuh,RHUH-0030,1,t1,RHUH-0030_1_t1.nii.gz,longitudinal_rhuh_gbm/PKG - RHUH-GBM-nii-v1/RHUH-GBM_nii_v1/RHUH-0030/1/RHUH-0030_1_t1.nii.gz,longitudinal_rhuh_gbm.tar,longitudinal_rhuh_gbm/PKG - RHUH-GBM-nii-v1/RHUH-GBM_nii_v1/RHUH-0030/1/RHUH-0030_1_t1.nii.gz,5774184,8ad5f12f290d312c7241460d3cf8a704f7f5f8ecedd73c20ad19299778be24b1,3876f2c01855099fa3d348011dcd5183,240x240x155,1x1x1,float32,,,match
rhuh,RHUH-0030,1,adc,RHUH-0030_1_adc.nii.gz,longitudinal_rhuh_gbm/PKG - RHUH-GBM-nii-v1/RHUH-GBM_nii_v1/RHUH-0030/1/RHUH-0030_1_adc.nii.gz,longitudinal_rhuh_gbm.tar,longitudinal_rhuh_gbm/PKG - RHUH-GBM-nii-v1/RHUH-GBM_nii_v1/RHUH-0030/1/RHUH-0030_1_adc.nii.gz,2871174,dfcd38d89e61a1609994fb2be125b01c912ffd37d6f5fe82dfe56a827d038a28,319f1fd962d421f25a42bb79338eca77,240x240x155,1x1x1,int16,,,match
rhuh,RHUH-0030,1,t2,RHUH-0030_1_t2.nii.gz,longitudinal_rhuh_gbm/PKG - RHUH-GBM-nii-v1/RHUH-GBM_nii_v1/RHUH-0030/1/RHUH-0030_1_t2.nii.gz,longitudinal_rhuh_gbm.tar,longitudinal_rhuh_gbm/PKG - RHUH-GBM-nii-v1/RHUH-GBM_nii_v1/RHUH-0030/1/RHUH-0030_1_t2.nii.gz,5828241,6eaf0dfb1209f610fc79fa81a9a0b518769d2518e252dc930c8763ce8fc0b0bd,04241ecd131c1f6ac30d071326148947,240x240x155,1x1x1,float32,,,match
rhuh,RHUH-0030,2,t1,RHUH-0030_2_t1.nii.gz,longitudinal_rhuh_gbm/PKG - RHUH-GBM-nii-v1/RHUH-GBM_nii_v1/RHUH-0030/2/RHUH-0030_2_t1.nii.gz,longitudinal_rhuh_gbm.tar,longitudinal_rhuh_gbm/PKG - RHUH-GBM-nii-v1/RHUH-GBM_nii_v1/RHUH-0030/2/RHUH-0030_2_t1.nii.gz,5888875,3a29c4d30d45579fc2a7f123cb1992ebee8d89df8d806f987bb906889b92d683,ed60eccd6a309d72f48947a1e4da5f53,240x240x155,1x1x1,float32,,,match
rhuh,RHUH-0030,2,seg,RHUH-0030_2_segmentations.nii.gz,longitudinal_rhuh_gbm/PKG - RHUH-GBM-nii-v1/RHUH-GBM_nii_v1/RHUH-0030/2/RHUH-0030_2_segmentations.nii.gz,longitudinal_rhuh_gbm.tar,longitudinal_rhuh_gbm/PKG - RHUH-GBM-nii-v1/RHUH-GBM_nii_v1/RHUH-0030/2/RHUH-0030_2_segmentations.nii.gz,47188,07b6c941f0ad66c9694daad7143d4473b79ca2eeeb677039723c3196435918c7,32211f7765a17e4fe8361d698662d557,240x240x155,1x1x1,uint16,"0,1,2,3",,match
rhuh,RHUH-0030,2,t1ce,RHUH-0030_2_t1ce.nii.gz,longitudinal_rhuh_gbm/PKG - RHUH-GBM-nii-v1/RHUH-GBM_nii_v1/RHUH-0030/2/RHUH-0030_2_t1ce.nii.gz,longitudinal_rhuh_gbm.tar,longitudinal_rhuh_gbm/PKG - RHUH-GBM-nii-v1/RHUH-GBM_nii_v1/RHUH-0030/2/RHUH-0030_2_t1ce.nii.gz,5963251,090ac98bccd476ea415e7d38dc367ed8588a19e9e6310c5d4b78bf780d975e77,6bab70a18b298f6c59d28ef212884916,240x240x155,1x1x1,float32,,,match
rhuh,RHUH-0030,2,flair,RHUH-0030_2_flair.nii.gz,longitudinal_rhuh_gbm/PKG - RHUH-GBM-nii-v1/RHUH-GBM_nii_v1/RHUH-0030/2/RHUH-0030_2_flair.nii.gz,longitudinal_rhuh_gbm.tar,longitudinal_rhuh_gbm/PKG - RHUH-GBM-nii-v1/RHUH-GBM_nii_v1/RHUH-0030/2/RHUH-0030_2_flair.nii.gz,5906059,99460a60ad10564b4e924d5c669e63ef0dc380f64cd8edc4cf7325a2bcca733c,8a288fbcb37680d44f12485732d21e0a,240x240x155,1x1x1,float32,,,match
rhuh,RHUH-0030,2,adc,RHUH-0030_2_adc.nii.gz,longitudinal_rhuh_gbm/PKG - RHUH-GBM-nii-v1/RHUH-GBM_nii_v1/RHUH-0030/2/RHUH-0030_2_adc.nii.gz,longitudinal_rhuh_gbm.tar,longitudinal_rhuh_gbm/PKG - RHUH-GBM-nii-v1/RHUH-GBM_nii_v1/RHUH-0030/2/RHUH-0030_2_adc.nii.gz,7635825,a21691f320724fa16769284f886866147b6a90c80154c30dbb92e8accbb01b32,e8556447514d672dc3101936a09b913f,240x240x155,1x1x1,float64,,,match
rhuh,RHUH-0030,2,t2,RHUH-0030_2_t2.nii.gz,longitudinal_rhuh_gbm/PKG - RHUH-GBM-nii-v1/RHUH-GBM_nii_v1/RHUH-0030/2/RHUH-0030_2_t2.nii.gz,longitudinal_rhuh_gbm.tar,longitudinal_rhuh_gbm/PKG - RHUH-GBM-nii-v1/RHUH-GBM_nii_v1/RHUH-0030/2/RHUH-0030_2_t2.nii.gz,5945440,2600dc1af486631a5b0550c238f00783727ef165252a25d876ce5216ab5a827b,7348160fea0f2e991a08e88a9c3e347b,240x240x155,1x1x1,float32,,,match
rhuh,RHUH-0012,0,flair,RHUH-0012_0_flair.nii.gz,longitudinal_rhuh_gbm/PKG - RHUH-GBM-nii-v1/RHUH-GBM_nii_v1/RHUH-0012/0/RHUH-0012_0_flair.nii.gz,longitudinal_rhuh_gbm.tar,longitudinal_rhuh_gbm/PKG - RHUH-GBM-nii-v1/RHUH-GBM_nii_v1/RHUH-0012/0/RHUH-0012_0_flair.nii.gz,5335605,01b3142caa6f1842a716d47dcb29a6c69f8ec1701808b7a4521b81a6c60e7780,8094b649d360825d52f8aa46820881f8,240x240x155,1x1x1,float32,,,match
rhuh,RHUH-0012,0,t1,RHUH-0012_0_t1.nii.gz,longitudinal_rhuh_gbm/PKG - RHUH-GBM-nii-v1/RHUH-GBM_nii_v1/RHUH-0012/0/RHUH-0012_0_t1.nii.gz,longitudinal_rhuh_gbm.tar,longitudinal_rhuh_gbm/PKG - RHUH-GBM-nii-v1/RHUH-GBM_nii_v1/RHUH-0012/0/RHUH-0012_0_t1.nii.gz,5314544,818670fc7af86ff6d8af9cf08839d75c210d00bf39ef627ad1602cddb0901ac4,123d4e49a2420671bea2dc549e3773f8,240x240x155,1x1x1,float32,,,match
rhuh,RHUH-0012,0,adc,RHUH-0012_0_adc.nii.gz,longitudinal_rhuh_gbm/PKG - RHUH-GBM-nii-v1/RHUH-GBM_nii_v1/RHUH-0012/0/RHUH-0012_0_adc.nii.gz,longitudinal_rhuh_gbm.tar,longitudinal_rhuh_gbm/PKG - RHUH-GBM-nii-v1/RHUH-GBM_nii_v1/RHUH-0012/0/RHUH-0012_0_adc.nii.gz,2499012,e85155964d8d28fc3b7af20d97a32ab0d8a31484224149b537804c8999a5f755,132e53aa38b276315088d7b1c19853c3,240x240x155,1x1x1,int16,,,match
rhuh,RHUH-0012,0,seg,RHUH-0012_0_segmentations.nii.gz,longitudinal_rhuh_gbm/PKG - RHUH-GBM-nii-v1/RHUH-GBM_nii_v1/RHUH-0012/0/RHUH-0012_0_segmentations.nii.gz,longitudinal_rhuh_gbm.tar,longitudinal_rhuh_gbm/PKG - RHUH-GBM-nii-v1/RHUH-GBM_nii_v1/RHUH-0012/0/RHUH-0012_0_segmentations.nii.gz,40463,b48ef01048d640900cafef2a4a0a8a20ad83b68091717642d9658f2ea6719b20,e03eed455a9a9d8af4f0f06bd12dec3c,240x240x155,1x1x1,uint16,"0,1,2,3",,match
rhuh,RHUH-0012,0,t2,RHUH-0012_0_t2.nii.gz,longitudinal_rhuh_gbm/PKG - RHUH-GBM-nii-v1/RHUH-GBM_nii_v1/RHUH-0012/0/RHUH-0012_0_t2.nii.gz,longitudinal_rhuh_gbm.tar,longitudinal_rhuh_gbm/PKG - RHUH-GBM-nii-v1/RHUH-GBM_nii_v1/RHUH-0012/0/RHUH-0012_0_t2.nii.gz,5288346,f25ddd3342a373147e7f343882239338d5f3fcce4d627b04f6d44741b6bf7d2b,9a5c3b0c196856f2abd673d6cc23dfed,240x240x155,1x1x1,float32,,,match
rhuh,RHUH-0012,0,t1ce,RHUH-0012_0_t1ce.nii.gz,longitudinal_rhuh_gbm/PKG - RHUH-GBM-nii-v1/RHUH-GBM_nii_v1/RHUH-0012/0/RHUH-0012_0_t1ce.nii.gz,longitudinal_rhuh_gbm.tar,longitudinal_rhuh_gbm/PKG - RHUH-GBM-nii-v1/RHUH-GBM_nii_v1/RHUH-0012/0/RHUH-0012_0_t1ce.nii.gz,5323383,2cd273d13a8c59bd9e1928921249b66c6b4b35c394077009352d65ef64d449a0,33fbeb087e2827678bdb1b56045bfa5d,240x240x155,1x1x1,float32,,,match
rhuh,RHUH-0012,1,t1,RHUH-0012_1_t1.nii.gz,longitudinal_rhuh_gbm/PKG - RHUH-GBM-nii-v1/RHUH-GBM_nii_v1/RHUH-0012/1/RHUH-0012_1_t1.nii.gz,longitudinal_rhuh_gbm.tar,longitudinal_rhuh_gbm/PKG - RHUH-GBM-nii-v1/RHUH-GBM_nii_v1/RHUH-0012/1/RHUH-0012_1_t1.nii.gz,5555029,27d8ddf502da55ee8c97d7d2b623bb655e8293ab8df8f77348a4b0fb7203382e,d00ea56f34b6daab3bd3bf8bc1d4c12e,240x240x155,1x1x1,float32,,,match
rhuh,RHUH-0012,1,t1ce,RHUH-0012_1_t1ce.nii.gz,longitudinal_rhuh_gbm/PKG - RHUH-GBM-nii-v1/RHUH-GBM_nii_v1/RHUH-0012/1/RHUH-0012_1_t1ce.nii.gz,longitudinal_rhuh_gbm.tar,longitudinal_rhuh_gbm/PKG - RHUH-GBM-nii-v1/RHUH-GBM_nii_v1/RHUH-0012/1/RHUH-0012_1_t1ce.nii.gz,5653859,6a9f3aa660965050595f5e1fdc05976a039ae73514fb728b2632867b326ae720,d19d44e28536ab9eeb3092ab98538eab,240x240x155,1x1x1,float32,,,match
rhuh,RHUH-0012,1,flair,RHUH-0012_1_flair.nii.gz,longitudinal_rhuh_gbm/PKG - RHUH-GBM-nii-v1/RHUH-GBM_nii_v1/RHUH-0012/1/RHUH-0012_1_flair.nii.gz,longitudinal_rhuh_gbm.tar,longitudinal_rhuh_gbm/PKG - RHUH-GBM-nii-v1/RHUH-GBM_nii_v1/RHUH-0012/1/RHUH-0012_1_flair.nii.gz,5660467,7c3336b2f2e82c2c3d8b21fa9847788a82ee67443ca2b7b612b4223dddbe488f,f1510917e9ce460d5b44f6c2cee9f988,240x240x155,1x1x1,float32,,,match
rhuh,RHUH-0012,1,seg,RHUH-0012_1_segmentations.nii.gz,longitudinal_rhuh_gbm/PKG - RHUH-GBM-nii-v1/RHUH-GBM_nii_v1/RHUH-0012/1/RHUH-0012_1_segmentations.nii.gz,longitudinal_rhuh_gbm.tar,longitudinal_rhuh_gbm/PKG - RHUH-GBM-nii-v1/RHUH-GBM_nii_v1/RHUH-0012/1/RHUH-0012_1_segmentations.nii.gz,28149,246cc8e769c5ec95c36699e8a45ce67be6f5e0e428db65dbd2a3216281d8e644,fceba63029642104a07a1930dea62728,240x240x155,1x1x1,uint16,"0,2",,match
rhuh,RHUH-0012,1,t2,RHUH-0012_1_t2.nii.gz,longitudinal_rhuh_gbm/PKG - RHUH-GBM-nii-v1/RHUH-GBM_nii_v1/RHUH-0012/1/RHUH-0012_1_t2.nii.gz,longitudinal_rhuh_gbm.tar,longitudinal_rhuh_gbm/PKG - RHUH-GBM-nii-v1/RHUH-GBM_nii_v1/RHUH-0012/1/RHUH-0012_1_t2.nii.gz,5476907,fe06c9fa3bd8a38ded9577fd2c9d6038892c9b100251b8812e0b29cbe3226a30,2c3a4898e6b0159787e2c235a4f302a5,240x240x155,1x1x1,float32,,,match
rhuh,RHUH-0012,1,adc,RHUH-0012_1_adc.nii.gz,longitudinal_rhuh_gbm/PKG - RHUH-GBM-nii-v1/RHUH-GBM_nii_v1/RHUH-0012/1/RHUH-0012_1_adc.nii.gz,longitudinal_rhuh_gbm.tar,longitudinal_rhuh_gbm/PKG - RHUH-GBM-nii-v1/RHUH-GBM_nii_v1/RHUH-0012/1/RHUH-0012_1_adc.nii.gz,2552266,4b4cdf9adf4f3c90a8385e3ad1e58c219ca1dd4f0be4959fcb5bbb50f0fa4137,6020a8eeeae963e82684b03794554448,240x240x155,1x1x1,int16,,,match
rhuh,RHUH-0012,2,seg,RHUH-0012_2_segmentations.nii.gz,longitudinal_rhuh_gbm/PKG - RHUH-GBM-nii-v1/RHUH-GBM_nii_v1/RHUH-0012/2/RHUH-0012_2_segmentations.nii.gz,longitudinal_rhuh_gbm.tar,longitudinal_rhuh_gbm/PKG - RHUH-GBM-nii-v1/RHUH-GBM_nii_v1/RHUH-0012/2/RHUH-0012_2_segmentations.nii.gz,19324,60e91ad35a37e10bc278486195e4eb5c02b00711cf914e13569f636986ea930b,759103d7af110ccbbd23b476a634ba2b,240x240x155,1x1x1,uint16,"0,1,2,3",,match
rhuh,RHUH-0012,2,t2,RHUH-0012_2_t2.nii.gz,longitudinal_rhuh_gbm/PKG - RHUH-GBM-nii-v1/RHUH-GBM_nii_v1/RHUH-0012/2/RHUH-0012_2_t2.nii.gz,longitudinal_rhuh_gbm.tar,longitudinal_rhuh_gbm/PKG - RHUH-GBM-nii-v1/RHUH-GBM_nii_v1/RHUH-0012/2/RHUH-0012_2_t2.nii.gz,5518382,40b6f68f920463c083457b54f2f5c8955cb56aff98ba1c9afe2c81631ae5f913,ae22d075fc91d1afc5bc71268365fe20,240x240x155,1x1x1,float32,,,match
rhuh,RHUH-0012,2,adc,RHUH-0012_2_adc.nii.gz,longitudinal_rhuh_gbm/PKG - RHUH-GBM-nii-v1/RHUH-GBM_nii_v1/RHUH-0012/2/RHUH-0012_2_adc.nii.gz,longitudinal_rhuh_gbm.tar,longitudinal_rhuh_gbm/PKG - RHUH-GBM-nii-v1/RHUH-GBM_nii_v1/RHUH-0012/2/RHUH-0012_2_adc.nii.gz,2664973,dba4e9763d6a4fd71f02789aa54de729f0c795441fcc08eac259e53318d6c7a7,61730d0b0d022cc9c78c946d83d311de,240x240x155,1x1x1,int16,,,match
rhuh,RHUH-0012,2,flair,RHUH-0012_2_flair.nii.gz,longitudinal_rhuh_gbm/PKG - RHUH-GBM-nii-v1/RHUH-GBM_nii_v1/RHUH-0012/2/RHUH-0012_2_flair.nii.gz,longitudinal_rhuh_gbm.tar,longitudinal_rhuh_gbm/PKG - RHUH-GBM-nii-v1/RHUH-GBM_nii_v1/RHUH-0012/2/RHUH-0012_2_flair.nii.gz,5507338,87203f2cf8665fc7a833096547a42cc2aaeba0c5a1c4db99ba3a733633b5c296,e08a579bb54728dfb2f5ba726cae92e4,240x240x155,1x1x1,float32,,,match
rhuh,RHUH-0012,2,t1ce,RHUH-0012_2_t1ce.nii.gz,longitudinal_rhuh_gbm/PKG - RHUH-GBM-nii-v1/RHUH-GBM_nii_v1/RHUH-0012/2/RHUH-0012_2_t1ce.nii.gz,longitudinal_rhuh_gbm.tar,longitudinal_rhuh_gbm/PKG - RHUH-GBM-nii-v1/RHUH-GBM_nii_v1/RHUH-0012/2/RHUH-0012_2_t1ce.nii.gz,5662276,dd6cecae3553b8384579a6e4a132cd8a942c5b4a775d63ba2084abd05496a500,dfe79ef18d7d3ae6c7e45cf96b028abc,240x240x155,1x1x1,float32,,,match
rhuh,RHUH-0012,2,t1,RHUH-0012_2_t1.nii.gz,longitudinal_rhuh_gbm/PKG - RHUH-GBM-nii-v1/RHUH-GBM_nii_v1/RHUH-0012/2/RHUH-0012_2_t1.nii.gz,longitudinal_rhuh_gbm.tar,longitudinal_rhuh_gbm/PKG - RHUH-GBM-nii-v1/RHUH-GBM_nii_v1/RHUH-0012/2/RHUH-0012_2_t1.nii.gz,5468396,693df1891caa2b6d4120a590c59dec1cb14d5fb73068ab9066416de9ca467160,4350b8258cfe5d65384b44a654f2491b,240x240x155,1x1x1,float32,,,match
rhuh,RHUH-0019,0,t2,RHUH-0019_0_t2.nii.gz,longitudinal_rhuh_gbm/PKG - RHUH-GBM-nii-v1/RHUH-GBM_nii_v1/RHUH-0019/0/RHUH-0019_0_t2.nii.gz,longitudinal_rhuh_gbm.tar,longitudinal_rhuh_gbm/PKG - RHUH-GBM-nii-v1/RHUH-GBM_nii_v1/RHUH-0019/0/RHUH-0019_0_t2.nii.gz,5519330,88b8479bf4f5cd23463a350ba46a6e71f6faab21ba28b31ac2cb286212526dbb,8f53df33e0bcad7b2f0fed4018747b13,240x240x155,1x1x1,float32,,,match
rhuh,RHUH-0019,0,flair,RHUH-0019_0_flair.nii.gz,longitudinal_rhuh_gbm/PKG - RHUH-GBM-nii-v1/RHUH-GBM_nii_v1/RHUH-0019/0/RHUH-0019_0_flair.nii.gz,longitudinal_rhuh_gbm.tar,longitudinal_rhuh_gbm/PKG - RHUH-GBM-nii-v1/RHUH-GBM_nii_v1/RHUH-0019/0/RHUH-0019_0_flair.nii.gz,5561854,925753fe952c25a5fc0d5b51b5a0372d7aec41967d10a6bd138e578321ce41b1,97f036aed1ae3c18887556daf6bd9d45,240x240x155,1x1x1,float32,,,match
rhuh,RHUH-0019,0,t1,RHUH-0019_0_t1.nii.gz,longitudinal_rhuh_gbm/PKG - RHUH-GBM-nii-v1/RHUH-GBM_nii_v1/RHUH-0019/0/RHUH-0019_0_t1.nii.gz,longitudinal_rhuh_gbm.tar,longitudinal_rhuh_gbm/PKG - RHUH-GBM-nii-v1/RHUH-GBM_nii_v1/RHUH-0019/0/RHUH-0019_0_t1.nii.gz,5516079,05f7097e5fcf7b3156682a4345ea19f36cd12b73454597c15955622f33d17dac,968e1aa90a76ac88227ccda9436afac7,240x240x155,1x1x1,float32,,,match
rhuh,RHUH-0019,0,adc,RHUH-0019_0_adc.nii.gz,longitudinal_rhuh_gbm/PKG - RHUH-GBM-nii-v1/RHUH-GBM_nii_v1/RHUH-0019/0/RHUH-0019_0_adc.nii.gz,longitudinal_rhuh_gbm.tar,longitudinal_rhuh_gbm/PKG - RHUH-GBM-nii-v1/RHUH-GBM_nii_v1/RHUH-0019/0/RHUH-0019_0_adc.nii.gz,2529525,ac01318aa00ef68965f585ed187dfd27afb06aaf4636fc25a0995b331cb30455,0d52599dea90db18e0f8f29fe5e574b5,240x240x155,1x1x1,int16,,,match
rhuh,RHUH-0019,0,t1ce,RHUH-0019_0_t1ce.nii.gz,longitudinal_rhuh_gbm/PKG - RHUH-GBM-nii-v1/RHUH-GBM_nii_v1/RHUH-0019/0/RHUH-0019_0_t1ce.nii.gz,longitudinal_rhuh_gbm.tar,longitudinal_rhuh_gbm/PKG - RHUH-GBM-nii-v1/RHUH-GBM_nii_v1/RHUH-0019/0/RHUH-0019_0_t1ce.nii.gz,5433193,e44d0012eb05808c0d82d8b5c0536b76a92a4066fcdef22aa38760468a50b17c,ba9dd84222dfa7b173228b6414dfe222,240x240x155,1x1x1,float32,,,match
rhuh,RHUH-0019,0,seg,RHUH-0019_0_segmentations.nii.gz,longitudinal_rhuh_gbm/PKG - RHUH-GBM-nii-v1/RHUH-GBM_nii_v1/RHUH-0019/0/RHUH-0019_0_segmentations.nii.gz,longitudinal_rhuh_gbm.tar,longitudinal_rhuh_gbm/PKG - RHUH-GBM-nii-v1/RHUH-GBM_nii_v1/RHUH-0019/0/RHUH-0019_0_segmentations.nii.gz,40109,7ce6005b7fe0c82b1bbdda1d290b9dded9d219feb719de10064d833363acf06b,9ebfb497121b8bd5459305959928c829,240x240x155,1x1x1,uint16,"0,1,2,3",,match
rhuh,RHUH-0019,1,adc,RHUH-0019_1_adc.nii.gz,longitudinal_rhuh_gbm/PKG - RHUH-GBM-nii-v1/RHUH-GBM_nii_v1/RHUH-0019/1/RHUH-0019_1_adc.nii.gz,longitudinal_rhuh_gbm.tar,longitudinal_rhuh_gbm/PKG - RHUH-GBM-nii-v1/RHUH-GBM_nii_v1/RHUH-0019/1/RHUH-0019_1_adc.nii.gz,7195250,1a2e87e5087f8e6226dc7391210d12d3f2c082b0def17205572aa9a8ab50da77,018ec8eefa9e22ca5c0c78d6f368b35f,240x240x155,1x1x1,float64,,,match
rhuh,RHUH-0019,1,t1,RHUH-0019_1_t1.nii.gz,longitudinal_rhuh_gbm/PKG - RHUH-GBM-nii-v1/RHUH-GBM_nii_v1/RHUH-0019/1/RHUH-0019_1_t1.nii.gz,longitudinal_rhuh_gbm.tar,longitudinal_rhuh_gbm/PKG - RHUH-GBM-nii-v1/RHUH-GBM_nii_v1/RHUH-0019/1/RHUH-0019_1_t1.nii.gz,5669879,7815f5dd068a336edac9cfa4b9e867ee7aeab64a5c076a50b360371824b9656f,fde4fae88a8174772e655edc1754e495,240x240x155,1x1x1,float32,,,match
rhuh,RHUH-0019,1,flair,RHUH-0019_1_flair.nii.gz,longitudinal_rhuh_gbm/PKG - RHUH-GBM-nii-v1/RHUH-GBM_nii_v1/RHUH-0019/1/RHUH-0019_1_flair.nii.gz,longitudinal_rhuh_gbm.tar,longitudinal_rhuh_gbm/PKG - RHUH-GBM-nii-v1/RHUH-GBM_nii_v1/RHUH-0019/1/RHUH-0019_1_flair.nii.gz,6126112,a213f1faa46f587b91020d06b3e772790aeb858dc580fed7a3afd9733a236f3e,cac153a1fb02f58b8338ad8cdba2b535,240x240x155,1x1x1,float32,,,match
rhuh,RHUH-0019,1,t1ce,RHUH-0019_1_t1ce.nii.gz,longitudinal_rhuh_gbm/PKG - RHUH-GBM-nii-v1/RHUH-GBM_nii_v1/RHUH-0019/1/RHUH-0019_1_t1ce.nii.gz,longitudinal_rhuh_gbm.tar,longitudinal_rhuh_gbm/PKG - RHUH-GBM-nii-v1/RHUH-GBM_nii_v1/RHUH-0019/1/RHUH-0019_1_t1ce.nii.gz,5695552,7d0a5f0b48cb523c6f685b37a651823910d1c4be7a53cd9b15b987c78111baf0,d6093c54303b5db50f4dd4f2f68159f7,240x240x155,1x1x1,float32,,,match
rhuh,RHUH-0019,1,seg,RHUH-0019_1_segmentations.nii.gz,longitudinal_rhuh_gbm/PKG - RHUH-GBM-nii-v1/RHUH-GBM_nii_v1/RHUH-0019/1/RHUH-0019_1_segmentations.nii.gz,longitudinal_rhuh_gbm.tar,longitudinal_rhuh_gbm/PKG - RHUH-GBM-nii-v1/RHUH-GBM_nii_v1/RHUH-0019/1/RHUH-0019_1_segmentations.nii.gz,29500,c463dfe27cdc48d869c73bacea542e519df3313cefedca6a114cce6d3e583659,37e856700dd8f774ad79bf6be73f77f0,240x240x155,1x1x1,uint16,"0,2,3",,match
rhuh,RHUH-0019,1,t2,RHUH-0019_1_t2.nii.gz,longitudinal_rhuh_gbm/PKG - RHUH-GBM-nii-v1/RHUH-GBM_nii_v1/RHUH-0019/1/RHUH-0019_1_t2.nii.gz,longitudinal_rhuh_gbm.tar,longitudinal_rhuh_gbm/PKG - RHUH-GBM-nii-v1/RHUH-GBM_nii_v1/RHUH-0019/1/RHUH-0019_1_t2.nii.gz,5679464,7a680bc5d5dc985b1c7a44b6d0f072ad6de17098a123d2fa4e8e87ff0c88fba4,5affc3043b52ba42f55c292f562c045a,240x240x155,1x1x1,float32,,,match
rhuh,RHUH-0019,2,flair,RHUH-0019_2_flair.nii.gz,longitudinal_rhuh_gbm/PKG - RHUH-GBM-nii-v1/RHUH-GBM_nii_v1/RHUH-0019/2/RHUH-0019_2_flair.nii.gz,longitudinal_rhuh_gbm.tar,longitudinal_rhuh_gbm/PKG - RHUH-GBM-nii-v1/RHUH-GBM_nii_v1/RHUH-0019/2/RHUH-0019_2_flair.nii.gz,5802434,72d3f9f905bebc4eb56ebad169dce14a372deb22ccf48361023a63720290a994,bfb5e3026c6e45a394e1f4daeac697e7,240x240x155,1x1x1,float32,,,match
rhuh,RHUH-0019,2,t2,RHUH-0019_2_t2.nii.gz,longitudinal_rhuh_gbm/PKG - RHUH-GBM-nii-v1/RHUH-GBM_nii_v1/RHUH-0019/2/RHUH-0019_2_t2.nii.gz,longitudinal_rhuh_gbm.tar,longitudinal_rhuh_gbm/PKG - RHUH-GBM-nii-v1/RHUH-GBM_nii_v1/RHUH-0019/2/RHUH-0019_2_t2.nii.gz,5845133,1d6b5b3e8134acd77d28760e2355275873a01e6ea849d598231366f60383c85b,eb24ca368dfb0299956a2d605ee7d0fd,240x240x155,1x1x1,float32,,,match
rhuh,RHUH-0019,2,seg,RHUH-0019_2_segmentations.nii.gz,longitudinal_rhuh_gbm/PKG - RHUH-GBM-nii-v1/RHUH-GBM_nii_v1/RHUH-0019/2/RHUH-0019_2_segmentations.nii.gz,longitudinal_rhuh_gbm.tar,longitudinal_rhuh_gbm/PKG - RHUH-GBM-nii-v1/RHUH-GBM_nii_v1/RHUH-0019/2/RHUH-0019_2_segmentations.nii.gz,46556,6989b57c256ee41249d863d7cf09eefe1211803bf4a292efa3fd90a7e92a93c3,f3c3953bd519bb53a32016a51d141051,240x240x155,1x1x1,uint16,"0,1,2,3",,match
rhuh,RHUH-0019,2,t1ce,RHUH-0019_2_t1ce.nii.gz,longitudinal_rhuh_gbm/PKG - RHUH-GBM-nii-v1/RHUH-GBM_nii_v1/RHUH-0019/2/RHUH-0019_2_t1ce.nii.gz,longitudinal_rhuh_gbm.tar,longitudinal_rhuh_gbm/PKG - RHUH-GBM-nii-v1/RHUH-GBM_nii_v1/RHUH-0019/2/RHUH-0019_2_t1ce.nii.gz,5738866,b54c104ac12805b45a7b731b5a76594557d8fbbeb512b9a665daac534032ff49,fd18c9c25c49cc8cd1d662df6e02e184,240x240x155,1x1x1,float32,,,match
rhuh,RHUH-0019,2,adc,RHUH-0019_2_adc.nii.gz,longitudinal_rhuh_gbm/PKG - RHUH-GBM-nii-v1/RHUH-GBM_nii_v1/RHUH-0019/2/RHUH-0019_2_adc.nii.gz,longitudinal_rhuh_gbm.tar,longitudinal_rhuh_gbm/PKG - RHUH-GBM-nii-v1/RHUH-GBM_nii_v1/RHUH-0019/2/RHUH-0019_2_adc.nii.gz,7540846,658a1fb72f3853e4550fdb99b43588351ade0204646995e54c476e1ffd7dbb1d,c9ecbedfe65ea372e9e22dd0b17fbf4f,240x240x155,1x1x1,float64,,,match
rhuh,RHUH-0019,2,t1,RHUH-0019_2_t1.nii.gz,longitudinal_rhuh_gbm/PKG - RHUH-GBM-nii-v1/RHUH-GBM_nii_v1/RHUH-0019/2/RHUH-0019_2_t1.nii.gz,longitudinal_rhuh_gbm.tar,longitudinal_rhuh_gbm/PKG - RHUH-GBM-nii-v1/RHUH-GBM_nii_v1/RHUH-0019/2/RHUH-0019_2_t1.nii.gz,5737437,086b8689f9147a0f011b39a1a2bab0effefab76dc90d2d819b9a1fd198c31613,831ac07d3628e32efcc79f7844042991,240x240x155,1x1x1,float32,,,match
rhuh,RHUH-0025,0,flair,RHUH-0025_0_flair.nii.gz,longitudinal_rhuh_gbm/PKG - RHUH-GBM-nii-v1/RHUH-GBM_nii_v1/RHUH-0025/0/RHUH-0025_0_flair.nii.gz,longitudinal_rhuh_gbm.tar,longitudinal_rhuh_gbm/PKG - RHUH-GBM-nii-v1/RHUH-GBM_nii_v1/RHUH-0025/0/RHUH-0025_0_flair.nii.gz,5878852,b8b7944b24e1c7d1a575c7818a3ebd274f46b164bb24b2aefd8c7aa123ba6fd9,281c5dedb6ee6416fcf29a3b1afb207b,240x240x155,1x1x1,float32,,,match
rhuh,RHUH-0025,0,seg,RHUH-0025_0_segmentations.nii.gz,longitudinal_rhuh_gbm/PKG - RHUH-GBM-nii-v1/RHUH-GBM_nii_v1/RHUH-0025/0/RHUH-0025_0_segmentations.nii.gz,longitudinal_rhuh_gbm.tar,longitudinal_rhuh_gbm/PKG - RHUH-GBM-nii-v1/RHUH-GBM_nii_v1/RHUH-0025/0/RHUH-0025_0_segmentations.nii.gz,23760,9891e698f1c8f4db032fe298c91dc063f416a6f29a923ed181a168f1bf89849c,c311edf920d0689c5428b25e3f370793,240x240x155,1x1x1,uint16,"0,1,2,3",,match
rhuh,RHUH-0025,0,t1ce,RHUH-0025_0_t1ce.nii.gz,longitudinal_rhuh_gbm/PKG - RHUH-GBM-nii-v1/RHUH-GBM_nii_v1/RHUH-0025/0/RHUH-0025_0_t1ce.nii.gz,longitudinal_rhuh_gbm.tar,longitudinal_rhuh_gbm/PKG - RHUH-GBM-nii-v1/RHUH-GBM_nii_v1/RHUH-0025/0/RHUH-0025_0_t1ce.nii.gz,5829950,2bc06b25396f51056aea8402ca4aaa4d2709cae048cc6dfda2bcdfbd144830f5,5ac8ea6352b293766750e60efc3f7cc6,240x240x155,1x1x1,float32,,,match
rhuh,RHUH-0025,0,t1,RHUH-0025_0_t1.nii.gz,longitudinal_rhuh_gbm/PKG - RHUH-GBM-nii-v1/RHUH-GBM_nii_v1/RHUH-0025/0/RHUH-0025_0_t1.nii.gz,longitudinal_rhuh_gbm.tar,longitudinal_rhuh_gbm/PKG - RHUH-GBM-nii-v1/RHUH-GBM_nii_v1/RHUH-0025/0/RHUH-0025_0_t1.nii.gz,5826062,65080e4528e68c0919b68b4c8029c071069a85ef17c3f7a6f4e15751c1814683,81699e0fa43ed0a6bd039b50352a805e,240x240x155,1x1x1,float32,,,match
rhuh,RHUH-0025,0,t2,RHUH-0025_0_t2.nii.gz,longitudinal_rhuh_gbm/PKG - RHUH-GBM-nii-v1/RHUH-GBM_nii_v1/RHUH-0025/0/RHUH-0025_0_t2.nii.gz,longitudinal_rhuh_gbm.tar,longitudinal_rhuh_gbm/PKG - RHUH-GBM-nii-v1/RHUH-GBM_nii_v1/RHUH-0025/0/RHUH-0025_0_t2.nii.gz,5842214,62e407a0623699a31a4a18fc910eba8bf1c8c73f022eedfe58a99d043e3de1c0,23ed975bb0063b2162db60f177b2ac46,240x240x155,1x1x1,float32,,,match
rhuh,RHUH-0025,0,adc,RHUH-0025_0_adc.nii.gz,longitudinal_rhuh_gbm/PKG - RHUH-GBM-nii-v1/RHUH-GBM_nii_v1/RHUH-0025/0/RHUH-0025_0_adc.nii.gz,longitudinal_rhuh_gbm.tar,longitudinal_rhuh_gbm/PKG - RHUH-GBM-nii-v1/RHUH-GBM_nii_v1/RHUH-0025/0/RHUH-0025_0_adc.nii.gz,2621691,193ddec4037e8dc8d79e5d1a07da89e63e7bca26d711169bdcf3ab0f3975329c,3b4f2daebaa6aab77c0b9fe6d5fe5486,240x240x155,1x1x1,int16,,,match
rhuh,RHUH-0025,1,t1ce,RHUH-0025_1_t1ce.nii.gz,longitudinal_rhuh_gbm/PKG - RHUH-GBM-nii-v1/RHUH-GBM_nii_v1/RHUH-0025/1/RHUH-0025_1_t1ce.nii.gz,longitudinal_rhuh_gbm.tar,longitudinal_rhuh_gbm/PKG - RHUH-GBM-nii-v1/RHUH-GBM_nii_v1/RHUH-0025/1/RHUH-0025_1_t1ce.nii.gz,6062421,f42719ce41e25329fd0832699a014c4d6407eb56e1056427e6a97d30b3d68825,d219705bdb9112726be16ea308d8b7ad,240x240x155,1x1x1,float32,,,match
rhuh,RHUH-0025,1,flair,RHUH-0025_1_flair.nii.gz,longitudinal_rhuh_gbm/PKG - RHUH-GBM-nii-v1/RHUH-GBM_nii_v1/RHUH-0025/1/RHUH-0025_1_flair.nii.gz,longitudinal_rhuh_gbm.tar,longitudinal_rhuh_gbm/PKG - RHUH-GBM-nii-v1/RHUH-GBM_nii_v1/RHUH-0025/1/RHUH-0025_1_flair.nii.gz,5996861,d2485873fc71bb914a93af42e82f79612b79b5826bbf0f120defbe7b5c0af708,317a2d5926e878331b0fc7cde0c396a2,240x240x155,1x1x1,float32,,,match
rhuh,RHUH-0025,1,seg,RHUH-0025_1_segmentations.nii.gz,longitudinal_rhuh_gbm/PKG - RHUH-GBM-nii-v1/RHUH-GBM_nii_v1/RHUH-0025/1/RHUH-0025_1_segmentations.nii.gz,longitudinal_rhuh_gbm.tar,longitudinal_rhuh_gbm/PKG - RHUH-GBM-nii-v1/RHUH-GBM_nii_v1/RHUH-0025/1/RHUH-0025_1_segmentations.nii.gz,20030,9d606cf6f3681f1aaf04e3ee4a961680ca11b42bdc36a9def74c3c9c570ec79a,f093630630191b436c06532a1cbae464,240x240x155,1x1x1,uint16,"0,2",,match
rhuh,RHUH-0025,1,adc,RHUH-0025_1_adc.nii.gz,longitudinal_rhuh_gbm/PKG - RHUH-GBM-nii-v1/RHUH-GBM_nii_v1/RHUH-0025/1/RHUH-0025_1_adc.nii.gz,longitudinal_rhuh_gbm.tar,longitudinal_rhuh_gbm/PKG - RHUH-GBM-nii-v1/RHUH-GBM_nii_v1/RHUH-0025/1/RHUH-0025_1_adc.nii.gz,2698531,d43f98e9fdedf988377215441373c544f8d7fb2f8723bf5e08140788f6c7924b,977ce3ce9304ec9fd72217a7891279e7,240x240x155,1x1x1,int16,,,match
rhuh,RHUH-0025,1,t2,RHUH-0025_1_t2.nii.gz,longitudinal_rhuh_gbm/PKG - RHUH-GBM-nii-v1/RHUH-GBM_nii_v1/RHUH-0025/1/RHUH-0025_1_t2.nii.gz,longitudinal_rhuh_gbm.tar,longitudinal_rhuh_gbm/PKG - RHUH-GBM-nii-v1/RHUH-GBM_nii_v1/RHUH-0025/1/RHUH-0025_1_t2.nii.gz,5877979,01816393b4d18521f5bd73b4d1dfc4909cf210ddc86fdfb71771ec010902e29b,42406e6d4958b830c11b60df86a37cfe,240x240x155,1x1x1,float32,,,match
rhuh,RHUH-0025,1,t1,RHUH-0025_1_t1.nii.gz,longitudinal_rhuh_gbm/PKG - RHUH-GBM-nii-v1/RHUH-GBM_nii_v1/RHUH-0025/1/RHUH-0025_1_t1.nii.gz,longitudinal_rhuh_gbm.tar,longitudinal_rhuh_gbm/PKG - RHUH-GBM-nii-v1/RHUH-GBM_nii_v1/RHUH-0025/1/RHUH-0025_1_t1.nii.gz,5953523,03787b6ed3ad55f6313129e93d4b51ba589a2afa066ae052ae6e16ff1fb77bfd,131d2aba0663271dfb8c3ca17274bb3b,240x240x155,1x1x1,float32,,,match
rhuh,RHUH-0025,2,t1ce,RHUH-0025_2_t1ce.nii.gz,longitudinal_rhuh_gbm/PKG - RHUH-GBM-nii-v1/RHUH-GBM_nii_v1/RHUH-0025/2/RHUH-0025_2_t1ce.nii.gz,longitudinal_rhuh_gbm.tar,longitudinal_rhuh_gbm/PKG - RHUH-GBM-nii-v1/RHUH-GBM_nii_v1/RHUH-0025/2/RHUH-0025_2_t1ce.nii.gz,6262057,4400b333bb7b566f1ba77e22a452adcea14c121b37d7de5f860dc6e4ffe504d8,d3bdb07a80a1435ed2361e4e5ad0f042,240x240x155,1x1x1,float32,,,match
rhuh,RHUH-0025,2,t1,RHUH-0025_2_t1.nii.gz,longitudinal_rhuh_gbm/PKG - RHUH-GBM-nii-v1/RHUH-GBM_nii_v1/RHUH-0025/2/RHUH-0025_2_t1.nii.gz,longitudinal_rhuh_gbm.tar,longitudinal_rhuh_gbm/PKG - RHUH-GBM-nii-v1/RHUH-GBM_nii_v1/RHUH-0025/2/RHUH-0025_2_t1.nii.gz,6132961,8d3796c57d3a0cc62f69f8fd7c8cfdac805039b5f9a3e87577c8abbc3ef18017,74a3c0b5ac1caef74d33f666c19b66f2,240x240x155,1x1x1,float32,,,match
rhuh,RHUH-0025,2,flair,RHUH-0025_2_flair.nii.gz,longitudinal_rhuh_gbm/PKG - RHUH-GBM-nii-v1/RHUH-GBM_nii_v1/RHUH-0025/2/RHUH-0025_2_flair.nii.gz,longitudinal_rhuh_gbm.tar,longitudinal_rhuh_gbm/PKG - RHUH-GBM-nii-v1/RHUH-GBM_nii_v1/RHUH-0025/2/RHUH-0025_2_flair.nii.gz,6195372,0bc8bb89822413e2d4772521a34656242559295e458245478c7d75425446734f,197d7a52eacc27fb0d17dcfc2fdd8f31,240x240x155,1x1x1,float32,,,match
rhuh,RHUH-0025,2,seg,RHUH-0025_2_segmentations.nii.gz,longitudinal_rhuh_gbm/PKG - RHUH-GBM-nii-v1/RHUH-GBM_nii_v1/RHUH-0025/2/RHUH-0025_2_segmentations.nii.gz,longitudinal_rhuh_gbm.tar,longitudinal_rhuh_gbm/PKG - RHUH-GBM-nii-v1/RHUH-GBM_nii_v1/RHUH-0025/2/RHUH-0025_2_segmentations.nii.gz,31589,108d062e83fc61f6ec3eeebc9e1d001f31430b65ea2644d5072e8f4e8354585f,0a5879b8ace41a63cba8410644c6829c,240x240x155,1x1x1,uint16,"0,1,2,3",,match
rhuh,RHUH-0025,2,adc,RHUH-0025_2_adc.nii.gz,longitudinal_rhuh_gbm/PKG - RHUH-GBM-nii-v1/RHUH-GBM_nii_v1/RHUH-0025/2/RHUH-0025_2_adc.nii.gz,longitudinal_rhuh_gbm.tar,longitudinal_rhuh_gbm/PKG - RHUH-GBM-nii-v1/RHUH-GBM_nii_v1/RHUH-0025/2/RHUH-0025_2_adc.nii.gz,2802342,57c265e73394ce7cd1eebcb85c07db5b8c543d75a716440e8823407d948e2269,7571bd6c07b1158d790e2e0a4485b30d,240x240x155,1x1x1,int16,,,match
rhuh,RHUH-0025,2,t2,RHUH-0025_2_t2.nii.gz,longitudinal_rhuh_gbm/PKG - RHUH-GBM-nii-v1/RHUH-GBM_nii_v1/RHUH-0025/2/RHUH-0025_2_t2.nii.gz,longitudinal_rhuh_gbm.tar,longitudinal_rhuh_gbm/PKG - RHUH-GBM-nii-v1/RHUH-GBM_nii_v1/RHUH-0025/2/RHUH-0025_2_t2.nii.gz,6049810,2e85ed8f5a54fd945e4bad365bf8997241421d3daae96d9eae15aefddc7566d6,47118f7949beff265da0311dead8e7ad,240x240x155,1x1x1,float32,,,match
rhuh,RHUH-0024,0,t1,RHUH-0024_0_t1.nii.gz,longitudinal_rhuh_gbm/PKG - RHUH-GBM-nii-v1/RHUH-GBM_nii_v1/RHUH-0024/0/RHUH-0024_0_t1.nii.gz,longitudinal_rhuh_gbm.tar,longitudinal_rhuh_gbm/PKG - RHUH-GBM-nii-v1/RHUH-GBM_nii_v1/RHUH-0024/0/RHUH-0024_0_t1.nii.gz,6460854,1d602f6b95f6ae199bcbf0d299eedb6af738c69743d8efc58782bc1b05f1e8ac,5b43db83f99ead3f0d045022b084418b,240x240x155,1x1x1,float32,,,match
rhuh,RHUH-0024,0,t2,RHUH-0024_0_t2.nii.gz,longitudinal_rhuh_gbm/PKG - RHUH-GBM-nii-v1/RHUH-GBM_nii_v1/RHUH-0024/0/RHUH-0024_0_t2.nii.gz,longitudinal_rhuh_gbm.tar,longitudinal_rhuh_gbm/PKG - RHUH-GBM-nii-v1/RHUH-GBM_nii_v1/RHUH-0024/0/RHUH-0024_0_t2.nii.gz,6444250,352dc2930cca41ccd78d857ca4845774d30351bdf4a84905d9b7078ea9dcc08b,e2ae2ab55dc18a58c818331e2fd0ac83,240x240x155,1x1x1,float32,,,match
rhuh,RHUH-0024,0,seg,RHUH-0024_0_segmentations.nii.gz,longitudinal_rhuh_gbm/PKG - RHUH-GBM-nii-v1/RHUH-GBM_nii_v1/RHUH-0024/0/RHUH-0024_0_segmentations.nii.gz,longitudinal_rhuh_gbm.tar,longitudinal_rhuh_gbm/PKG - RHUH-GBM-nii-v1/RHUH-GBM_nii_v1/RHUH-0024/0/RHUH-0024_0_segmentations.nii.gz,22549,fd99597e6df22286ff771646ff017eab14ca21d2f5a858ca713a508067b93acc,44503637816ac8d0d5197b5d7791b8d5,240x240x155,1x1x1,uint16,"0,1,2,3",,match
rhuh,RHUH-0024,0,adc,RHUH-0024_0_adc.nii.gz,longitudinal_rhuh_gbm/PKG - RHUH-GBM-nii-v1/RHUH-GBM_nii_v1/RHUH-0024/0/RHUH-0024_0_adc.nii.gz,longitudinal_rhuh_gbm.tar,longitudinal_rhuh_gbm/PKG - RHUH-GBM-nii-v1/RHUH-GBM_nii_v1/RHUH-0024/0/RHUH-0024_0_adc.nii.gz,3016854,eb8482c1c2f1d858cfb8e5a5fad2bbfb6cbe305741a0a15b608a995bb46e2d7c,155800c37efd91bc42dcd723dca2ebfd,240x240x155,1x1x1,int16,,,match
rhuh,RHUH-0024,0,flair,RHUH-0024_0_flair.nii.gz,longitudinal_rhuh_gbm/PKG - RHUH-GBM-nii-v1/RHUH-GBM_nii_v1/RHUH-0024/0/RHUH-0024_0_flair.nii.gz,longitudinal_rhuh_gbm.tar,longitudinal_rhuh_gbm/PKG - RHUH-GBM-nii-v1/RHUH-GBM_nii_v1/RHUH-0024/0/RHUH-0024_0_flair.nii.gz,6475564,c5421460455365cec95c18ca56a3a181ce8a36e08dbae61843f36f03147c1e30,8c8e87ff25830ef330eb2aafca9d9ac7,240x240x155,1x1x1,float32,,,match
rhuh,RHUH-0024,0,t1ce,RHUH-0024_0_t1ce.nii.gz,longitudinal_rhuh_gbm/PKG - RHUH-GBM-nii-v1/RHUH-GBM_nii_v1/RHUH-0024/0/RHUH-0024_0_t1ce.nii.gz,longitudinal_rhuh_gbm.tar,longitudinal_rhuh_gbm/PKG - RHUH-GBM-nii-v1/RHUH-GBM_nii_v1/RHUH-0024/0/RHUH-0024_0_t1ce.nii.gz,6564214,c31354bb570cd2b0948c35857ee189c816fa5bfbe3905156f1e6cab20ed3efba,7dd12b4195c4034bd7c24f2e636de974,240x240x155,1x1x1,float32,,,match
rhuh,RHUH-0024,1,seg,RHUH-0024_1_segmentations.nii.gz,longitudinal_rhuh_gbm/PKG - RHUH-GBM-nii-v1/RHUH-GBM_nii_v1/RHUH-0024/1/RHUH-0024_1_segmentations.nii.gz,longitudinal_rhuh_gbm.tar,longitudinal_rhuh_gbm/PKG - RHUH-GBM-nii-v1/RHUH-GBM_nii_v1/RHUH-0024/1/RHUH-0024_1_segmentations.nii.gz,18527,1dd06a63301af8740d15f9274b92b8b15ad07e2806aac63d1c1a995641235b2d,c5c3eb5f919ea3c0bc467923eec27f03,240x240x155,1x1x1,uint16,"0,2",,match
rhuh,RHUH-0024,1,t1ce,RHUH-0024_1_t1ce.nii.gz,longitudinal_rhuh_gbm/PKG - RHUH-GBM-nii-v1/RHUH-GBM_nii_v1/RHUH-0024/1/RHUH-0024_1_t1ce.nii.gz,longitudinal_rhuh_gbm.tar,longitudinal_rhuh_gbm/PKG - RHUH-GBM-nii-v1/RHUH-GBM_nii_v1/RHUH-0024/1/RHUH-0024_1_t1ce.nii.gz,6251638,85ec2e652201dc27eb300194cea0f45104c7f3b756fff413edecc8589d842de6,3fde35203223c95738f06c81806fd0c7,240x240x155,1x1x1,float32,,,match
rhuh,RHUH-0024,1,adc,RHUH-0024_1_adc.nii.gz,longitudinal_rhuh_gbm/PKG - RHUH-GBM-nii-v1/RHUH-GBM_nii_v1/RHUH-0024/1/RHUH-0024_1_adc.nii.gz,longitudinal_rhuh_gbm.tar,longitudinal_rhuh_gbm/PKG - RHUH-GBM-nii-v1/RHUH-GBM_nii_v1/RHUH-0024/1/RHUH-0024_1_adc.nii.gz,2875161,477e1d5d842694ab50d1563142a354ac260629a0598f7c293d258208c2a3bff3,ed1489303016f532b4ee808cfab09400,240x240x155,1x1x1,int16,,,match
rhuh,RHUH-0024,1,t1,RHUH-0024_1_t1.nii.gz,longitudinal_rhuh_gbm/PKG - RHUH-GBM-nii-v1/RHUH-GBM_nii_v1/RHUH-0024/1/RHUH-0024_1_t1.nii.gz,longitudinal_rhuh_gbm.tar,longitudinal_rhuh_gbm/PKG - RHUH-GBM-nii-v1/RHUH-GBM_nii_v1/RHUH-0024/1/RHUH-0024_1_t1.nii.gz,6018932,25954298b1ab6f2fac383f717e3bf068a6fa4a9e90c2298500c1dfe3e4139c94,13ce1e0397394a0feffa7869398f06aa,240x240x155,1x1x1,float32,,,match
rhuh,RHUH-0024,1,t2,RHUH-0024_1_t2.nii.gz,longitudinal_rhuh_gbm/PKG - RHUH-GBM-nii-v1/RHUH-GBM_nii_v1/RHUH-0024/1/RHUH-0024_1_t2.nii.gz,longitudinal_rhuh_gbm.tar,longitudinal_rhuh_gbm/PKG - RHUH-GBM-nii-v1/RHUH-GBM_nii_v1/RHUH-0024/1/RHUH-0024_1_t2.nii.gz,5789032,4939efecd20ab09c897a82c83b5a58c81e7c2578ea244e68f78146c0ce4a90bb,b311c5526254c6a7db9e10a863e26897,240x240x155,1x1x1,float32,,,match
rhuh,RHUH-0024,1,flair,RHUH-0024_1_flair.nii.gz,longitudinal_rhuh_gbm/PKG - RHUH-GBM-nii-v1/RHUH-GBM_nii_v1/RHUH-0024/1/RHUH-0024_1_flair.nii.gz,longitudinal_rhuh_gbm.tar,longitudinal_rhuh_gbm/PKG - RHUH-GBM-nii-v1/RHUH-GBM_nii_v1/RHUH-0024/1/RHUH-0024_1_flair.nii.gz,5892312,8e3d0630a34e24eda44c8386c5153cdfa60a1e55a9bb95b3083049f4c1f3267e,bab6144d3c64a3c1a35303e67ccca13d,240x240x155,1x1x1,float32,,,match
rhuh,RHUH-0024,2,adc,RHUH-0024_2_adc.nii.gz,longitudinal_rhuh_gbm/PKG - RHUH-GBM-nii-v1/RHUH-GBM_nii_v1/RHUH-0024/2/RHUH-0024_2_adc.nii.gz,longitudinal_rhuh_gbm.tar,longitudinal_rhuh_gbm/PKG - RHUH-GBM-nii-v1/RHUH-GBM_nii_v1/RHUH-0024/2/RHUH-0024_2_adc.nii.gz,2896726,bd919de4ca8fbc3fa81fc892a39f9b4811f92fe62779589d30e3c5030fbde78e,1d34475fff470dea95254d41a9bc7123,240x240x155,1x1x1,int16,,,match
rhuh,RHUH-0024,2,flair,RHUH-0024_2_flair.nii.gz,longitudinal_rhuh_gbm/PKG - RHUH-GBM-nii-v1/RHUH-GBM_nii_v1/RHUH-0024/2/RHUH-0024_2_flair.nii.gz,longitudinal_rhuh_gbm.tar,longitudinal_rhuh_gbm/PKG - RHUH-GBM-nii-v1/RHUH-GBM_nii_v1/RHUH-0024/2/RHUH-0024_2_flair.nii.gz,6511548,a2ddead36f9dd29bf32d7fb95ae1721a764218f7586a7084768f2108326e460e,6e42ce1061ab103ee0bd3f94fb2fb021,240x240x155,1x1x1,float32,,,match
rhuh,RHUH-0024,2,t1,RHUH-0024_2_t1.nii.gz,longitudinal_rhuh_gbm/PKG - RHUH-GBM-nii-v1/RHUH-GBM_nii_v1/RHUH-0024/2/RHUH-0024_2_t1.nii.gz,longitudinal_rhuh_gbm.tar,longitudinal_rhuh_gbm/PKG - RHUH-GBM-nii-v1/RHUH-GBM_nii_v1/RHUH-0024/2/RHUH-0024_2_t1.nii.gz,6457981,92f4d68baa86820efbfc0b8f7aa888428b69aea23fcbd7b64ca57dc90961095d,adfb81900f2186fcd7b8e61dfef3d1b6,240x240x155,1x1x1,float32,,,match
rhuh,RHUH-0024,2,t1ce,RHUH-0024_2_t1ce.nii.gz,longitudinal_rhuh_gbm/PKG - RHUH-GBM-nii-v1/RHUH-GBM_nii_v1/RHUH-0024/2/RHUH-0024_2_t1ce.nii.gz,longitudinal_rhuh_gbm.tar,longitudinal_rhuh_gbm/PKG - RHUH-GBM-nii-v1/RHUH-GBM_nii_v1/RHUH-0024/2/RHUH-0024_2_t1ce.nii.gz,6410030,3345fe575d3a5148e77c5d5dae99bda440f7533d0aeb7abea1d080ac9aa84bae,9048311a8123162462a2c7cfcf785cb4,240x240x155,1x1x1,float32,,,match
rhuh,RHUH-0024,2,t2,RHUH-0024_2_t2.nii.gz,longitudinal_rhuh_gbm/PKG - RHUH-GBM-nii-v1/RHUH-GBM_nii_v1/RHUH-0024/2/RHUH-0024_2_t2.nii.gz,longitudinal_rhuh_gbm.tar,longitudinal_rhuh_gbm/PKG - RHUH-GBM-nii-v1/RHUH-GBM_nii_v1/RHUH-0024/2/RHUH-0024_2_t2.nii.gz,6484416,993a0aba95e45eb0d469b54eaba0433c747f350620b5cf88b2d6d009a1024124,848a57f85b8e39c13e8f5fb9cb8a877e,240x240x155,1x1x1,float32,,,match
rhuh,RHUH-0024,2,seg,RHUH-0024_2_segmentations.nii.gz,longitudinal_rhuh_gbm/PKG - RHUH-GBM-nii-v1/RHUH-GBM_nii_v1/RHUH-0024/2/RHUH-0024_2_segmentations.nii.gz,longitudinal_rhuh_gbm.tar,longitudinal_rhuh_gbm/PKG - RHUH-GBM-nii-v1/RHUH-GBM_nii_v1/RHUH-0024/2/RHUH-0024_2_segmentations.nii.gz,24003,352e9abbbb7534a30a7b1e6fc472a959181f7d19b89a1c30c0c15503c9183d3b,caff9d0f264627a23be6175158dbdc3e,240x240x155,1x1x1,uint16,"0,1,2,3",,match
rhuh,RHUH-0003,0,flair,RHUH-0003_0_flair.nii.gz,longitudinal_rhuh_gbm/PKG - RHUH-GBM-nii-v1/RHUH-GBM_nii_v1/RHUH-0003/0/RHUH-0003_0_flair.nii.gz,longitudinal_rhuh_gbm.tar,longitudinal_rhuh_gbm/PKG - RHUH-GBM-nii-v1/RHUH-GBM_nii_v1/RHUH-0003/0/RHUH-0003_0_flair.nii.gz,5638786,c570848510b15336258049354aa6497fdd02c7099018b055867df735fe44a544,9a0bd0a227cbf8d0c67b154001e4ab3e,240x240x155,1x1x1,float32,,,match
rhuh,RHUH-0003,0,t2,RHUH-0003_0_t2.nii.gz,longitudinal_rhuh_gbm/PKG - RHUH-GBM-nii-v1/RHUH-GBM_nii_v1/RHUH-0003/0/RHUH-0003_0_t2.nii.gz,longitudinal_rhuh_gbm.tar,longitudinal_rhuh_gbm/PKG - RHUH-GBM-nii-v1/RHUH-GBM_nii_v1/RHUH-0003/0/RHUH-0003_0_t2.nii.gz,5638084,a51e2cd4ad4d65c2bc16b7b2ba40f6171de8527c892ccbbbecc468dc8627636f,d5953e710699a24ec279b9df039efe6f,240x240x155,1x1x1,float32,,,match
rhuh,RHUH-0003,0,seg,RHUH-0003_0_segmentations.nii.gz,longitudinal_rhuh_gbm/PKG - RHUH-GBM-nii-v1/RHUH-GBM_nii_v1/RHUH-0003/0/RHUH-0003_0_segmentations.nii.gz,longitudinal_rhuh_gbm.tar,longitudinal_rhuh_gbm/PKG - RHUH-GBM-nii-v1/RHUH-GBM_nii_v1/RHUH-0003/0/RHUH-0003_0_segmentations.nii.gz,26094,e64f31487fc586825f7569d9f3ad604b07e55d6ab42f13922db43bbeb3911873,7332f4a90e7a7e9f88324d76721de8a0,240x240x155,1x1x1,uint16,"0,1,2,3",,match
rhuh,RHUH-0003,0,adc,RHUH-0003_0_adc.nii.gz,longitudinal_rhuh_gbm/PKG - RHUH-GBM-nii-v1/RHUH-GBM_nii_v1/RHUH-0003/0/RHUH-0003_0_adc.nii.gz,longitudinal_rhuh_gbm.tar,longitudinal_rhuh_gbm/PKG - RHUH-GBM-nii-v1/RHUH-GBM_nii_v1/RHUH-0003/0/RHUH-0003_0_adc.nii.gz,2658895,8db105dbc84d3b53ed7beaf78f51d4ac35a5747aeb970ff43ea376560f9f6040,fba02f555d443da77f1d3513f8a14778,240x240x155,1x1x1,int16,,,match
rhuh,RHUH-0003,0,t1ce,RHUH-0003_0_t1ce.nii.gz,longitudinal_rhuh_gbm/PKG - RHUH-GBM-nii-v1/RHUH-GBM_nii_v1/RHUH-0003/0/RHUH-0003_0_t1ce.nii.gz,longitudinal_rhuh_gbm.tar,longitudinal_rhuh_gbm/PKG - RHUH-GBM-nii-v1/RHUH-GBM_nii_v1/RHUH-0003/0/RHUH-0003_0_t1ce.nii.gz,5663714,0bd168be7ea38e9bb779a9df25f0218eb3ebf949ac3a809b311f476ec26dada9,443b6e0b55146d9ddbb02cd5ef043ed0,240x240x155,1x1x1,float32,,,match
rhuh,RHUH-0003,0,t1,RHUH-0003_0_t1.nii.gz,longitudinal_rhuh_gbm/PKG - RHUH-GBM-nii-v1/RHUH-GBM_nii_v1/RHUH-0003/0/RHUH-0003_0_t1.nii.gz,longitudinal_rhuh_gbm.tar,longitudinal_rhuh_gbm/PKG - RHUH-GBM-nii-v1/RHUH-GBM_nii_v1/RHUH-0003/0/RHUH-0003_0_t1.nii.gz,5629329,20d363bd26ffb015b929d9a1678803dd9d8f7ece495df7c4396529b63cf4a0ec,130b8033d6fd21c58fffcf16cce9f954,240x240x155,1x1x1,float32,,,match
rhuh,RHUH-0003,1,adc,RHUH-0003_1_adc.nii.gz,longitudinal_rhuh_gbm/PKG - RHUH-GBM-nii-v1/RHUH-GBM_nii_v1/RHUH-0003/1/RHUH-0003_1_adc.nii.gz,longitudinal_rhuh_gbm.tar,longitudinal_rhuh_gbm/PKG - RHUH-GBM-nii-v1/RHUH-GBM_nii_v1/RHUH-0003/1/RHUH-0003_1_adc.nii.gz,2653649,e37c4f9de62705a9ee7c4f8086613c50bfb1f7c7a4c81bcc4d931b6345121271,fbc1150879ea4807f61cdde96d82353c,240x240x155,1x1x1,int16,,,match
rhuh,RHUH-0003,1,t1ce,RHUH-0003_1_t1ce.nii.gz,longitudinal_rhuh_gbm/PKG - RHUH-GBM-nii-v1/RHUH-GBM_nii_v1/RHUH-0003/1/RHUH-0003_1_t1ce.nii.gz,longitudinal_rhuh_gbm.tar,longitudinal_rhuh_gbm/PKG - RHUH-GBM-nii-v1/RHUH-GBM_nii_v1/RHUH-0003/1/RHUH-0003_1_t1ce.nii.gz,5760347,2c27186f87dc1174e13234f2ce271dde46c14e9fc51a136fae60b3db15bca048,1a73c31ef217a05a25d96e53df4d3d03,240x240x155,1x1x1,float32,,,match
rhuh,RHUH-0003,1,t1,RHUH-0003_1_t1.nii.gz,longitudinal_rhuh_gbm/PKG - RHUH-GBM-nii-v1/RHUH-GBM_nii_v1/RHUH-0003/1/RHUH-0003_1_t1.nii.gz,longitudinal_rhuh_gbm.tar,longitudinal_rhuh_gbm/PKG - RHUH-GBM-nii-v1/RHUH-GBM_nii_v1/RHUH-0003/1/RHUH-0003_1_t1.nii.gz,5755157,668e0196be28a5ae93496a948fad27e75ac873811d3b856c5ae8606194acdb54,aeb8bd397d3fe918727cb230aff0576e,240x240x155,1x1x1,float32,,,match
rhuh,RHUH-0003,1,flair,RHUH-0003_1_flair.nii.gz,longitudinal_rhuh_gbm/PKG - RHUH-GBM-nii-v1/RHUH-GBM_nii_v1/RHUH-0003/1/RHUH-0003_1_flair.nii.gz,longitudinal_rhuh_gbm.tar,longitudinal_rhuh_gbm/PKG - RHUH-GBM-nii-v1/RHUH-GBM_nii_v1/RHUH-0003/1/RHUH-0003_1_flair.nii.gz,5787087,238ea0139dc85fb3d75eb10e95891275e9026f2ec424f663d340813131d845b0,644d93668f908899ee6d8ba8fbb26c43,240x240x155,1x1x1,float32,,,match
rhuh,RHUH-0003,1,seg,RHUH-0003_1_segmentations.nii.gz,longitudinal_rhuh_gbm/PKG - RHUH-GBM-nii-v1/RHUH-GBM_nii_v1/RHUH-0003/1/RHUH-0003_1_segmentations.nii.gz,longitudinal_rhuh_gbm.tar,longitudinal_rhuh_gbm/PKG - RHUH-GBM-nii-v1/RHUH-GBM_nii_v1/RHUH-0003/1/RHUH-0003_1_segmentations.nii.gz,17866,10d93563924aa061c9715ba89ccf72b8cd4eff0d6dcef2827016d8de143d9134,540db17d223d937e3469ebbf417955cd,240x240x155,1x1x1,uint16,"0,2",,match
rhuh,RHUH-0003,1,t2,RHUH-0003_1_t2.nii.gz,longitudinal_rhuh_gbm/PKG - RHUH-GBM-nii-v1/RHUH-GBM_nii_v1/RHUH-0003/1/RHUH-0003_1_t2.nii.gz,longitudinal_rhuh_gbm.tar,longitudinal_rhuh_gbm/PKG - RHUH-GBM-nii-v1/RHUH-GBM_nii_v1/RHUH-0003/1/RHUH-0003_1_t2.nii.gz,5677073,99b5d04ca8915b62de2bb5c042d5d2b727b2f1c85ec87cb802bcbde2efcd7000,aadbba624ac7a0431a1e9b8cb9bd353c,240x240x155,1x1x1,float32,,,match
rhuh,RHUH-0003,2,seg,RHUH-0003_2_segmentations.nii.gz,longitudinal_rhuh_gbm/PKG - RHUH-GBM-nii-v1/RHUH-GBM_nii_v1/RHUH-0003/2/RHUH-0003_2_segmentations.nii.gz,longitudinal_rhuh_gbm.tar,longitudinal_rhuh_gbm/PKG - RHUH-GBM-nii-v1/RHUH-GBM_nii_v1/RHUH-0003/2/RHUH-0003_2_segmentations.nii.gz,26128,aac970f0f354efc17c2afe59382e57e3d5a3481344b551eac779e8270317a039,452ffff7db07886ca0e26fe770f1a8dd,240x240x155,1x1x1,uint16,"0,1,2,3",,match
rhuh,RHUH-0003,2,flair,RHUH-0003_2_flair.nii.gz,longitudinal_rhuh_gbm/PKG - RHUH-GBM-nii-v1/RHUH-GBM_nii_v1/RHUH-0003/2/RHUH-0003_2_flair.nii.gz,longitudinal_rhuh_gbm.tar,longitudinal_rhuh_gbm/PKG - RHUH-GBM-nii-v1/RHUH-GBM_nii_v1/RHUH-0003/2/RHUH-0003_2_flair.nii.gz,5660146,0564ad3e90cf2aaa2dc790fbdcac89b8d89d6fe87b84dbd043d0e42f051567a9,d107831d51fe509b4be0dcc44dd5f126,240x240x155,1x1x1,float32,,,match
rhuh,RHUH-0003,2,t1,RHUH-0003_2_t1.nii.gz,longitudinal_rhuh_gbm/PKG - RHUH-GBM-nii-v1/RHUH-GBM_nii_v1/RHUH-0003/2/RHUH-0003_2_t1.nii.gz,longitudinal_rhuh_gbm.tar,longitudinal_rhuh_gbm/PKG - RHUH-GBM-nii-v1/RHUH-GBM_nii_v1/RHUH-0003/2/RHUH-0003_2_t1.nii.gz,5654585,01a23367bf2b4ff1f36568962a12822bafaf6f8cfb2edcd9a5dcf2c4f6900412,80e343b1c1d4792e16e0ed25fef1c7d1,240x240x155,1x1x1,float32,,,match
rhuh,RHUH-0003,2,t1ce,RHUH-0003_2_t1ce.nii.gz,longitudinal_rhuh_gbm/PKG - RHUH-GBM-nii-v1/RHUH-GBM_nii_v1/RHUH-0003/2/RHUH-0003_2_t1ce.nii.gz,longitudinal_rhuh_gbm.tar,longitudinal_rhuh_gbm/PKG - RHUH-GBM-nii-v1/RHUH-GBM_nii_v1/RHUH-0003/2/RHUH-0003_2_t1ce.nii.gz,5634685,f1a40663ed17e65959f2d749165f3a4989996757f172205c1b9227ea1ccb40ab,ac0b8cc2b92175619f97681d76062613,240x240x155,1x1x1,float32,,,match
rhuh,RHUH-0003,2,adc,RHUH-0003_2_adc.nii.gz,longitudinal_rhuh_gbm/PKG - RHUH-GBM-nii-v1/RHUH-GBM_nii_v1/RHUH-0003/2/RHUH-0003_2_adc.nii.gz,longitudinal_rhuh_gbm.tar,longitudinal_rhuh_gbm/PKG - RHUH-GBM-nii-v1/RHUH-GBM_nii_v1/RHUH-0003/2/RHUH-0003_2_adc.nii.gz,2745139,d5694780e245a963d4b22c9b0d1028b1b8abca9db381aadaef5ccaf98eb8e4ed,bc2707e2db80d64344736a21568ee83b,240x240x155,1x1x1,int16,,,match
rhuh,RHUH-0003,2,t2,RHUH-0003_2_t2.nii.gz,longitudinal_rhuh_gbm/PKG - RHUH-GBM-nii-v1/RHUH-GBM_nii_v1/RHUH-0003/2/RHUH-0003_2_t2.nii.gz,longitudinal_rhuh_gbm.tar,longitudinal_rhuh_gbm/PKG - RHUH-GBM-nii-v1/RHUH-GBM_nii_v1/RHUH-0003/2/RHUH-0003_2_t2.nii.gz,5631955,5f7f1e7c41883c036842c3ca7e734a3904422d6ed0348e96a8900d5e53fa08a0,555a53a7fbeecc79da99189ae8e795ae,240x240x155,1x1x1,float32,,,match
rhuh,RHUH-0020,0,t1ce,RHUH-0020_0_t1ce.nii.gz,longitudinal_rhuh_gbm/PKG - RHUH-GBM-nii-v1/RHUH-GBM_nii_v1/RHUH-0020/0/RHUH-0020_0_t1ce.nii.gz,longitudinal_rhuh_gbm.tar,longitudinal_rhuh_gbm/PKG - RHUH-GBM-nii-v1/RHUH-GBM_nii_v1/RHUH-0020/0/RHUH-0020_0_t1ce.nii.gz,6139513,de2fcc0fdafbd50fe37133a97c0098821b78fd5b418e5be5624a22987ddad64a,ed8faa6d469cee8e4624b5afeff8d0d5,240x240x155,1x1x1,float32,,,match
rhuh,RHUH-0020,0,seg,RHUH-0020_0_segmentations.nii.gz,longitudinal_rhuh_gbm/PKG - RHUH-GBM-nii-v1/RHUH-GBM_nii_v1/RHUH-0020/0/RHUH-0020_0_segmentations.nii.gz,longitudinal_rhuh_gbm.tar,longitudinal_rhuh_gbm/PKG - RHUH-GBM-nii-v1/RHUH-GBM_nii_v1/RHUH-0020/0/RHUH-0020_0_segmentations.nii.gz,44082,99ed3522ca66f75a212701a068f2cc8ff43436bfadffaece73a6ca4e07f37415,120631eba2b6066032ac3248c6b639bc,240x240x155,1x1x1,uint16,"0,1,2,3",,match
rhuh,RHUH-0020,0,t1,RHUH-0020_0_t1.nii.gz,longitudinal_rhuh_gbm/PKG - RHUH-GBM-nii-v1/RHUH-GBM_nii_v1/RHUH-0020/0/RHUH-0020_0_t1.nii.gz,longitudinal_rhuh_gbm.tar,longitudinal_rhuh_gbm/PKG - RHUH-GBM-nii-v1/RHUH-GBM_nii_v1/RHUH-0020/0/RHUH-0020_0_t1.nii.gz,6152224,a6688f898d395b59f84fa82b56ae6cf9743b4b26aa633b984b24ae9091ab5394,1c95caadbf6df9ba3d52542a92d44e02,240x240x155,1x1x1,float32,,,match
rhuh,RHUH-0020,0,adc,RHUH-0020_0_adc.nii.gz,longitudinal_rhuh_gbm/PKG - RHUH-GBM-nii-v1/RHUH-GBM_nii_v1/RHUH-0020/0/RHUH-0020_0_adc.nii.gz,longitudinal_rhuh_gbm.tar,longitudinal_rhuh_gbm/PKG - RHUH-GBM-nii-v1/RHUH-GBM_nii_v1/RHUH-0020/0/RHUH-0020_0_adc.nii.gz,2728576,76f7906f58387063eb83bbe82cb358df5bef319aa75a13168b5f7fede7228f59,0103d5919af793a31e54931a6ce0e82e,240x240x155,1x1x1,int16,,,match
rhuh,RHUH-0020,0,t2,RHUH-0020_0_t2.nii.gz,longitudinal_rhuh_gbm/PKG - RHUH-GBM-nii-v1/RHUH-GBM_nii_v1/RHUH-0020/0/RHUH-0020_0_t2.nii.gz,longitudinal_rhuh_gbm.tar,longitudinal_rhuh_gbm/PKG - RHUH-GBM-nii-v1/RHUH-GBM_nii_v1/RHUH-0020/0/RHUH-0020_0_t2.nii.gz,6145786,0a0d10ab576d60548099b03cac55d5ea8e1cc8a4c59c53529c54046bcf9d497d,fc8852460a6ce10c79f10cbe5db7977d,240x240x155,1x1x1,float32,,,match
rhuh,RHUH-0020,0,flair,RHUH-0020_0_flair.nii.gz,longitudinal_rhuh_gbm/PKG - RHUH-GBM-nii-v1/RHUH-GBM_nii_v1/RHUH-0020/0/RHUH-0020_0_flair.nii.gz,longitudinal_rhuh_gbm.tar,longitudinal_rhuh_gbm/PKG - RHUH-GBM-nii-v1/RHUH-GBM_nii_v1/RHUH-0020/0/RHUH-0020_0_flair.nii.gz,6176472,15ff2d8697a7318389b4ffc82398b11718ebec10d318ff10fae515ab81a0d2f0,e8a84b46cc1a385824e95a7347617691,240x240x155,1x1x1,float32,,,match
rhuh,RHUH-0020,1,adc,RHUH-0020_1_adc.nii.gz,longitudinal_rhuh_gbm/PKG - RHUH-GBM-nii-v1/RHUH-GBM_nii_v1/RHUH-0020/1/RHUH-0020_1_adc.nii.gz,longitudinal_rhuh_gbm.tar,longitudinal_rhuh_gbm/PKG - RHUH-GBM-nii-v1/RHUH-GBM_nii_v1/RHUH-0020/1/RHUH-0020_1_adc.nii.gz,2674481,477f0dc7da6d2fa96e7875d83d8af7280bc3fee648f2c2869850585eb94bd1a8,8572c68ddb4e157a44bf197600a41db3,240x240x155,1x1x1,int16,,,match
rhuh,RHUH-0020,1,seg,RHUH-0020_1_segmentations.nii.gz,longitudinal_rhuh_gbm/PKG - RHUH-GBM-nii-v1/RHUH-GBM_nii_v1/RHUH-0020/1/RHUH-0020_1_segmentations.nii.gz,longitudinal_rhuh_gbm.tar,longitudinal_rhuh_gbm/PKG - RHUH-GBM-nii-v1/RHUH-GBM_nii_v1/RHUH-0020/1/RHUH-0020_1_segmentations.nii.gz,25317,28ee80a06786d7aabc56b3de0821ac9f851498bf3a178bbdc851eac919bf6844,84029802a5bc1e7e2af2f2a49153d816,240x240x155,1x1x1,uint16,"0,2",,match
rhuh,RHUH-0020,1,t2,RHUH-0020_1_t2.nii.gz,longitudinal_rhuh_gbm/PKG - RHUH-GBM-nii-v1/RHUH-GBM_nii_v1/RHUH-0020/1/RHUH-0020_1_t2.nii.gz,longitudinal_rhuh_gbm.tar,longitudinal_rhuh_gbm/PKG - RHUH-GBM-nii-v1/RHUH-GBM_nii_v1/RHUH-0020/1/RHUH-0020_1_t2.nii.gz,6022489,d2abeb08300635a50cc2dfaeb576d3ca562af898189ba85aa046a9bdbce48d6e,e8bb99743029dd592a2ba8e04e2af364,240x240x155,1x1x1,float32,,,match
rhuh,RHUH-0020,1,t1,RHUH-0020_1_t1.nii.gz,longitudinal_rhuh_gbm/PKG - RHUH-GBM-nii-v1/RHUH-GBM_nii_v1/RHUH-0020/1/RHUH-0020_1_t1.nii.gz,longitudinal_rhuh_gbm.tar,longitudinal_rhuh_gbm/PKG - RHUH-GBM-nii-v1/RHUH-GBM_nii_v1/RHUH-0020/1/RHUH-0020_1_t1.nii.gz,6009081,99b9e5b012c605309612edd50c81adfb7a636b974013aeaf9caedb64b93830e2,a008d5839baa2df667f25b782118ed03,240x240x155,1x1x1,float32,,,match
rhuh,RHUH-0020,1,t1ce,RHUH-0020_1_t1ce.nii.gz,longitudinal_rhuh_gbm/PKG - RHUH-GBM-nii-v1/RHUH-GBM_nii_v1/RHUH-0020/1/RHUH-0020_1_t1ce.nii.gz,longitudinal_rhuh_gbm.tar,longitudinal_rhuh_gbm/PKG - RHUH-GBM-nii-v1/RHUH-GBM_nii_v1/RHUH-0020/1/RHUH-0020_1_t1ce.nii.gz,6077283,b3f61ead169fb05f2966ec2bc1adff513d828d8362108ea15f9aab647116a96e,03190caca8cb0f0840a0c49eafc7acc0,240x240x155,1x1x1,float32,,,match
rhuh,RHUH-0020,1,flair,RHUH-0020_1_flair.nii.gz,longitudinal_rhuh_gbm/PKG - RHUH-GBM-nii-v1/RHUH-GBM_nii_v1/RHUH-0020/1/RHUH-0020_1_flair.nii.gz,longitudinal_rhuh_gbm.tar,longitudinal_rhuh_gbm/PKG - RHUH-GBM-nii-v1/RHUH-GBM_nii_v1/RHUH-0020/1/RHUH-0020_1_flair.nii.gz,6171638,36428ec062b965d269a5cac3831ee17b094726aeea29aada915e29d6e46d759f,6a86280197d5cc3ddd30dd46f4fbe890,240x240x155,1x1x1,float32,,,match
rhuh,RHUH-0020,2,t1ce,RHUH-0020_2_t1ce.nii.gz,longitudinal_rhuh_gbm/PKG - RHUH-GBM-nii-v1/RHUH-GBM_nii_v1/RHUH-0020/2/RHUH-0020_2_t1ce.nii.gz,longitudinal_rhuh_gbm.tar,longitudinal_rhuh_gbm/PKG - RHUH-GBM-nii-v1/RHUH-GBM_nii_v1/RHUH-0020/2/RHUH-0020_2_t1ce.nii.gz,6115338,59efcc857bfb002ada2d2264caac7ae33ce3267ea3a70dd5fc46434aaf37f070,abc99773644cca54882cc6f2bc9b4d60,240x240x155,1x1x1,float32,,,match
rhuh,RHUH-0020,2,adc,RHUH-0020_2_adc.nii.gz,longitudinal_rhuh_gbm/PKG - RHUH-GBM-nii-v1/RHUH-GBM_nii_v1/RHUH-0020/2/RHUH-0020_2_adc.nii.gz,longitudinal_rhuh_gbm.tar,longitudinal_rhuh_gbm/PKG - RHUH-GBM-nii-v1/RHUH-GBM_nii_v1/RHUH-0020/2/RHUH-0020_2_adc.nii.gz,2907483,14f85fb7ca7317f24e38f7472041ddb253f4355c3b1e8657303f5906904b431c,432793c64186cbc284e9edbb191bbb25,240x240x155,1x1x1,int16,,,match
rhuh,RHUH-0020,2,t2,RHUH-0020_2_t2.nii.gz,longitudinal_rhuh_gbm/PKG - RHUH-GBM-nii-v1/RHUH-GBM_nii_v1/RHUH-0020/2/RHUH-0020_2_t2.nii.gz,longitudinal_rhuh_gbm.tar,longitudinal_rhuh_gbm/PKG - RHUH-GBM-nii-v1/RHUH-GBM_nii_v1/RHUH-0020/2/RHUH-0020_2_t2.nii.gz,6015844,a56b62de2eb03e1284a51d04fe1dd01a21f113eb0242564ee31a1e720aff3ce8,f08b28f88627c461f89c049e01bb06a1,240x240x155,1x1x1,float32,,,match
rhuh,RHUH-0020,2,flair,RHUH-0020_2_flair.nii.gz,longitudinal_rhuh_gbm/PKG - RHUH-GBM-nii-v1/RHUH-GBM_nii_v1/RHUH-0020/2/RHUH-0020_2_flair.nii.gz,longitudinal_rhuh_gbm.tar,longitudinal_rhuh_gbm/PKG - RHUH-GBM-nii-v1/RHUH-GBM_nii_v1/RHUH-0020/2/RHUH-0020_2_flair.nii.gz,6050861,1b3bf9e62b1db0266c00f2f04ad2e20c633b2a4decb38db047b27e5ea8932f36,93d5cef4a0e0aa800913d8c2e3d1b360,240x240x155,1x1x1,float32,,,match
rhuh,RHUH-0020,2,t1,RHUH-0020_2_t1.nii.gz,longitudinal_rhuh_gbm/PKG - RHUH-GBM-nii-v1/RHUH-GBM_nii_v1/RHUH-0020/2/RHUH-0020_2_t1.nii.gz,longitudinal_rhuh_gbm.tar,longitudinal_rhuh_gbm/PKG - RHUH-GBM-nii-v1/RHUH-GBM_nii_v1/RHUH-0020/2/RHUH-0020_2_t1.nii.gz,6059615,74b1e33db2853eb2b0b24d1ab3130642c19f698f6404113254365e58bea8a818,6baf95c5e1e42856abfae83a0615dbd2,240x240x155,1x1x1,float32,,,match
rhuh,RHUH-0020,2,seg,RHUH-0020_2_segmentations.nii.gz,longitudinal_rhuh_gbm/PKG - RHUH-GBM-nii-v1/RHUH-GBM_nii_v1/RHUH-0020/2/RHUH-0020_2_segmentations.nii.gz,longitudinal_rhuh_gbm.tar,longitudinal_rhuh_gbm/PKG - RHUH-GBM-nii-v1/RHUH-GBM_nii_v1/RHUH-0020/2/RHUH-0020_2_segmentations.nii.gz,26751,6c0611239b435b6d7676599bc9856f8fc0bdcd7ab3392e2880b7ec703625afa1,b74db7ee8f52db98e48456705885d407,240x240x155,1x1x1,uint16,"0,1,2,3",,match
rhuh,RHUH-0039,0,flair,RHUH-0039_0_flair.nii.gz,longitudinal_rhuh_gbm/PKG - RHUH-GBM-nii-v1/RHUH-GBM_nii_v1/RHUH-0039/0/RHUH-0039_0_flair.nii.gz,longitudinal_rhuh_gbm.tar,longitudinal_rhuh_gbm/PKG - RHUH-GBM-nii-v1/RHUH-GBM_nii_v1/RHUH-0039/0/RHUH-0039_0_flair.nii.gz,5215795,33441f2224722b0f5a818d0bdfddab2f46e71a5d3cf8fb04a97559703eebfecb,969fa644cefa4feefe842702dc178da6,240x240x155,1x1x1,float32,,,match
rhuh,RHUH-0039,0,adc,RHUH-0039_0_adc.nii.gz,longitudinal_rhuh_gbm/PKG - RHUH-GBM-nii-v1/RHUH-GBM_nii_v1/RHUH-0039/0/RHUH-0039_0_adc.nii.gz,longitudinal_rhuh_gbm.tar,longitudinal_rhuh_gbm/PKG - RHUH-GBM-nii-v1/RHUH-GBM_nii_v1/RHUH-0039/0/RHUH-0039_0_adc.nii.gz,2487711,4668d0ba87fb4aa57c2d0a8a7de68cf864eb2444586fcaad2d1cf8590a1ceb30,d40b428cd47eaacc49a83070fd5ae01d,240x240x155,1x1x1,int16,,,match
rhuh,RHUH-0039,0,t2,RHUH-0039_0_t2.nii.gz,longitudinal_rhuh_gbm/PKG - RHUH-GBM-nii-v1/RHUH-GBM_nii_v1/RHUH-0039/0/RHUH-0039_0_t2.nii.gz,longitudinal_rhuh_gbm.tar,longitudinal_rhuh_gbm/PKG - RHUH-GBM-nii-v1/RHUH-GBM_nii_v1/RHUH-0039/0/RHUH-0039_0_t2.nii.gz,5237086,7769ee0b3fe70f198058cf738be5322fd63c3b9dd7e21ab442eb5d77b0893dca,a1340d663dc9a5f31c3d25f9c0c3fc66,240x240x155,1x1x1,float32,,,match
rhuh,RHUH-0039,0,seg,RHUH-0039_0_segmentations.nii.gz,longitudinal_rhuh_gbm/PKG - RHUH-GBM-nii-v1/RHUH-GBM_nii_v1/RHUH-0039/0/RHUH-0039_0_segmentations.nii.gz,longitudinal_rhuh_gbm.tar,longitudinal_rhuh_gbm/PKG - RHUH-GBM-nii-v1/RHUH-GBM_nii_v1/RHUH-0039/0/RHUH-0039_0_segmentations.nii.gz,41007,5390af54654ee5fca2afd4b5b3295e75222a4bdb9d91a5da8d7c6bc8400a7199,1438821f0dfadd1f3abc7c5531657532,240x240x155,1x1x1,uint16,"0,1,2,3",,match
rhuh,RHUH-0039,0,t1ce,RHUH-0039_0_t1ce.nii.gz,longitudinal_rhuh_gbm/PKG - RHUH-GBM-nii-v1/RHUH-GBM_nii_v1/RHUH-0039/0/RHUH-0039_0_t1ce.nii.gz,longitudinal_rhuh_gbm.tar,longitudinal_rhuh_gbm/PKG - RHUH-GBM-nii-v1/RHUH-GBM_nii_v1/RHUH-0039/0/RHUH-0039_0_t1ce.nii.gz,5237500,0bc94e3db41ea7a17f37cb0c6f4e5c1cb2106c85355ae9f05de1d52b77a61235,343c5a2167b9c3e835227213f1ba6c68,240x240x155,1x1x1,float32,,,match
rhuh,RHUH-0039,0,t1,RHUH-0039_0_t1.nii.gz,longitudinal_rhuh_gbm/PKG - RHUH-GBM-nii-v1/RHUH-GBM_nii_v1/RHUH-0039/0/RHUH-0039_0_t1.nii.gz,longitudinal_rhuh_gbm.tar,longitudinal_rhuh_gbm/PKG - RHUH-GBM-nii-v1/RHUH-GBM_nii_v1/RHUH-0039/0/RHUH-0039_0_t1.nii.gz,5160249,9b9e95bec10d20ffb55bc0f3f750532b0a881b2d4c44ae36f981eda402709a98,a52249a81daa3c59e13219ac150b3306,240x240x155,1x1x1,float32,,,match
rhuh,RHUH-0039,1,t1ce,RHUH-0039_1_t1ce.nii.gz,longitudinal_rhuh_gbm/PKG - RHUH-GBM-nii-v1/RHUH-GBM_nii_v1/RHUH-0039/1/RHUH-0039_1_t1ce.nii.gz,longitudinal_rhuh_gbm.tar,longitudinal_rhuh_gbm/PKG - RHUH-GBM-nii-v1/RHUH-GBM_nii_v1/RHUH-0039/1/RHUH-0039_1_t1ce.nii.gz,5168198,ed17bc568ea04600174d0df7bb5a9b78814c1a4fff63a9c8072ea655a1dfd0d6,5a26f7a7765c94c0721da02586fb23ed,240x240x155,1x1x1,float32,,,match
rhuh,RHUH-0039,1,t2,RHUH-0039_1_t2.nii.gz,longitudinal_rhuh_gbm/PKG - RHUH-GBM-nii-v1/RHUH-GBM_nii_v1/RHUH-0039/1/RHUH-0039_1_t2.nii.gz,longitudinal_rhuh_gbm.tar,longitudinal_rhuh_gbm/PKG - RHUH-GBM-nii-v1/RHUH-GBM_nii_v1/RHUH-0039/1/RHUH-0039_1_t2.nii.gz,5096026,e706283d65e23142fcd20334c41686ba2775496beb06dc9ff46599caa9e522b2,b55254d9d3dccff9a03848a331fb75fe,240x240x155,1x1x1,float32,,,match
rhuh,RHUH-0039,1,adc,RHUH-0039_1_adc.nii.gz,longitudinal_rhuh_gbm/PKG - RHUH-GBM-nii-v1/RHUH-GBM_nii_v1/RHUH-0039/1/RHUH-0039_1_adc.nii.gz,longitudinal_rhuh_gbm.tar,longitudinal_rhuh_gbm/PKG - RHUH-GBM-nii-v1/RHUH-GBM_nii_v1/RHUH-0039/1/RHUH-0039_1_adc.nii.gz,2419472,36075844bf20c2111129cc6e68d8aee6fee6b3a8c14789c5450cd4b559000156,c82a668689413ef581a5c04b04cb188f,240x240x155,1x1x1,int16,,,match
rhuh,RHUH-0039,1,t1,RHUH-0039_1_t1.nii.gz,longitudinal_rhuh_gbm/PKG - RHUH-GBM-nii-v1/RHUH-GBM_nii_v1/RHUH-0039/1/RHUH-0039_1_t1.nii.gz,longitudinal_rhuh_gbm.tar,longitudinal_rhuh_gbm/PKG - RHUH-GBM-nii-v1/RHUH-GBM_nii_v1/RHUH-0039/1/RHUH-0039_1_t1.nii.gz,5163600,10f358016edc2881dd9933a2f8a1643d2f66d65902ba7b278f811662b591e25b,6220c6b3fa6084853f7eb1a52906c17e,240x240x155,1x1x1,float32,,,match
rhuh,RHUH-0039,1,seg,RHUH-0039_1_segmentations.nii.gz,longitudinal_rhuh_gbm/PKG - RHUH-GBM-nii-v1/RHUH-GBM_nii_v1/RHUH-0039/1/RHUH-0039_1_segmentations.nii.gz,longitudinal_rhuh_gbm.tar,longitudinal_rhuh_gbm/PKG - RHUH-GBM-nii-v1/RHUH-GBM_nii_v1/RHUH-0039/1/RHUH-0039_1_segmentations.nii.gz,30192,201566cc2db5866dcffb16c3ce69d5a5735ff84a230de7a5dbceaad36ba3ff1a,3d137a1f8631fdaff4cdd5fba9290fec,240x240x155,1x1x1,uint16,"0,2",,match
rhuh,RHUH-0039,1,flair,RHUH-0039_1_flair.nii.gz,longitudinal_rhuh_gbm/PKG - RHUH-GBM-nii-v1/RHUH-GBM_nii_v1/RHUH-0039/1/RHUH-0039_1_flair.nii.gz,longitudinal_rhuh_gbm.tar,longitudinal_rhuh_gbm/PKG - RHUH-GBM-nii-v1/RHUH-GBM_nii_v1/RHUH-0039/1/RHUH-0039_1_flair.nii.gz,5200185,a96ff9315d3f03cd40b8c4126973d14c7f31030634c9b64a5cf1832034b82f50,0c4915d5a1eb12d0a5d6fb6a286a7c21,240x240x155,1x1x1,float32,,,match
rhuh,RHUH-0039,2,t2,RHUH-0039_2_t2.nii.gz,longitudinal_rhuh_gbm/PKG - RHUH-GBM-nii-v1/RHUH-GBM_nii_v1/RHUH-0039/2/RHUH-0039_2_t2.nii.gz,longitudinal_rhuh_gbm.tar,longitudinal_rhuh_gbm/PKG - RHUH-GBM-nii-v1/RHUH-GBM_nii_v1/RHUH-0039/2/RHUH-0039_2_t2.nii.gz,5245373,87439353a6037bfc54e729238fd17fca0a860149378a6a7f205170763d122273,eacfcc9eda68988482019bb26e216b1b,240x240x155,1x1x1,float32,,,match
rhuh,RHUH-0039,2,adc,RHUH-0039_2_adc.nii.gz,longitudinal_rhuh_gbm/PKG - RHUH-GBM-nii-v1/RHUH-GBM_nii_v1/RHUH-0039/2/RHUH-0039_2_adc.nii.gz,longitudinal_rhuh_gbm.tar,longitudinal_rhuh_gbm/PKG - RHUH-GBM-nii-v1/RHUH-GBM_nii_v1/RHUH-0039/2/RHUH-0039_2_adc.nii.gz,6626483,c6dc516607d58031db18593487d66744fcb8ab5b8b13d2599b947939d3a54fee,d330eb8cbc9b4b55e93be74f63402091,240x240x155,1x1x1,float64,,,match
rhuh,RHUH-0039,2,t1,RHUH-0039_2_t1.nii.gz,longitudinal_rhuh_gbm/PKG - RHUH-GBM-nii-v1/RHUH-GBM_nii_v1/RHUH-0039/2/RHUH-0039_2_t1.nii.gz,longitudinal_rhuh_gbm.tar,longitudinal_rhuh_gbm/PKG - RHUH-GBM-nii-v1/RHUH-GBM_nii_v1/RHUH-0039/2/RHUH-0039_2_t1.nii.gz,5249080,6ec222447f88e79e4cbcc43ac33bef38cdeb149cfd88ce93848f3a395479c4c1,4090dfd9785921e4ab0e4e72d019e176,240x240x155,1x1x1,float32,,,match
rhuh,RHUH-0039,2,seg,RHUH-0039_2_segmentations.nii.gz,longitudinal_rhuh_gbm/PKG - RHUH-GBM-nii-v1/RHUH-GBM_nii_v1/RHUH-0039/2/RHUH-0039_2_segmentations.nii.gz,longitudinal_rhuh_gbm.tar,longitudinal_rhuh_gbm/PKG - RHUH-GBM-nii-v1/RHUH-GBM_nii_v1/RHUH-0039/2/RHUH-0039_2_segmentations.nii.gz,56805,b83c47f588ae2bfda16cd85d8a3368f707c5a4ae9e23e3818849552ea5b8958b,8766f4a143d5b5baf09e5985b2358ed7,240x240x155,1x1x1,uint16,"0,1,2,3",,match
rhuh,RHUH-0039,2,flair,RHUH-0039_2_flair.nii.gz,longitudinal_rhuh_gbm/PKG - RHUH-GBM-nii-v1/RHUH-GBM_nii_v1/RHUH-0039/2/RHUH-0039_2_flair.nii.gz,longitudinal_rhuh_gbm.tar,longitudinal_rhuh_gbm/PKG - RHUH-GBM-nii-v1/RHUH-GBM_nii_v1/RHUH-0039/2/RHUH-0039_2_flair.nii.gz,5292254,3c3770669ad3f1f49a413d39e3ed99ef9f41acc3263bdd59b4c056cbe2a540af,3ddd4b733b03c4cae13a5daa7e47dd03,240x240x155,1x1x1,float32,,,match
rhuh,RHUH-0039,2,t1ce,RHUH-0039_2_t1ce.nii.gz,longitudinal_rhuh_gbm/PKG - RHUH-GBM-nii-v1/RHUH-GBM_nii_v1/RHUH-0039/2/RHUH-0039_2_t1ce.nii.gz,longitudinal_rhuh_gbm.tar,longitudinal_rhuh_gbm/PKG - RHUH-GBM-nii-v1/RHUH-GBM_nii_v1/RHUH-0039/2/RHUH-0039_2_t1ce.nii.gz,5217222,e8a1084105e1f8f6336aa4079fca5b4a444b40dcece07d4823ddf5f32884661f,b8aa5aa0a5882300e49cd1e584cf4fdb,240x240x155,1x1x1,float32,,,match
rhuh,RHUH-0027,0,t2,RHUH-0027_0_t2.nii.gz,longitudinal_rhuh_gbm/PKG - RHUH-GBM-nii-v1/RHUH-GBM_nii_v1/RHUH-0027/0/RHUH-0027_0_t2.nii.gz,longitudinal_rhuh_gbm.tar,longitudinal_rhuh_gbm/PKG - RHUH-GBM-nii-v1/RHUH-GBM_nii_v1/RHUH-0027/0/RHUH-0027_0_t2.nii.gz,5282285,b8edc99567c74ee91299256450855506b499184de66a878acebee29f9acdaf7b,737ab0bfad56c06863ffaf657dc7adf8,240x240x155,1x1x1,float32,,,match
rhuh,RHUH-0027,0,adc,RHUH-0027_0_adc.nii.gz,longitudinal_rhuh_gbm/PKG - RHUH-GBM-nii-v1/RHUH-GBM_nii_v1/RHUH-0027/0/RHUH-0027_0_adc.nii.gz,longitudinal_rhuh_gbm.tar,longitudinal_rhuh_gbm/PKG - RHUH-GBM-nii-v1/RHUH-GBM_nii_v1/RHUH-0027/0/RHUH-0027_0_adc.nii.gz,6717054,383b064b19f037b5d985fb49675cab69896f39790d61a608b35d2cc21f760609,5f9bd1e87756337b69639dd536f9bc3a,240x240x155,1x1x1,float64,,,match
rhuh,RHUH-0027,0,flair,RHUH-0027_0_flair.nii.gz,longitudinal_rhuh_gbm/PKG - RHUH-GBM-nii-v1/RHUH-GBM_nii_v1/RHUH-0027/0/RHUH-0027_0_flair.nii.gz,longitudinal_rhuh_gbm.tar,longitudinal_rhuh_gbm/PKG - RHUH-GBM-nii-v1/RHUH-GBM_nii_v1/RHUH-0027/0/RHUH-0027_0_flair.nii.gz,5257056,342a134ad9ed46f7e7bc5ac3a4122812f14c2276624fa351a340caffa5625438,3343bd3748f3ad3b40dff8f33538ecfa,240x240x155,1x1x1,float32,,,match
rhuh,RHUH-0027,0,t1,RHUH-0027_0_t1.nii.gz,longitudinal_rhuh_gbm/PKG - RHUH-GBM-nii-v1/RHUH-GBM_nii_v1/RHUH-0027/0/RHUH-0027_0_t1.nii.gz,longitudinal_rhuh_gbm.tar,longitudinal_rhuh_gbm/PKG - RHUH-GBM-nii-v1/RHUH-GBM_nii_v1/RHUH-0027/0/RHUH-0027_0_t1.nii.gz,4772294,f868066f80afd335fdee3f9e7c451e9a1be9d4c70068def46a2fc076b5331818,4bcf3634cdc933f50862a100025cb002,240x240x155,1x1x1,float32,,,match
rhuh,RHUH-0027,0,seg,RHUH-0027_0_segmentations.nii.gz,longitudinal_rhuh_gbm/PKG - RHUH-GBM-nii-v1/RHUH-GBM_nii_v1/RHUH-0027/0/RHUH-0027_0_segmentations.nii.gz,longitudinal_rhuh_gbm.tar,longitudinal_rhuh_gbm/PKG - RHUH-GBM-nii-v1/RHUH-GBM_nii_v1/RHUH-0027/0/RHUH-0027_0_segmentations.nii.gz,41220,0cda50effe5f820f46df95ed8c80d3018f79091c2f78beddf166378d1e780d64,eb037136b9e00e4d5651983e66fdb467,240x240x155,1x1x1,uint16,"0,1,2,3",,match
rhuh,RHUH-0027,0,t1ce,RHUH-0027_0_t1ce.nii.gz,longitudinal_rhuh_gbm/PKG - RHUH-GBM-nii-v1/RHUH-GBM_nii_v1/RHUH-0027/0/RHUH-0027_0_t1ce.nii.gz,longitudinal_rhuh_gbm.tar,longitudinal_rhuh_gbm/PKG - RHUH-GBM-nii-v1/RHUH-GBM_nii_v1/RHUH-0027/0/RHUH-0027_0_t1ce.nii.gz,5194751,5b3d052ebf2b7b24228b6bcc59662b4b2479b0b17f989677fc4749228f9455d0,22d8bec582c3c03669de3c4f3e1949ed,240x240x155,1x1x1,float32,,,match
rhuh,RHUH-0027,1,t2,RHUH-0027_1_t2.nii.gz,longitudinal_rhuh_gbm/PKG - RHUH-GBM-nii-v1/RHUH-GBM_nii_v1/RHUH-0027/1/RHUH-0027_1_t2.nii.gz,longitudinal_rhuh_gbm.tar,longitudinal_rhuh_gbm/PKG - RHUH-GBM-nii-v1/RHUH-GBM_nii_v1/RHUH-0027/1/RHUH-0027_1_t2.nii.gz,4903012,8985290d4ac117b965a54376ad636bdbc3e64c2fcf3efc675786e0ff88e7cd40,d899e83b26c572513668e88489a9f0bb,240x240x155,1x1x1,float32,,,match
rhuh,RHUH-0027,1,t1ce,RHUH-0027_1_t1ce.nii.gz,longitudinal_rhuh_gbm/PKG - RHUH-GBM-nii-v1/RHUH-GBM_nii_v1/RHUH-0027/1/RHUH-0027_1_t1ce.nii.gz,longitudinal_rhuh_gbm.tar,longitudinal_rhuh_gbm/PKG - RHUH-GBM-nii-v1/RHUH-GBM_nii_v1/RHUH-0027/1/RHUH-0027_1_t1ce.nii.gz,4919264,afb7851652a9eb5b1dbe61a970ea4acee256cb28cdfd13f420152ae8d4b0eeec,7b71fa2d4c836e30858ffa3c6b4102fd,240x240x155,1x1x1,float32,,,match
rhuh,RHUH-0027,1,t1,RHUH-0027_1_t1.nii.gz,longitudinal_rhuh_gbm/PKG - RHUH-GBM-nii-v1/RHUH-GBM_nii_v1/RHUH-0027/1/RHUH-0027_1_t1.nii.gz,longitudinal_rhuh_gbm.tar,longitudinal_rhuh_gbm/PKG - RHUH-GBM-nii-v1/RHUH-GBM_nii_v1/RHUH-0027/1/RHUH-0027_1_t1.nii.gz,4902509,6bac1fb3e5c6436b805fd1223abafbbc1e0949a1083895ca799e039ce9a036fb,ab50777132507c7c254b41e8ba48a774,240x240x155,1x1x1,float32,,,match
rhuh,RHUH-0027,1,adc,RHUH-0027_1_adc.nii.gz,longitudinal_rhuh_gbm/PKG - RHUH-GBM-nii-v1/RHUH-GBM_nii_v1/RHUH-0027/1/RHUH-0027_1_adc.nii.gz,longitudinal_rhuh_gbm.tar,longitudinal_rhuh_gbm/PKG - RHUH-GBM-nii-v1/RHUH-GBM_nii_v1/RHUH-0027/1/RHUH-0027_1_adc.nii.gz,2279293,eab0ad1470ad7311aee1c85253e9cd5d85e13fa19629f56208b33592e55408fe,e1eea1f978bedbe0908cc7b497172e15,240x240x155,1x1x1,int16,,,match
rhuh,RHUH-0027,1,flair,RHUH-0027_1_flair.nii.gz,longitudinal_rhuh_gbm/PKG - RHUH-GBM-nii-v1/RHUH-GBM_nii_v1/RHUH-0027/1/RHUH-0027_1_flair.nii.gz,longitudinal_rhuh_gbm.tar,longitudinal_rhuh_gbm/PKG - RHUH-GBM-nii-v1/RHUH-GBM_nii_v1/RHUH-0027/1/RHUH-0027_1_flair.nii.gz,4947500,e78b29a09158bd95a41808867101387e7e491c0c352f0ddd8762624e7e6572f0,a5831d439552c6a541d8891f810e8f39,240x240x155,1x1x1,float32,,,match
rhuh,RHUH-0027,1,seg,RHUH-0027_1_segmentations.nii.gz,longitudinal_rhuh_gbm/PKG - RHUH-GBM-nii-v1/RHUH-GBM_nii_v1/RHUH-0027/1/RHUH-0027_1_segmentations.nii.gz,longitudinal_rhuh_gbm.tar,longitudinal_rhuh_gbm/PKG - RHUH-GBM-nii-v1/RHUH-GBM_nii_v1/RHUH-0027/1/RHUH-0027_1_segmentations.nii.gz,27036,5da0c289696c4db2734ef8efeb22c216bb11d08b495c67005598fa3b45417190,e1ec7341f58508a04ada6769c036a6f7,240x240x155,1x1x1,uint16,"0,2,3",,match
rhuh,RHUH-0027,2,t1ce,RHUH-0027_2_t1ce.nii.gz,longitudinal_rhuh_gbm/PKG - RHUH-GBM-nii-v1/RHUH-GBM_nii_v1/RHUH-0027/2/RHUH-0027_2_t1ce.nii.gz,longitudinal_rhuh_gbm.tar,longitudinal_rhuh_gbm/PKG - RHUH-GBM-nii-v1/RHUH-GBM_nii_v1/RHUH-0027/2/RHUH-0027_2_t1ce.nii.gz,4812672,aa6a11ae417ca0c6ded0dfae64b3980b3a29fc43697c894836ce2cc3db4de258,bb16a82572f46b726dcf85eddd025630,240x240x155,1x1x1,float32,,,match
rhuh,RHUH-0027,2,t1,RHUH-0027_2_t1.nii.gz,longitudinal_rhuh_gbm/PKG - RHUH-GBM-nii-v1/RHUH-GBM_nii_v1/RHUH-0027/2/RHUH-0027_2_t1.nii.gz,longitudinal_rhuh_gbm.tar,longitudinal_rhuh_gbm/PKG - RHUH-GBM-nii-v1/RHUH-GBM_nii_v1/RHUH-0027/2/RHUH-0027_2_t1.nii.gz,5183029,90727942d206a24999622e75c644e5f3c2f48663c8be5a751537b9d395eebb0f,e6b35b8bb4fd79e5da5dd2a81cccb30e,240x240x155,1x1x1,float32,,,match
rhuh,RHUH-0027,2,seg,RHUH-0027_2_segmentations.nii.gz,longitudinal_rhuh_gbm/PKG - RHUH-GBM-nii-v1/RHUH-GBM_nii_v1/RHUH-0027/2/RHUH-0027_2_segmentations.nii.gz,longitudinal_rhuh_gbm.tar,longitudinal_rhuh_gbm/PKG - RHUH-GBM-nii-v1/RHUH-GBM_nii_v1/RHUH-0027/2/RHUH-0027_2_segmentations.nii.gz,37230,13e0dfbf7767b5a707c8bd32dee86fae6d3fcf38f60fb69bce627dde1783d1f5,4796715efc9291bfcb53b4344e494e13,240x240x155,1x1x1,uint16,"0,1,2,3",,match
rhuh,RHUH-0027,2,t2,RHUH-0027_2_t2.nii.gz,longitudinal_rhuh_gbm/PKG - RHUH-GBM-nii-v1/RHUH-GBM_nii_v1/RHUH-0027/2/RHUH-0027_2_t2.nii.gz,longitudinal_rhuh_gbm.tar,longitudinal_rhuh_gbm/PKG - RHUH-GBM-nii-v1/RHUH-GBM_nii_v1/RHUH-0027/2/RHUH-0027_2_t2.nii.gz,5034028,5560d20e835fe9f4d13cf1bb42b6049863e8684ea3e68797a420d733bfa10601,59d05ad3bf450eb094c6cb9b1281c453,240x240x155,1x1x1,float32,,,match
rhuh,RHUH-0027,2,adc,RHUH-0027_2_adc.nii.gz,longitudinal_rhuh_gbm/PKG - RHUH-GBM-nii-v1/RHUH-GBM_nii_v1/RHUH-0027/2/RHUH-0027_2_adc.nii.gz,longitudinal_rhuh_gbm.tar,longitudinal_rhuh_gbm/PKG - RHUH-GBM-nii-v1/RHUH-GBM_nii_v1/RHUH-0027/2/RHUH-0027_2_adc.nii.gz,5956015,5684a4d23d69c7f843e93506a8a91c4a32eb0f5abbb254d6c9e4b6c952e6c5f2,6bdc7d187ba529f030b452a750e5dbb2,240x240x155,1x1x1,float64,,,match
rhuh,RHUH-0027,2,flair,RHUH-0027_2_flair.nii.gz,longitudinal_rhuh_gbm/PKG - RHUH-GBM-nii-v1/RHUH-GBM_nii_v1/RHUH-0027/2/RHUH-0027_2_flair.nii.gz,longitudinal_rhuh_gbm.tar,longitudinal_rhuh_gbm/PKG - RHUH-GBM-nii-v1/RHUH-GBM_nii_v1/RHUH-0027/2/RHUH-0027_2_flair.nii.gz,5038538,d6683ab2dc52b49773478d2df6035433515483f8d4b829a050ef51a2d86b34b4,491caf459c953e0c7cf6219567220bee,240x240x155,1x1x1,float32,,,match
rhuh,RHUH-0017,0,t2,RHUH-0017_0_t2.nii.gz,longitudinal_rhuh_gbm/PKG - RHUH-GBM-nii-v1/RHUH-GBM_nii_v1/RHUH-0017/0/RHUH-0017_0_t2.nii.gz,longitudinal_rhuh_gbm.tar,longitudinal_rhuh_gbm/PKG - RHUH-GBM-nii-v1/RHUH-GBM_nii_v1/RHUH-0017/0/RHUH-0017_0_t2.nii.gz,5355771,e4023445c8ef47601430e6d52c91bf307aff10f02a7e0c595a88f04f0d0c58ad,7a42d79ca75e8cae9f69eeece9c0c00d,240x240x155,1x1x1,float32,,,match
rhuh,RHUH-0017,0,flair,RHUH-0017_0_flair.nii.gz,longitudinal_rhuh_gbm/PKG - RHUH-GBM-nii-v1/RHUH-GBM_nii_v1/RHUH-0017/0/RHUH-0017_0_flair.nii.gz,longitudinal_rhuh_gbm.tar,longitudinal_rhuh_gbm/PKG - RHUH-GBM-nii-v1/RHUH-GBM_nii_v1/RHUH-0017/0/RHUH-0017_0_flair.nii.gz,5353865,9171995d6cbe846040e574a0107c3db94e5efd1587d5719a87d2543b41164af8,5c6cae0f4cf3ad40ba2a9de049bf7bc9,240x240x155,1x1x1,float32,,,match
rhuh,RHUH-0017,0,seg,RHUH-0017_0_segmentations.nii.gz,longitudinal_rhuh_gbm/PKG - RHUH-GBM-nii-v1/RHUH-GBM_nii_v1/RHUH-0017/0/RHUH-0017_0_segmentations.nii.gz,longitudinal_rhuh_gbm.tar,longitudinal_rhuh_gbm/PKG - RHUH-GBM-nii-v1/RHUH-GBM_nii_v1/RHUH-0017/0/RHUH-0017_0_segmentations.nii.gz,22038,fd2f75541cdc855cabc525e6adf27f50b4384937711642c7aedf3b0daa2ce585,619f8c7d2b107d6a1dedd14d1759aa2a,240x240x155,1x1x1,uint16,"0,1,2,3",,match
rhuh,RHUH-0017,0,adc,RHUH-0017_0_adc.nii.gz,longitudinal_rhuh_gbm/PKG - RHUH-GBM-nii-v1/RHUH-GBM_nii_v1/RHUH-0017/0/RHUH-0017_0_adc.nii.gz,longitudinal_rhuh_gbm.tar,longitudinal_rhuh_gbm/PKG - RHUH-GBM-nii-v1/RHUH-GBM_nii_v1/RHUH-0017/0/RHUH-0017_0_adc.nii.gz,2374737,a1f45e91a0d41f524ae325a181af4c8a62c422f3b8f689aa8c2a7078ae020deb,ec2ba05ff098185aeb9e2418441783b7,240x240x155,1x1x1,int16,,,match
rhuh,RHUH-0017,0,t1,RHUH-0017_0_t1.nii.gz,longitudinal_rhuh_gbm/PKG - RHUH-GBM-nii-v1/RHUH-GBM_nii_v1/RHUH-0017/0/RHUH-0017_0_t1.nii.gz,longitudinal_rhuh_gbm.tar,longitudinal_rhuh_gbm/PKG - RHUH-GBM-nii-v1/RHUH-GBM_nii_v1/RHUH-0017/0/RHUH-0017_0_t1.nii.gz,5330994,570175d0d9ce43e3856f1ee3ff5ae5fcce112b3748980f6f172fef533485f1da,a54fe250008b109a009a57365649bc9f,240x240x155,1x1x1,float32,,,match
rhuh,RHUH-0017,0,t1ce,RHUH-0017_0_t1ce.nii.gz,longitudinal_rhuh_gbm/PKG - RHUH-GBM-nii-v1/RHUH-GBM_nii_v1/RHUH-0017/0/RHUH-0017_0_t1ce.nii.gz,longitudinal_rhuh_gbm.tar,longitudinal_rhuh_gbm/PKG - RHUH-GBM-nii-v1/RHUH-GBM_nii_v1/RHUH-0017/0/RHUH-0017_0_t1ce.nii.gz,5356778,c20b58967c7091b8d1e35a4e88df3f2fc4023978dee9278240e39e2ea9bebc39,c2bc2dcb76b029259ce60b8d21a3b54b,240x240x155,1x1x1,float32,,,match
rhuh,RHUH-0017,1,t1,RHUH-0017_1_t1.nii.gz,longitudinal_rhuh_gbm/PKG - RHUH-GBM-nii-v1/RHUH-GBM_nii_v1/RHUH-0017/1/RHUH-0017_1_t1.nii.gz,longitudinal_rhuh_gbm.tar,longitudinal_rhuh_gbm/PKG - RHUH-GBM-nii-v1/RHUH-GBM_nii_v1/RHUH-0017/1/RHUH-0017_1_t1.nii.gz,5414955,e84d32f23d944d7735430c33c7e5d2a344a0faf63030a60590ee3d5d7c8e09c4,0c4cd2bdf1414d34c480278514c81df8,240x240x155,1x1x1,float32,,,match
rhuh,RHUH-0017,1,t2,RHUH-0017_1_t2.nii.gz,longitudinal_rhuh_gbm/PKG - RHUH-GBM-nii-v1/RHUH-GBM_nii_v1/RHUH-0017/1/RHUH-0017_1_t2.nii.gz,longitudinal_rhuh_gbm.tar,longitudinal_rhuh_gbm/PKG - RHUH-GBM-nii-v1/RHUH-GBM_nii_v1/RHUH-0017/1/RHUH-0017_1_t2.nii.gz,5409424,a4416bb8758ef4f9f78ac8176f6239b7317b572b203f230a8b7201e71e47d632,249ff87e0cdb1329476381e5e6774d31,240x240x155,1x1x1,float32,,,match
rhuh,RHUH-0017,1,adc,RHUH-0017_1_adc.nii.gz,longitudinal_rhuh_gbm/PKG - RHUH-GBM-nii-v1/RHUH-GBM_nii_v1/RHUH-0017/1/RHUH-0017_1_adc.nii.gz,longitudinal_rhuh_gbm.tar,longitudinal_rhuh_gbm/PKG - RHUH-GBM-nii-v1/RHUH-GBM_nii_v1/RHUH-0017/1/RHUH-0017_1_adc.nii.gz,2395367,98bcb6bc0127ff685f7fc69305aa044bd3eb43894ff9157f2705b34dc56e3611,9f25efa76bbaa39fdb6136d64fa9b63e,240x240x155,1x1x1,int16,,,match
rhuh,RHUH-0017,1,t1ce,RHUH-0017_1_t1ce.nii.gz,longitudinal_rhuh_gbm/PKG - RHUH-GBM-nii-v1/RHUH-GBM_nii_v1/RHUH-0017/1/RHUH-0017_1_t1ce.nii.gz,longitudinal_rhuh_gbm.tar,longitudinal_rhuh_gbm/PKG - RHUH-GBM-nii-v1/RHUH-GBM_nii_v1/RHUH-0017/1/RHUH-0017_1_t1ce.nii.gz,5414530,8760fe30bfb11f5795d1b7c7608d075ff357ca3c0483802e87513db4c90137ac,5c260b2423cb2ea034c9c1ad60399ce0,240x240x155,1x1x1,float32,,,match
rhuh,RHUH-0017,1,seg,RHUH-0017_1_segmentations.nii.gz,longitudinal_rhuh_gbm/PKG - RHUH-GBM-nii-v1/RHUH-GBM_nii_v1/RHUH-0017/1/RHUH-0017_1_segmentations.nii.gz,longitudinal_rhuh_gbm.tar,longitudinal_rhuh_gbm/PKG - RHUH-GBM-nii-v1/RHUH-GBM_nii_v1/RHUH-0017/1/RHUH-0017_1_segmentations.nii.gz,18367,4b4aab99877d83a8ace39992c94020bc73e5377ad01efe6460df3a180872d99b,1282883fca61a8accba88c77a8ddc3f1,240x240x155,1x1x1,uint16,"0,2,3",,match
rhuh,RHUH-0017,1,flair,RHUH-0017_1_flair.nii.gz,longitudinal_rhuh_gbm/PKG - RHUH-GBM-nii-v1/RHUH-GBM_nii_v1/RHUH-0017/1/RHUH-0017_1_flair.nii.gz,longitudinal_rhuh_gbm.tar,longitudinal_rhuh_gbm/PKG - RHUH-GBM-nii-v1/RHUH-GBM_nii_v1/RHUH-0017/1/RHUH-0017_1_flair.nii.gz,5450419,83df2b91d5be3a99d4932808e42ba18fce2d9884177b86dde27e5cdc51e92277,05b6691dc0c54da16d8bf2a8800e6ddf,240x240x155,1x1x1,float32,,,match
rhuh,RHUH-0017,2,t1ce,RHUH-0017_2_t1ce.nii.gz,longitudinal_rhuh_gbm/PKG - RHUH-GBM-nii-v1/RHUH-GBM_nii_v1/RHUH-0017/2/RHUH-0017_2_t1ce.nii.gz,longitudinal_rhuh_gbm.tar,longitudinal_rhuh_gbm/PKG - RHUH-GBM-nii-v1/RHUH-GBM_nii_v1/RHUH-0017/2/RHUH-0017_2_t1ce.nii.gz,5599353,926cc03485ca0ad6b8f425d1d10113e5f9aaf1c5c0e26b28ded9ce1e3ad449c3,a0be3c9d953901e04158f7bae29425bc,240x240x155,1x1x1,float32,,,match
rhuh,RHUH-0017,2,flair,RHUH-0017_2_flair.nii.gz,longitudinal_rhuh_gbm/PKG - RHUH-GBM-nii-v1/RHUH-GBM_nii_v1/RHUH-0017/2/RHUH-0017_2_flair.nii.gz,longitudinal_rhuh_gbm.tar,longitudinal_rhuh_gbm/PKG - RHUH-GBM-nii-v1/RHUH-GBM_nii_v1/RHUH-0017/2/RHUH-0017_2_flair.nii.gz,5510865,ceb63424013613b1d81d91bc976764549b2f19cf3bbe3ae28850bf53dd602051,01bcc2059a2e8f0f28f875f5fec85186,240x240x155,1x1x1,float32,,,match
rhuh,RHUH-0017,2,t2,RHUH-0017_2_t2.nii.gz,longitudinal_rhuh_gbm/PKG - RHUH-GBM-nii-v1/RHUH-GBM_nii_v1/RHUH-0017/2/RHUH-0017_2_t2.nii.gz,longitudinal_rhuh_gbm.tar,longitudinal_rhuh_gbm/PKG - RHUH-GBM-nii-v1/RHUH-GBM_nii_v1/RHUH-0017/2/RHUH-0017_2_t2.nii.gz,5535838,73869c076919cdf71f29e2b68cac514602ff009fe94e609ccae8598681cefe76,885c52043ab6973cc9ca6f3aee5dc20c,240x240x155,1x1x1,float32,,,match
rhuh,RHUH-0017,2,adc,RHUH-0017_2_adc.nii.gz,longitudinal_rhuh_gbm/PKG - RHUH-GBM-nii-v1/RHUH-GBM_nii_v1/RHUH-0017/2/RHUH-0017_2_adc.nii.gz,longitudinal_rhuh_gbm.tar,longitudinal_rhuh_gbm/PKG - RHUH-GBM-nii-v1/RHUH-GBM_nii_v1/RHUH-0017/2/RHUH-0017_2_adc.nii.gz,2618818,c5f974730d95c0fff14de6f7385b8abd4c25b75ca84883b4b9a7cd94be44e389,a411f30267b31709da2d524cf2cf0c3a,240x240x155,1x1x1,int16,,,match
rhuh,RHUH-0017,2,seg,RHUH-0017_2_segmentations.nii.gz,longitudinal_rhuh_gbm/PKG - RHUH-GBM-nii-v1/RHUH-GBM_nii_v1/RHUH-0017/2/RHUH-0017_2_segmentations.nii.gz,longitudinal_rhuh_gbm.tar,longitudinal_rhuh_gbm/PKG - RHUH-GBM-nii-v1/RHUH-GBM_nii_v1/RHUH-0017/2/RHUH-0017_2_segmentations.nii.gz,26531,0f7900fae20145eae23a49f67922ed96d0de1ac58043edc8a019a7c1ffc1d358,5487feca454d5febc988eedb05eb40e3,240x240x155,1x1x1,uint16,"0,1,2,3",,match
rhuh,RHUH-0017,2,t1,RHUH-0017_2_t1.nii.gz,longitudinal_rhuh_gbm/PKG - RHUH-GBM-nii-v1/RHUH-GBM_nii_v1/RHUH-0017/2/RHUH-0017_2_t1.nii.gz,longitudinal_rhuh_gbm.tar,longitudinal_rhuh_gbm/PKG - RHUH-GBM-nii-v1/RHUH-GBM_nii_v1/RHUH-0017/2/RHUH-0017_2_t1.nii.gz,5530589,e808af0b6434d2493c61248901baa5263527cc6e5c97e4c220893e471a742916,f7cc409824669b4303b714d4fb182103,240x240x155,1x1x1,float32,,,match
rhuh,RHUH-0002,0,t1,RHUH-0002_0_t1.nii.gz,longitudinal_rhuh_gbm/PKG - RHUH-GBM-nii-v1/RHUH-GBM_nii_v1/RHUH-0002/0/RHUH-0002_0_t1.nii.gz,longitudinal_rhuh_gbm.tar,longitudinal_rhuh_gbm/PKG - RHUH-GBM-nii-v1/RHUH-GBM_nii_v1/RHUH-0002/0/RHUH-0002_0_t1.nii.gz,4713129,69c83e4efa29c5696082a58bcdcec75a6c34861b26ebbe2248d691b64e5b7558,4b96ff4590cb4b81b0bf008c42849e03,240x240x155,1x1x1,float32,,,match
rhuh,RHUH-0002,0,t1ce,RHUH-0002_0_t1ce.nii.gz,longitudinal_rhuh_gbm/PKG - RHUH-GBM-nii-v1/RHUH-GBM_nii_v1/RHUH-0002/0/RHUH-0002_0_t1ce.nii.gz,longitudinal_rhuh_gbm.tar,longitudinal_rhuh_gbm/PKG - RHUH-GBM-nii-v1/RHUH-GBM_nii_v1/RHUH-0002/0/RHUH-0002_0_t1ce.nii.gz,4737625,ba49d6d333acd6d77058da4b37c1fa70b77142e0b246cf7717bc52567729e79a,2852c09a73a29d6aeedb25321b8f61a8,240x240x155,1x1x1,float32,,,match
rhuh,RHUH-0002,0,adc,RHUH-0002_0_adc.nii.gz,longitudinal_rhuh_gbm/PKG - RHUH-GBM-nii-v1/RHUH-GBM_nii_v1/RHUH-0002/0/RHUH-0002_0_adc.nii.gz,longitudinal_rhuh_gbm.tar,longitudinal_rhuh_gbm/PKG - RHUH-GBM-nii-v1/RHUH-GBM_nii_v1/RHUH-0002/0/RHUH-0002_0_adc.nii.gz,2168301,eb85d44eb8ff114638349aed169ab86921daf259eba906d4f895a485122186d5,bbd1a03216029faaa273f6541671432a,240x240x155,1x1x1,int16,,,match
rhuh,RHUH-0002,0,t2,RHUH-0002_0_t2.nii.gz,longitudinal_rhuh_gbm/PKG - RHUH-GBM-nii-v1/RHUH-GBM_nii_v1/RHUH-0002/0/RHUH-0002_0_t2.nii.gz,longitudinal_rhuh_gbm.tar,longitudinal_rhuh_gbm/PKG - RHUH-GBM-nii-v1/RHUH-GBM_nii_v1/RHUH-0002/0/RHUH-0002_0_t2.nii.gz,4698451,0fd36115b47189942c9a471bbb967bdaf12bcbc19a5ddea402cf59133c4afc1f,12b33acec176fc155cdbd7d36794bf85,240x240x155,1x1x1,float32,,,match
rhuh,RHUH-0002,0,seg,RHUH-0002_0_segmentations.nii.gz,longitudinal_rhuh_gbm/PKG - RHUH-GBM-nii-v1/RHUH-GBM_nii_v1/RHUH-0002/0/RHUH-0002_0_segmentations.nii.gz,longitudinal_rhuh_gbm.tar,longitudinal_rhuh_gbm/PKG - RHUH-GBM-nii-v1/RHUH-GBM_nii_v1/RHUH-0002/0/RHUH-0002_0_segmentations.nii.gz,22674,33641448213976a68e51d67dd9710a1f6d79bec321b1ba19e977abcb46d08e27,6c5850958fbc03878acf11ee45ea9bdd,240x240x155,1x1x1,uint16,"0,1,2,3",,match
rhuh,RHUH-0002,0,flair,RHUH-0002_0_flair.nii.gz,longitudinal_rhuh_gbm/PKG - RHUH-GBM-nii-v1/RHUH-GBM_nii_v1/RHUH-0002/0/RHUH-0002_0_flair.nii.gz,longitudinal_rhuh_gbm.tar,longitudinal_rhuh_gbm/PKG - RHUH-GBM-nii-v1/RHUH-GBM_nii_v1/RHUH-0002/0/RHUH-0002_0_flair.nii.gz,4724832,dc8397c4129a0aa44b47f7d665447120fefadb7aba1f12aada64c246fffd68ca,da81bd5d329ba66ba382159d33e15676,240x240x155,1x1x1,float32,,,match
rhuh,RHUH-0002,1,seg,RHUH-0002_1_segmentations.nii.gz,longitudinal_rhuh_gbm/PKG - RHUH-GBM-nii-v1/RHUH-GBM_nii_v1/RHUH-0002/1/RHUH-0002_1_segmentations.nii.gz,longitudinal_rhuh_gbm.tar,longitudinal_rhuh_gbm/PKG - RHUH-GBM-nii-v1/RHUH-GBM_nii_v1/RHUH-0002/1/RHUH-0002_1_segmentations.nii.gz,19360,1ac8efd7212774801aacac875afca64ffbfc3606f0d1b6cd5b0a0ee6d288941d,fa9fb42178f4bc4f8eb6da5b31c4b8e2,240x240x155,1x1x1,uint16,"0,2",,match
rhuh,RHUH-0002,1,t2,RHUH-0002_1_t2.nii.gz,longitudinal_rhuh_gbm/PKG - RHUH-GBM-nii-v1/RHUH-GBM_nii_v1/RHUH-0002/1/RHUH-0002_1_t2.nii.gz,longitudinal_rhuh_gbm.tar,longitudinal_rhuh_gbm/PKG - RHUH-GBM-nii-v1/RHUH-GBM_nii_v1/RHUH-0002/1/RHUH-0002_1_t2.nii.gz,4688899,cc4329fbbc74c3e0acc6cb8bdeab8d57f3ecbd32f102f5d740683a5462017902,9801a3ecd555644128388722950cfe2a,240x240x155,1x1x1,float32,,,match
rhuh,RHUH-0002,1,adc,RHUH-0002_1_adc.nii.gz,longitudinal_rhuh_gbm/PKG - RHUH-GBM-nii-v1/RHUH-GBM_nii_v1/RHUH-0002/1/RHUH-0002_1_adc.nii.gz,longitudinal_rhuh_gbm.tar,longitudinal_rhuh_gbm/PKG - RHUH-GBM-nii-v1/RHUH-GBM_nii_v1/RHUH-0002/1/RHUH-0002_1_adc.nii.gz,2166787,0388abe2373914688291f5b9d6285a7ed7028a0fab8a6bc7d72d2e1be0e8359f,58783f6f8bd86841cc128f4c97baa12d,240x240x155,1x1x1,int16,,,match
rhuh,RHUH-0002,1,flair,RHUH-0002_1_flair.nii.gz,longitudinal_rhuh_gbm/PKG - RHUH-GBM-nii-v1/RHUH-GBM_nii_v1/RHUH-0002/1/RHUH-0002_1_flair.nii.gz,longitudinal_rhuh_gbm.tar,longitudinal_rhuh_gbm/PKG - RHUH-GBM-nii-v1/RHUH-GBM_nii_v1/RHUH-0002/1/RHUH-0002_1_flair.nii.gz,4742423,7245e5d46a18d0aea22b0b4cb56ec03f1bc27fc16b08c66f057f234744b68dee,7918ddb2f50e8e0f7111bf57fa791a85,240x240x155,1x1x1,float32,,,match
rhuh,RHUH-0002,1,t1,RHUH-0002_1_t1.nii.gz,longitudinal_rhuh_gbm/PKG - RHUH-GBM-nii-v1/RHUH-GBM_nii_v1/RHUH-0002/1/RHUH-0002_1_t1.nii.gz,longitudinal_rhuh_gbm.tar,longitudinal_rhuh_gbm/PKG - RHUH-GBM-nii-v1/RHUH-GBM_nii_v1/RHUH-0002/1/RHUH-0002_1_t1.nii.gz,4723393,f4809b47e8bded57e02319f9d1f183be689b2d4190b774bc05dccd28ff19a72e,173078b1672f9250975142274c51557f,240x240x155,1x1x1,float32,,,match
rhuh,RHUH-0002,1,t1ce,RHUH-0002_1_t1ce.nii.gz,longitudinal_rhuh_gbm/PKG - RHUH-GBM-nii-v1/RHUH-GBM_nii_v1/RHUH-0002/1/RHUH-0002_1_t1ce.nii.gz,longitudinal_rhuh_gbm.tar,longitudinal_rhuh_gbm/PKG - RHUH-GBM-nii-v1/RHUH-GBM_nii_v1/RHUH-0002/1/RHUH-0002_1_t1ce.nii.gz,4737176,c99caa3cebf329014d6873dfe174409ef614ba057cacdd00b220e4ea723df35a,fbd4cba2af5757f3f9617abe2f6ec419,240x240x155,1x1x1,float32,,,match
rhuh,RHUH-0002,2,t1ce,RHUH-0002_2_t1ce.nii.gz,longitudinal_rhuh_gbm/PKG - RHUH-GBM-nii-v1/RHUH-GBM_nii_v1/RHUH-0002/2/RHUH-0002_2_t1ce.nii.gz,longitudinal_rhuh_gbm.tar,longitudinal_rhuh_gbm/PKG - RHUH-GBM-nii-v1/RHUH-GBM_nii_v1/RHUH-0002/2/RHUH-0002_2_t1ce.nii.gz,4875421,473060611da55d13f273ae88a9fbbdc7a0def5c55cde965e3e06de73bdf0c53f,e8796966139d056de6731fecdd6d1159,240x240x155,1x1x1,float32,,,match
rhuh,RHUH-0002,2,adc,RHUH-0002_2_adc.nii.gz,longitudinal_rhuh_gbm/PKG - RHUH-GBM-nii-v1/RHUH-GBM_nii_v1/RHUH-0002/2/RHUH-0002_2_adc.nii.gz,longitudinal_rhuh_gbm.tar,longitudinal_rhuh_gbm/PKG - RHUH-GBM-nii-v1/RHUH-GBM_nii_v1/RHUH-0002/2/RHUH-0002_2_adc.nii.gz,2393241,f458caf440809617908197800aaa4413db02effa54af98a945ed0a4492cc1f07,4cd555139a4a7ca9bcf3d3c1d7ccd0c5,240x240x155,1x1x1,int16,,,match
rhuh,RHUH-0002,2,t2,RHUH-0002_2_t2.nii.gz,longitudinal_rhuh_gbm/PKG - RHUH-GBM-nii-v1/RHUH-GBM_nii_v1/RHUH-0002/2/RHUH-0002_2_t2.nii.gz,longitudinal_rhuh_gbm.tar,longitudinal_rhuh_gbm/PKG - RHUH-GBM-nii-v1/RHUH-GBM_nii_v1/RHUH-0002/2/RHUH-0002_2_t2.nii.gz,4799224,0aeb97bc823f658729e1d78d759822db580ada4e384bcc36852297f50ce8a8e3,844d41d62ee7ecd8b5c4f1c7a2d6eb97,240x240x155,1x1x1,float32,,,match
rhuh,RHUH-0002,2,flair,RHUH-0002_2_flair.nii.gz,longitudinal_rhuh_gbm/PKG - RHUH-GBM-nii-v1/RHUH-GBM_nii_v1/RHUH-0002/2/RHUH-0002_2_flair.nii.gz,longitudinal_rhuh_gbm.tar,longitudinal_rhuh_gbm/PKG - RHUH-GBM-nii-v1/RHUH-GBM_nii_v1/RHUH-0002/2/RHUH-0002_2_flair.nii.gz,4787879,def8299ff3131c0724fac63477f81299e5acfba101691a07a17aed47bd906b5f,394cffc85f113b57f28604c58497e483,240x240x155,1x1x1,float32,,,match
rhuh,RHUH-0002,2,seg,RHUH-0002_2_segmentations.nii.gz,longitudinal_rhuh_gbm/PKG - RHUH-GBM-nii-v1/RHUH-GBM_nii_v1/RHUH-0002/2/RHUH-0002_2_segmentations.nii.gz,longitudinal_rhuh_gbm.tar,longitudinal_rhuh_gbm/PKG - RHUH-GBM-nii-v1/RHUH-GBM_nii_v1/RHUH-0002/2/RHUH-0002_2_segmentations.nii.gz,21207,11890fd1c6d2ee78ecd7bfe0951ab91a22f96a1007795e8763531f1be85b4d5c,aefe4e5d6e8ba835f032747df322fb39,240x240x155,1x1x1,uint16,"0,1,2,3",,match
rhuh,RHUH-0002,2,t1,RHUH-0002_2_t1.nii.gz,longitudinal_rhuh_gbm/PKG - RHUH-GBM-nii-v1/RHUH-GBM_nii_v1/RHUH-0002/2/RHUH-0002_2_t1.nii.gz,longitudinal_rhuh_gbm.tar,longitudinal_rhuh_gbm/PKG - RHUH-GBM-nii-v1/RHUH-GBM_nii_v1/RHUH-0002/2/RHUH-0002_2_t1.nii.gz,4807086,7c4987409bec2d3b23b6ec6faa27272b220e3d433b3e15566c705e35196e0b57,8bfdb1046f52a58f9cd8e766ea08f184,240x240x155,1x1x1,float32,,,match
rhuh,,,metadata,clinical_data_TCIA_RHUH-GBM.csv,,,longitudinal_rhuh_gbm/clinical_data_TCIA_RHUH-GBM.csv,7087,32d638906d34aaf8f66f5ec41c53c044216aed73bac22c776fb399bf2f741728,5135a756ad5e828fbb58a4d131acc243,,,,,,
